<?xml version="1.0" encoding="UTF-8"?>
<!DOCTYPE properties SYSTEM "http://java.sun.com/dtd/properties.dtd">
<properties>
    <entry key="database.user"></entry>
    <entry key="database.password"></entry>
    <entry key="database.host">jdbc:derby:/path/to/derby/database/</entry>
    <entry key="database.name">dbSNP137</entry> 
    <entry key="database.driver">org.apache.derby.jdbc.EmbeddedDriver</entry>

    <!-- Table names of derby database. Requires in general no adaptation. -->
    <entry key="database.hgvs_view">hgvs</entry>
    <entry key="database.PSM">PSM</entry>
    <entry key="database.uniprot">uniprot</entry>
    <entry key="database.transcript">transcripts</entry>
    <entry key="database.geneTable">genes</entry> 
    <entry key="database.gene2pubmed">gene2Pubmed</entry> 

</properties>
