{"anncomplete":true,"sources":[{"name":"ORIG","id":"PMC3017602","url":"http://www.ncbi.nlm.nih.gov/pmc/articles/PMC3017602/"},{"name":"PMID","id":"20843780","url":"http://www.ncbi.nlm.nih.gov/pubmed/20843780"}],"entities":[{"classId":"e_1","part":"s2p1","offsets":[{"start":1024,"text":"POLG"}],"confidence":{"state":"","who":["user:sanjeevkrn"],"prob":1},"fields":{},"normalizations":{}},{"classId":"e_1","part":"s2p1","offsets":[{"start":1130,"text":"mitochondrial topoisomerase"}],"confidence":{"state":"","who":["user:sanjeevkrn"],"prob":1},"fields":{},"normalizations":{}},{"classId":"e_1","part":"s2p1","offsets":[{"start":1158,"text":"TOP1MT"}],"confidence":{"state":"","who":["user:sanjeevkrn"],"prob":1},"fields":{},"normalizations":{}},{"classId":"e_1","part":"s2p1","offsets":[{"start":1193,"text":"MUTYH"}],"confidence":{"state":"","who":["user:sanjeevkrn"],"prob":1},"fields":{},"normalizations":{}},{"classId":"e_1","part":"s2p1","offsets":[{"start":1208,"text":"apurinic-apyrimidinic endonuclease"}],"confidence":{"state":"","who":["user:sanjeevkrn"],"prob":1},"fields":{},"normalizations":{}},{"classId":"e_1","part":"s2p1","offsets":[{"start":1243,"text":"APEX2"}],"confidence":{"state":"","who":["user:sanjeevkrn"],"prob":1},"fields":{},"normalizations":{}},{"classId":"e_3","part":"s3p1","offsets":[{"start":178,"text":"human"}],"confidence":{"state":"","who":["user:sanjeevkrn"],"prob":1},"fields":{},"normalizations":{}},{"classId":"e_3","part":"s4s1p1","offsets":[{"start":93,"text":"human"}],"confidence":{"state":"","who":["user:sanjeevkrn"],"prob":1},"fields":{},"normalizations":{}},{"classId":"e_2","part":"s5s5p2","offsets":[{"start":268,"text":"rs11085147"}],"confidence":{"state":"","who":["user:sanjeevkrn"],"prob":1},"fields":{},"normalizations":{}},{"classId":"e_2","part":"s5s5p2","offsets":[{"start":367,"text":"rs495935"}],"confidence":{"state":"","who":["user:sanjeevkrn"],"prob":1},"fields":{},"normalizations":{}},{"classId":"e_2","part":"s5s6p1","offsets":[{"start":164,"text":"rs33964928"}],"confidence":{"state":"","who":["user:sanjeevkrn"],"prob":1},"fields":{},"normalizations":{}},{"classId":"e_2","part":"s5s6p1","offsets":[{"start":231,"text":"rs10568542"}],"confidence":{"state":"","who":["user:sanjeevkrn"],"prob":1},"fields":{},"normalizations":{}},{"classId":"e_1","part":"s5s7p2","offsets":[{"start":86,"text":"POLG"}],"confidence":{"state":"","who":["user:sanjeevkrn"],"prob":1},"fields":{},"normalizations":{}},{"classId":"e_2","part":"s5s7p2","offsets":[{"start":396,"text":"p.A467T"}],"confidence":{"state":"","who":["user:sanjeevkrn"],"prob":1},"fields":{},"normalizations":{}},{"classId":"e_2","part":"s5s7p2","offsets":[{"start":409,"text":"p.R627Q"}],"confidence":{"state":"","who":["user:sanjeevkrn"],"prob":1},"fields":{},"normalizations":{}},{"classId":"e_2","part":"s5s7p2","offsets":[{"start":509,"text":"p.R627Q"}],"confidence":{"state":"","who":["user:sanjeevkrn"],"prob":1},"fields":{},"normalizations":{}},{"classId":"e_2","part":"s5s7p2","offsets":[{"start":682,"text":"p.R627Q"}],"confidence":{"state":"","who":["user:sanjeevkrn"],"prob":1},"fields":{},"normalizations":{}},{"classId":"e_2","part":"s5s7p2","offsets":[{"start":887,"text":"p.R1096H"}],"confidence":{"state":"","who":["user:sanjeevkrn"],"prob":1},"fields":{},"normalizations":{}},{"classId":"e_1","part":"s5s7p2","offsets":[{"start":1248,"text":"POLG"}],"confidence":{"state":"","who":["user:sanjeevkrn"],"prob":1},"fields":{},"normalizations":{}},{"classId":"e_2","part":"s5s7p2","offsets":[{"start":1278,"text":"p.A467T"}],"confidence":{"state":"","who":["user:sanjeevkrn"],"prob":1},"fields":{},"normalizations":{}},{"classId":"e_1","part":"s5s7p2","offsets":[{"start":1312,"text":"POLG"}],"confidence":{"state":"","who":["user:sanjeevkrn"],"prob":1},"fields":{},"normalizations":{}},{"classId":"e_2","part":"s5s7p2","offsets":[{"start":1570,"text":"p.R1146C"}],"confidence":{"state":"","who":["user:sanjeevkrn"],"prob":1},"fields":{},"normalizations":{}},{"classId":"e_2","part":"s5s7p2","offsets":[{"start":1613,"text":"rs2307440"}],"confidence":{"state":"","who":["user:sanjeevkrn"],"prob":1},"fields":{},"normalizations":{}},{"classId":"e_2","part":"s5s7p2","offsets":[{"start":1857,"text":"p.R1146C"}],"confidence":{"state":"","who":["user:sanjeevkrn"],"prob":1},"fields":{},"normalizations":{}},{"classId":"e_1","part":"s5s7p2","offsets":[{"start":1944,"text":"POLG"}],"confidence":{"state":"","who":["user:sanjeevkrn"],"prob":1},"fields":{},"normalizations":{}},{"classId":"e_2","part":"s5s7p2","offsets":[{"start":2024,"text":"p.Y282D"}],"confidence":{"state":"","who":["user:sanjeevkrn"],"prob":1},"fields":{},"normalizations":{}},{"classId":"e_1","part":"s5s7p2","offsets":[{"start":2128,"text":"TYMP"}],"confidence":{"state":"","who":["user:sanjeevkrn"],"prob":1},"fields":{},"normalizations":{}},{"classId":"e_2","part":"s5s7p2","offsets":[{"start":2149,"text":"p.A465T"}],"confidence":{"state":"","who":["user:sanjeevkrn"],"prob":1},"fields":{},"normalizations":{}},{"classId":"e_1","part":"s5s7p2","offsets":[{"start":2221,"text":"thymidine phosphorylase"}],"confidence":{"state":"","who":["user:sanjeevkrn"],"prob":1},"fields":{},"normalizations":{}},{"classId":"e_1","part":"s5s7p2","offsets":[{"start":2410,"text":"C10orf2"}],"confidence":{"state":"","who":["user:sanjeevkrn"],"prob":1},"fields":{},"normalizations":{}},{"classId":"e_2","part":"s5s7p2","offsets":[{"start":2434,"text":"p.V368I"}],"confidence":{"state":"","who":["user:sanjeevkrn"],"prob":1},"fields":{},"normalizations":{}},{"classId":"e_2","part":"s5s7p2","offsets":[{"start":2504,"text":"rs2307440"}],"confidence":{"state":"","who":["user:sanjeevkrn"],"prob":1},"fields":{},"normalizations":{}},{"classId":"e_1","part":"s5s7p2","offsets":[{"start":2663,"text":"SUCLA2"}],"confidence":{"state":"","who":["user:sanjeevkrn"],"prob":1},"fields":{},"normalizations":{}},{"classId":"e_2","part":"s5s7p2","offsets":[{"start":2706,"text":"p.R17G"}],"confidence":{"state":"","who":["user:sanjeevkrn"],"prob":1},"fields":{},"normalizations":{}},{"classId":"e_1","part":"s5s7p2","offsets":[{"start":3326,"text":"POLG2"}],"confidence":{"state":"","who":["user:sanjeevkrn"],"prob":1},"fields":{},"normalizations":{}},{"classId":"e_2","part":"s5s7p2","offsets":[{"start":3348,"text":"p.G416A"}],"confidence":{"state":"","who":["user:sanjeevkrn"],"prob":1},"fields":{},"normalizations":{}},{"classId":"e_2","part":"s5s7p2","offsets":[{"start":3418,"text":"rs17850455"}],"confidence":{"state":"","who":["user:sanjeevkrn"],"prob":1},"fields":{},"normalizations":{}},{"classId":"e_1","part":"s5s7p2","offsets":[{"start":3663,"text":"GFM1"}],"confidence":{"state":"","who":["user:sanjeevkrn"],"prob":1},"fields":{},"normalizations":{}},{"classId":"e_2","part":"s5s7p2","offsets":[{"start":3758,"text":"p.N43D"}],"confidence":{"state":"","who":["user:sanjeevkrn"],"prob":1},"fields":{},"normalizations":{}},{"classId":"e_2","part":"s5s7p2","offsets":[{"start":3809,"text":"rs35942089"}],"confidence":{"state":"","who":["user:sanjeevkrn"],"prob":1},"fields":{},"normalizations":{}},{"classId":"e_1","part":"s5s7p2","offsets":[{"start":3852,"text":"MUTYH"}],"confidence":{"state":"","who":["user:sanjeevkrn"],"prob":1},"fields":{},"normalizations":{}},{"classId":"e_2","part":"s5s7p2","offsets":[{"start":3986,"text":"p.E364D"}],"confidence":{"state":"","who":["user:sanjeevkrn"],"prob":1},"fields":{},"normalizations":{}},{"classId":"e_2","part":"s5s7p2","offsets":[{"start":4002,"text":"GAA-GAC"}],"confidence":{"state":"","who":["user:sanjeevkrn"],"prob":1},"fields":{},"normalizations":{}},{"classId":"e_2","part":"s5s7p2","offsets":[{"start":4080,"text":"p.E364Dfs393X"}],"confidence":{"state":"","who":["user:sanjeevkrn"],"prob":1},"fields":{},"normalizations":{}},{"classId":"e_1","part":"s5s7p2","offsets":[{"start":4255,"text":"MUTYH"}],"confidence":{"state":"","who":["user:sanjeevkrn"],"prob":1},"fields":{},"normalizations":{}},{"classId":"e_2","part":"s5s7p2","offsets":[{"start":4270,"text":"p.S501F"}],"confidence":{"state":"","who":["user:sanjeevkrn"],"prob":1},"fields":{},"normalizations":{}},{"classId":"e_2","part":"s5s7p2","offsets":[{"start":4392,"text":"p.Q324H"}],"confidence":{"state":"","who":["user:sanjeevkrn"],"prob":1},"fields":{},"normalizations":{}},{"classId":"e_2","part":"s5s7p2","offsets":[{"start":4401,"text":"rs3219489"}],"confidence":{"state":"","who":["user:sanjeevkrn"],"prob":1},"fields":{},"normalizations":{}},{"classId":"e_1","part":"s5s7f1p1","offsets":[{"start":940,"text":"C10Orf2"}],"confidence":{"state":"","who":["user:sanjeevkrn"],"prob":1},"fields":{},"normalizations":{}},{"classId":"e_1","part":"s5s7f1p1","offsets":[{"start":949,"text":"OPA1"}],"confidence":{"state":"","who":["user:sanjeevkrn"],"prob":1},"fields":{},"normalizations":{}},{"classId":"e_1","part":"s5s7f1p1","offsets":[{"start":955,"text":"POLG"}],"confidence":{"state":"","who":["user:sanjeevkrn"],"prob":1},"fields":{},"normalizations":{}},{"classId":"e_1","part":"s5s7f1p1","offsets":[{"start":961,"text":"SLC25A4"}],"confidence":{"state":"","who":["user:sanjeevkrn"],"prob":1},"fields":{},"normalizations":{}},{"classId":"e_1","part":"s5s7f1p1","offsets":[{"start":1083,"text":"POLG"}],"confidence":{"state":"","who":["user:sanjeevkrn"],"prob":1},"fields":{},"normalizations":{}},{"classId":"e_1","part":"s5s7f1p1","offsets":[{"start":1089,"text":"APEX2"}],"confidence":{"state":"","who":["user:sanjeevkrn"],"prob":1},"fields":{},"normalizations":{}},{"classId":"e_1","part":"s5s7f1p1","offsets":[{"start":1096,"text":"MUTYH"}],"confidence":{"state":"","who":["user:sanjeevkrn"],"prob":1},"fields":{},"normalizations":{}},{"classId":"e_1","part":"s5s7f1p1","offsets":[{"start":1103,"text":"TOP1MT"}],"confidence":{"state":"","who":["user:sanjeevkrn"],"prob":1},"fields":{},"normalizations":{}},{"classId":"e_2","part":"s5s7p3","offsets":[{"start":91,"text":"p.I163T"}],"confidence":{"state":"","who":["user:sanjeevkrn"],"prob":1},"fields":{},"normalizations":{}},{"classId":"e_2","part":"s5s7p3","offsets":[{"start":133,"text":"p.N249D"}],"confidence":{"state":"","who":["user:sanjeevkrn"],"prob":1},"fields":{},"normalizations":{}},{"classId":"e_1","part":"s5s7p3","offsets":[{"start":245,"text":"APEX2"}],"confidence":{"state":"","who":["user:sanjeevkrn"],"prob":1},"fields":{},"normalizations":{}},{"classId":"e_2","part":"s5s7p3","offsets":[{"start":375,"text":"p.H269Y"}],"confidence":{"state":"","who":["user:sanjeevkrn"],"prob":1},"fields":{},"normalizations":{}},{"classId":"e_2","part":"s5s7p3","offsets":[{"start":538,"text":"p.N392H"}],"confidence":{"state":"","who":["user:sanjeevkrn"],"prob":1},"fields":{},"normalizations":{}},{"classId":"e_1","part":"s5s7p3","offsets":[{"start":617,"text":"POLG"}],"confidence":{"state":"","who":["user:sanjeevkrn"],"prob":1},"fields":{},"normalizations":{}},{"classId":"e_1","part":"s5s7p3","offsets":[{"start":636,"text":"LIG3"}],"confidence":{"state":"","who":["user:sanjeevkrn"],"prob":1},"fields":{},"normalizations":{}},{"classId":"e_1","part":"s5s7p3","offsets":[{"start":642,"text":"DNA ligase 3"}],"confidence":{"state":"","who":["user:sanjeevkrn"],"prob":1},"fields":{},"normalizations":{}},{"classId":"e_1","part":"s5s7p3","offsets":[{"start":740,"text":"POLG"}],"confidence":{"state":"","who":["user:sanjeevkrn"],"prob":1},"fields":{},"normalizations":{}},{"classId":"e_2","part":"s5s7p3","offsets":[{"start":767,"text":"p.Y768H"}],"confidence":{"state":"","who":["user:sanjeevkrn"],"prob":1},"fields":{},"normalizations":{}},{"classId":"e_1","part":"s5s7p3","offsets":[{"start":909,"text":"LONP1"}],"confidence":{"state":"","who":["user:sanjeevkrn"],"prob":1},"fields":{},"normalizations":{}},{"classId":"e_1","part":"s5s7p3","offsets":[{"start":916,"text":"LONP1"}],"confidence":{"state":"","who":["user:sanjeevkrn"],"prob":1},"fields":{},"normalizations":{}},{"classId":"e_2","part":"s5s7p3","offsets":[{"start":1048,"text":"p.V675L"}],"confidence":{"state":"","who":["user:sanjeevkrn"],"prob":1},"fields":{},"normalizations":{}},{"classId":"e_2","part":"s5s7p3","offsets":[{"start":1204,"text":"p.V911I"}],"confidence":{"state":"","who":["user:sanjeevkrn"],"prob":1},"fields":{},"normalizations":{}},{"classId":"e_2","part":"s5s7p3","offsets":[{"start":1226,"text":"rs1062373"}],"confidence":{"state":"","who":["user:sanjeevkrn"],"prob":1},"fields":{},"normalizations":{}},{"classId":"e_2","part":"s5s7p3","offsets":[{"start":1378,"text":"p.V177I"}],"confidence":{"state":"","who":["user:sanjeevkrn"],"prob":1},"fields":{},"normalizations":{}},{"classId":"e_2","part":"s5s7p3","offsets":[{"start":1387,"text":"rs61756415"}],"confidence":{"state":"","who":["user:sanjeevkrn"],"prob":1},"fields":{},"normalizations":{}},{"classId":"e_1","part":"s5s7p3","offsets":[{"start":1434,"text":"TOP1MT"}],"confidence":{"state":"","who":["user:sanjeevkrn"],"prob":1},"fields":{},"normalizations":{}},{"classId":"e_2","part":"s5s7p3","offsets":[{"start":1644,"text":"p.Q172X"}],"confidence":{"state":"","who":["user:sanjeevkrn"],"prob":1},"fields":{},"normalizations":{}},{"classId":"e_2","part":"s5s7p3","offsets":[{"start":1663,"text":"c.533C > T"}],"confidence":{"state":"","who":["user:sanjeevkrn"],"prob":1},"fields":{},"normalizations":{}},{"classId":"e_2","part":"s5s7p3","offsets":[{"start":1685,"text":"termination (CAA-TAA) at peptide position 172"}],"confidence":{"state":"","who":["user:sanjeevkrn"],"prob":1},"fields":{},"normalizations":{}},{"classId":"e_2","part":"s5s7p3","offsets":[{"start":1846,"text":"p.R571W"}],"confidence":{"state":"","who":["user:sanjeevkrn"],"prob":1},"fields":{},"normalizations":{}},{"classId":"e_2","part":"s5s7p3","offsets":[{"start":1931,"text":"p.Q171R"}],"confidence":{"state":"","who":["user:sanjeevkrn"],"prob":1},"fields":{},"normalizations":{}},{"classId":"e_2","part":"s5s7p3","offsets":[{"start":2033,"text":"p.R525W"}],"confidence":{"state":"","who":["user:sanjeevkrn"],"prob":1},"fields":{},"normalizations":{}},{"classId":"e_2","part":"s5s7p3","offsets":[{"start":2042,"text":"rs2293925"}],"confidence":{"state":"","who":["user:sanjeevkrn"],"prob":1},"fields":{},"normalizations":{}},{"classId":"e_2","part":"s5s7p3","offsets":[{"start":2093,"text":"p.V256I"}],"confidence":{"state":"","who":["user:sanjeevkrn"],"prob":1},"fields":{},"normalizations":{}},{"classId":"e_2","part":"s5s7p3","offsets":[{"start":2102,"text":"rs11544484"}],"confidence":{"state":"","who":["user:sanjeevkrn"],"prob":1},"fields":{},"normalizations":{}},{"classId":"e_2","part":"s5s7p3","offsets":[{"start":2330,"text":"rs61631623"}],"confidence":{"state":"","who":["user:sanjeevkrn"],"prob":1},"fields":{},"normalizations":{}},{"classId":"e_2","part":"s5s7p3","offsets":[{"start":2342,"text":"rs2450772"}],"confidence":{"state":"","who":["user:sanjeevkrn"],"prob":1},"fields":{},"normalizations":{}},{"classId":"e_2","part":"s5s7p3","offsets":[{"start":2353,"text":"rs11544482"}],"confidence":{"state":"","who":["user:sanjeevkrn"],"prob":1},"fields":{},"normalizations":{}},{"classId":"e_2","part":"s5s7p3","offsets":[{"start":2416,"text":"p.Q172X"}],"confidence":{"state":"","who":["user:sanjeevkrn"],"prob":1},"fields":{},"normalizations":{}},{"classId":"e_1","part":"s5s7p3","offsets":[{"start":2525,"text":"POLG2"}],"confidence":{"state":"","who":["user:sanjeevkrn"],"prob":1},"fields":{},"normalizations":{}},{"classId":"e_1","part":"s5s7p3","offsets":[{"start":2588,"text":"TOP1MT"}],"confidence":{"state":"","who":["user:sanjeevkrn"],"prob":1},"fields":{},"normalizations":{}},{"classId":"e_3","part":"s5s7p3","offsets":[{"start":2633,"text":"yeast"}],"confidence":{"state":"","who":["user:sanjeevkrn"],"prob":1},"fields":{},"normalizations":{}},{"classId":"e_1","part":"s6p2","offsets":[{"start":293,"text":"POLG"}],"confidence":{"state":"","who":["user:sanjeevkrn"],"prob":1},"fields":{},"normalizations":{}},{"classId":"e_2","part":"s6p2","offsets":[{"start":396,"text":"p.A467T"}],"confidence":{"state":"","who":["user:sanjeevkrn"],"prob":1},"fields":{},"normalizations":{}},{"classId":"e_2","part":"s6p2","offsets":[{"start":409,"text":"p.R627Q"}],"confidence":{"state":"","who":["user:sanjeevkrn"],"prob":1},"fields":{},"normalizations":{}},{"classId":"e_1","part":"s6p2","offsets":[{"start":495,"text":"APEX2"}],"confidence":{"state":"","who":["user:sanjeevkrn"],"prob":1},"fields":{},"normalizations":{}},{"classId":"e_2","part":"s6p2","offsets":[{"start":502,"text":"p.N392H"}],"confidence":{"state":"","who":["user:sanjeevkrn"],"prob":1},"fields":{},"normalizations":{}},{"classId":"e_1","part":"s6p2","offsets":[{"start":515,"text":"TOP1MT"}],"confidence":{"state":"","who":["user:sanjeevkrn"],"prob":1},"fields":{},"normalizations":{}},{"classId":"e_2","part":"s6p2","offsets":[{"start":523,"text":"p.Q171R"}],"confidence":{"state":"","who":["user:sanjeevkrn"],"prob":1},"fields":{},"normalizations":{}},{"classId":"e_1","part":"s6p2","offsets":[{"start":663,"text":"APEX2"}],"confidence":{"state":"","who":["user:sanjeevkrn"],"prob":1},"fields":{},"normalizations":{}},{"classId":"e_1","part":"s6p2","offsets":[{"start":757,"text":"APEX2"}],"confidence":{"state":"","who":["user:sanjeevkrn"],"prob":1},"fields":{},"normalizations":{}},{"classId":"e_2","part":"s6p2","offsets":[{"start":772,"text":"p.H269Y"}],"confidence":{"state":"","who":["user:sanjeevkrn"],"prob":1},"fields":{},"normalizations":{}},{"classId":"e_1","part":"s6p2","offsets":[{"start":830,"text":"TOP1MT"}],"confidence":{"state":"","who":["user:sanjeevkrn"],"prob":1},"fields":{},"normalizations":{}},{"classId":"e_2","part":"s6p2","offsets":[{"start":838,"text":"p.Q172X"}],"confidence":{"state":"","who":["user:sanjeevkrn"],"prob":1},"fields":{},"normalizations":{}},{"classId":"e_1","part":"s6p2","offsets":[{"start":972,"text":"TOP1MT"}],"confidence":{"state":"","who":["user:sanjeevkrn"],"prob":1},"fields":{},"normalizations":{}},{"classId":"e_2","part":"s6p2","offsets":[{"start":980,"text":"p.R571W"}],"confidence":{"state":"","who":["user:sanjeevkrn"],"prob":1},"fields":{},"normalizations":{}},{"classId":"e_1","part":"s6p2","offsets":[{"start":1076,"text":"MUTYH"}],"confidence":{"state":"","who":["user:sanjeevkrn"],"prob":1},"fields":{},"normalizations":{}},{"classId":"e_2","part":"s6p2","offsets":[{"start":1161,"text":"p.E364Dfs393X"}],"confidence":{"state":"","who":["user:sanjeevkrn"],"prob":1},"fields":{},"normalizations":{}},{"classId":"e_1","part":"s6p2","offsets":[{"start":1234,"text":"MUTYH"}],"confidence":{"state":"","who":["user:sanjeevkrn"],"prob":1},"fields":{},"normalizations":{}},{"classId":"e_1","part":"s6p2","offsets":[{"start":1342,"text":"MUTYH"}],"confidence":{"state":"","who":["user:sanjeevkrn"],"prob":1},"fields":{},"normalizations":{}},{"classId":"e_3","part":"s6p2","offsets":[{"start":1501,"text":"human"}],"confidence":{"state":"","who":["user:sanjeevkrn"],"prob":1},"fields":{},"normalizations":{}},{"classId":"e_1","part":"s6p2","offsets":[{"start":1596,"text":"TP53"}],"confidence":{"state":"","who":["user:sanjeevkrn"],"prob":1},"fields":{},"normalizations":{}},{"classId":"e_1","part":"s6p2","offsets":[{"start":2037,"text":"APEX2"}],"confidence":{"state":"","who":["user:sanjeevkrn"],"prob":1},"fields":{},"normalizations":{}},{"classId":"e_1","part":"s6p2","offsets":[{"start":2044,"text":"MUTYH"}],"confidence":{"state":"","who":["user:sanjeevkrn"],"prob":1},"fields":{},"normalizations":{}},{"classId":"e_1","part":"s6p2","offsets":[{"start":2054,"text":"TOP1MT"}],"confidence":{"state":"","who":["user:sanjeevkrn"],"prob":1},"fields":{},"normalizations":{}}],"relations":[{"classId":"r_5","type":"linked","directed":false,"entities":["s5s7p2|396,403","s5s7p2|86,90"],"confidence":{"state":"","who":["user:sanjeevkrn"],"prob":1}},{"classId":"r_5","type":"linked","directed":false,"entities":["s5s7p2|409,416","s5s7p2|86,90"],"confidence":{"state":"","who":["user:sanjeevkrn"],"prob":1}},{"classId":"r_5","type":"linked","directed":false,"entities":["s5s7p2|509,516","s5s7p2|86,90"],"confidence":{"state":"","who":["user:sanjeevkrn"],"prob":1}},{"classId":"r_5","type":"linked","directed":false,"entities":["s5s7p2|682,689","s5s7p2|86,90"],"confidence":{"state":"","who":["user:sanjeevkrn"],"prob":1}},{"classId":"r_5","type":"linked","directed":false,"entities":["s5s7p2|887,895","s5s7p2|86,90"],"confidence":{"state":"","who":["user:sanjeevkrn"],"prob":1}},{"classId":"r_5","type":"linked","directed":false,"entities":["s5s7p2|1278,1285","s5s7p2|1248,1252"],"confidence":{"state":"","who":["user:sanjeevkrn"],"prob":1}},{"classId":"r_5","type":"linked","directed":false,"entities":["s5s7p2|1570,1578","s5s7p2|1312,1316"],"confidence":{"state":"","who":["user:sanjeevkrn"],"prob":1}},{"classId":"r_5","type":"linked","directed":false,"entities":["s5s7p2|1613,1622","s5s7p2|1312,1316"],"confidence":{"state":"","who":["user:sanjeevkrn"],"prob":1}},{"classId":"r_5","type":"linked","directed":false,"entities":["s5s7p2|1857,1865","s5s7p2|1944,1948"],"confidence":{"state":"","who":["user:sanjeevkrn"],"prob":1}},{"classId":"r_5","type":"linked","directed":false,"entities":["s5s7p2|2024,2031","s5s7p2|1944,1948"],"confidence":{"state":"","who":["user:sanjeevkrn"],"prob":1}},{"classId":"r_5","type":"linked","directed":false,"entities":["s5s7p2|2149,2156","s5s7p2|2128,2132"],"confidence":{"state":"","who":["user:sanjeevkrn"],"prob":1}},{"classId":"r_5","type":"linked","directed":false,"entities":["s5s7p2|2434,2441","s5s7p2|2410,2417"],"confidence":{"state":"","who":["user:sanjeevkrn"],"prob":1}},{"classId":"r_5","type":"linked","directed":false,"entities":["s5s7p2|2504,2513","s5s7p2|2410,2417"],"confidence":{"state":"","who":["user:sanjeevkrn"],"prob":1}},{"classId":"r_5","type":"linked","directed":false,"entities":["s5s7p2|2706,2712","s5s7p2|2663,2669"],"confidence":{"state":"","who":["user:sanjeevkrn"],"prob":1}},{"classId":"r_5","type":"linked","directed":false,"entities":["s5s7p2|3348,3355","s5s7p2|3326,3331"],"confidence":{"state":"","who":["user:sanjeevkrn"],"prob":1}},{"classId":"r_5","type":"linked","directed":false,"entities":["s5s7p2|3418,3428","s5s7p2|3326,3331"],"confidence":{"state":"","who":["user:sanjeevkrn"],"prob":1}},{"classId":"r_5","type":"linked","directed":false,"entities":["s5s7p2|3758,3764","s5s7p2|3663,3667"],"confidence":{"state":"","who":["user:sanjeevkrn"],"prob":1}},{"classId":"r_5","type":"linked","directed":false,"entities":["s5s7p2|3809,3819","s5s7p2|3663,3667"],"confidence":{"state":"","who":["user:sanjeevkrn"],"prob":1}},{"classId":"r_5","type":"linked","directed":false,"entities":["s5s7p2|3986,3993","s5s7p2|3852,3857"],"confidence":{"state":"","who":["user:sanjeevkrn"],"prob":1}},{"classId":"r_5","type":"linked","directed":false,"entities":["s5s7p2|4002,4009","s5s7p2|3852,3857"],"confidence":{"state":"","who":["user:sanjeevkrn"],"prob":1}},{"classId":"r_5","type":"linked","directed":false,"entities":["s5s7p2|4080,4093","s5s7p2|3852,3857"],"confidence":{"state":"","who":["user:sanjeevkrn"],"prob":1}},{"classId":"r_5","type":"linked","directed":false,"entities":["s5s7p2|4270,4277","s5s7p2|4255,4260"],"confidence":{"state":"","who":["user:sanjeevkrn"],"prob":1}},{"classId":"r_5","type":"linked","directed":false,"entities":["s5s7p2|4392,4399","s5s7p2|4255,4260"],"confidence":{"state":"","who":["user:sanjeevkrn"],"prob":1}},{"classId":"r_5","type":"linked","directed":false,"entities":["s5s7p2|4401,4410","s5s7p2|4255,4260"],"confidence":{"state":"","who":["user:sanjeevkrn"],"prob":1}},{"classId":"r_5","type":"linked","directed":false,"entities":["s5s7p3|375,382","s5s7p3|245,250"],"confidence":{"state":"","who":["user:sanjeevkrn"],"prob":1}},{"classId":"r_5","type":"linked","directed":false,"entities":["s5s7p3|538,545","s5s7p3|617,621"],"confidence":{"state":"","who":["user:sanjeevkrn"],"prob":1}},{"classId":"r_5","type":"linked","directed":false,"entities":["s5s7p3|767,774","s5s7p3|740,744"],"confidence":{"state":"","who":["user:sanjeevkrn"],"prob":1}},{"classId":"r_5","type":"linked","directed":false,"entities":["s5s7p3|1048,1055","s5s7p3|916,921"],"confidence":{"state":"","who":["user:sanjeevkrn"],"prob":1}},{"classId":"r_5","type":"linked","directed":false,"entities":["s5s7p3|1204,1211","s5s7p3|916,921"],"confidence":{"state":"","who":["user:sanjeevkrn"],"prob":1}},{"classId":"r_5","type":"linked","directed":false,"entities":["s5s7p3|1226,1235","s5s7p3|916,921"],"confidence":{"state":"","who":["user:sanjeevkrn"],"prob":1}},{"classId":"r_5","type":"linked","directed":false,"entities":["s5s7p3|1378,1385","s5s7p3|916,921"],"confidence":{"state":"","who":["user:sanjeevkrn"],"prob":1}},{"classId":"r_5","type":"linked","directed":false,"entities":["s5s7p3|1387,1397","s5s7p3|916,921"],"confidence":{"state":"","who":["user:sanjeevkrn"],"prob":1}},{"classId":"r_5","type":"linked","directed":false,"entities":["s5s7p3|1644,1651","s5s7p3|1434,1440"],"confidence":{"state":"","who":["user:sanjeevkrn"],"prob":1}},{"classId":"r_5","type":"linked","directed":false,"entities":["s5s7p3|1663,1673","s5s7p3|1434,1440"],"confidence":{"state":"","who":["user:sanjeevkrn"],"prob":1}},{"classId":"r_5","type":"linked","directed":false,"entities":["s5s7p3|1685,1730","s5s7p3|1434,1440"],"confidence":{"state":"","who":["user:sanjeevkrn"],"prob":1}},{"classId":"r_5","type":"linked","directed":false,"entities":["s5s7p3|1846,1853","s5s7p3|1434,1440"],"confidence":{"state":"","who":["user:sanjeevkrn"],"prob":1}},{"classId":"r_5","type":"linked","directed":false,"entities":["s5s7p3|1931,1938","s5s7p3|1434,1440"],"confidence":{"state":"","who":["user:sanjeevkrn"],"prob":1}},{"classId":"r_5","type":"linked","directed":false,"entities":["s5s7p3|2033,2040","s5s7p3|2588,2594"],"confidence":{"state":"","who":["user:sanjeevkrn"],"prob":1}},{"classId":"r_5","type":"linked","directed":false,"entities":["s5s7p3|2042,2051","s5s7p3|2588,2594"],"confidence":{"state":"","who":["user:sanjeevkrn"],"prob":1}},{"classId":"r_5","type":"linked","directed":false,"entities":["s5s7p3|2102,2112","s5s7p3|2588,2594"],"confidence":{"state":"","who":["user:sanjeevkrn"],"prob":1}},{"classId":"r_5","type":"linked","directed":false,"entities":["s5s7p3|2330,2340","s5s7p3|2588,2594"],"confidence":{"state":"","who":["user:sanjeevkrn"],"prob":1}},{"classId":"r_5","type":"linked","directed":false,"entities":["s5s7p3|2342,2351","s5s7p3|2588,2594"],"confidence":{"state":"","who":["user:sanjeevkrn"],"prob":1}},{"classId":"r_5","type":"linked","directed":false,"entities":["s5s7p3|2353,2363","s5s7p3|2588,2594"],"confidence":{"state":"","who":["user:sanjeevkrn"],"prob":1}},{"classId":"r_5","type":"linked","directed":false,"entities":["s5s7p3|2416,2423","s5s7p3|2588,2594"],"confidence":{"state":"","who":["user:sanjeevkrn"],"prob":1}},{"classId":"r_5","type":"linked","directed":false,"entities":["s6p2|396,403","s6p2|293,297"],"confidence":{"state":"","who":["user:sanjeevkrn"],"prob":1}},{"classId":"r_5","type":"linked","directed":false,"entities":["s6p2|409,416","s6p2|293,297"],"confidence":{"state":"","who":["user:sanjeevkrn"],"prob":1}},{"classId":"r_5","type":"linked","directed":false,"entities":["s6p2|502,509","s6p2|495,500"],"confidence":{"state":"","who":["user:sanjeevkrn"],"prob":1}},{"classId":"r_5","type":"linked","directed":false,"entities":["s6p2|523,530","s6p2|515,521"],"confidence":{"state":"","who":["user:sanjeevkrn"],"prob":1}},{"classId":"r_5","type":"linked","directed":false,"entities":["s6p2|772,779","s6p2|757,762"],"confidence":{"state":"","who":["user:sanjeevkrn"],"prob":1}},{"classId":"r_5","type":"linked","directed":false,"entities":["s6p2|838,845","s6p2|830,836"],"confidence":{"state":"","who":["user:sanjeevkrn"],"prob":1}},{"classId":"r_5","type":"linked","directed":false,"entities":["s6p2|980,987","s6p2|972,978"],"confidence":{"state":"","who":["user:sanjeevkrn"],"prob":1}},{"classId":"r_5","type":"linked","directed":false,"entities":["s6p2|1161,1174","s6p2|1076,1081"],"confidence":{"state":"","who":["user:sanjeevkrn"],"prob":1}}],"metas":{"m_4":{"value":true,"confidence":{}}},"annotatable":{"parts":["s1h1","s2h1","s2p1","s3h1","s3p1","s3p2","s3p3","s4h1","s4s1h1","s4s1p1","s4s2h1","s4s2p1","s4s3h1","s4s3p1","s4s3f1p1","s4s4h1","s4s4p1","s4s5h1","s4s5p1","s4s5s1h1","s4s5s1p1","s4s5s1p2","s4s5s1p3","s4s5s2h1","s4s5s2p1","s4s5s3h1","s4s5s3p1","s4s6h1","s4s6s1h1","s4s6s1p1","s4s6s2h1","s4s6s2p1","s4s6s2s1h1","s4s6s2s1p1","s4s6s2s1p2","s5h1","s5s1h1","s5s1p1","s5s2h1","s5s2p1","s5s2f1p1","s5s2p2","s5s3h1","s5s3p1","s5s3f1p1","s5s3p2","s5s4h1","s5s4p1","s5s4f1p1","s5s4f2p1","s5s4p2","s5s5h1","s5s5p1","s5s5f1p1","s5s5p2","s5s6h1","s5s6p1","s5s7h1","s5s7p1","s5s7p2","s5s7f1p1","s5s7p3","s6h1","s6p1","s6p2","s6p3","s8h1","s8p1"]}}