{"anncomplete":false,"sources":[{"name":"ORIG","id":"PMC3568031","url":"http://www.ncbi.nlm.nih.gov/pmc/articles/PMC3568031/"},{"name":"PMID","id":"23409136","url":"http://www.ncbi.nlm.nih.gov/pubmed/23409136"}],"entities":[],"relations":[],"metas":{},"annotatable":{"parts":["s1h1","s2h1","s2s1h1","s2s1p1","s2s2h1","s2s2p1","s2s3h1","s2s3p1","s3h1","s3p1","s3p2","s3p3","s3f1h1","s3f1p1","s4h1","s4p1","s4f1h1","s4p2","s4p3","s4f2h1","s4p4","s4p5","s4p6","s4f3h1","s4f3p1","s4p7","s4f4h1","s4p8","s5h1","s5p1","s5p2","s5p3","s5f1h1","s5f1p1","s5p4","s5f2h1","s5f2p1","s5p5","s5p6","s5p7","s5p8","s5p9","s6h1","s6s1h1","s6s1p1","s6s2h1","s6s2p1","s6s2p2","s6s2p3","s6s2p4","s6s3h1","s6s3p1","s6s4h1","s6s4p1","s6s5h1","s6s5p1","s6s6h1","s6s6p1","s6s6p2","s6s6p3","s6s6p4","s6s6p5","s7h1"]}}