{"anncomplete":false,"sources":[{"name":"ORIG","id":"ng.1091","url":"http://doi.org/10.1038/ng.1091"},{"name":"PMID","id":null,"url":null}],"entities":[{"classId":"e_1","part":"s1h1","offsets":[{"start":37,"text":"ACTB"}],"confidence":{"state":"","who":["user:sanjeevkrn"],"prob":1},"fields":{},"normalizations":{}},{"classId":"e_1","part":"s1h1","offsets":[{"start":46,"text":"ACTG1"}],"confidence":{"state":"","who":["user:sanjeevkrn"],"prob":1},"fields":{},"normalizations":{}},{"classId":"e_1","part":"s2p1","offsets":[{"start":553,"text":"ACTB"}],"confidence":{"state":"","who":["user:sanjeevkrn"],"prob":1},"fields":{},"normalizations":{}},{"classId":"e_1","part":"s2p1","offsets":[{"start":562,"text":"ACTG1"}],"confidence":{"state":"","who":["user:sanjeevkrn"],"prob":1},"fields":{},"normalizations":{}},{"classId":"e_1","part":"s2p1","offsets":[{"start":758,"text":"ACTB"}],"confidence":{"state":"","who":["user:sanjeevkrn"],"prob":1},"fields":{},"normalizations":{}},{"classId":"e_2","part":"s2p1","offsets":[{"start":763,"text":"p.Arg196His"}],"confidence":{"state":"","who":["user:sanjeevkrn"],"prob":1},"fields":{},"normalizations":{}},{"classId":"e_1","part":"s2p1","offsets":[{"start":779,"text":"ACTG1"}],"confidence":{"state":"","who":["user:sanjeevkrn"],"prob":1},"fields":{},"normalizations":{}},{"classId":"e_2","part":"s2p1","offsets":[{"start":785,"text":"p.Ser155Phe"}],"confidence":{"state":"","who":["user:sanjeevkrn"],"prob":1},"fields":{},"normalizations":{}},{"classId":"e_3","part":"s3s1p1","offsets":[{"start":106,"text":"human"}],"confidence":{"state":"","who":["user:sanjeevkrn"],"prob":1},"fields":{},"normalizations":{}},{"classId":"e_3","part":"s3s2s1p1","offsets":[{"start":625,"text":"human"}],"confidence":{"state":"","who":["user:sanjeevkrn"],"prob":1},"fields":{},"normalizations":{}},{"classId":"e_3","part":"s3s3p1","offsets":[{"start":258,"text":"human"}],"confidence":{"state":"","who":["user:sanjeevkrn"],"prob":1},"fields":{},"normalizations":{}},{"classId":"e_3","part":"s3s3p1","offsets":[{"start":312,"text":"human"}],"confidence":{"state":"","who":["user:sanjeevkrn"],"prob":1},"fields":{},"normalizations":{}},{"classId":"e_1","part":"s3s5p2","offsets":[{"start":48,"text":"ACTB"}],"confidence":{"state":"","who":["user:sanjeevkrn"],"prob":1},"fields":{},"normalizations":{}},{"classId":"e_1","part":"s3s5p2","offsets":[{"start":57,"text":"ACTG1"}],"confidence":{"state":"","who":["user:sanjeevkrn"],"prob":1},"fields":{},"normalizations":{}},{"classId":"e_1","part":"s3s5p2","offsets":[{"start":417,"text":"ACTB"}],"confidence":{"state":"","who":["user:sanjeevkrn"],"prob":1},"fields":{},"normalizations":{}},{"classId":"e_1","part":"s3s5p2","offsets":[{"start":426,"text":"ACTG1"}],"confidence":{"state":"","who":["user:sanjeevkrn"],"prob":1},"fields":{},"normalizations":{}},{"classId":"e_1","part":"s3s5p2","offsets":[{"start":501,"text":"ACTB"}],"confidence":{"state":"","who":["user:sanjeevkrn"],"prob":1},"fields":{},"normalizations":{}},{"classId":"e_1","part":"s3s5p2","offsets":[{"start":510,"text":"ACTG1"}],"confidence":{"state":"","who":["user:sanjeevkrn"],"prob":1},"fields":{},"normalizations":{}},{"classId":"e_1","part":"s3s5p2","offsets":[{"start":556,"text":"ACTB"}],"confidence":{"state":"","who":["user:sanjeevkrn"],"prob":1},"fields":{},"normalizations":{}},{"classId":"e_1","part":"s3s7p1","offsets":[{"start":61,"text":"ACTG1"}],"confidence":{"state":"","who":["user:sanjeevkrn"],"prob":1},"fields":{},"normalizations":{}},{"classId":"e_1","part":"s3s7p1","offsets":[{"start":85,"text":"ACTB"}],"confidence":{"state":"","who":["user:sanjeevkrn"],"prob":1},"fields":{},"normalizations":{}},{"classId":"e_3","part":"s3s8p1","offsets":[{"start":1367,"text":"mouse"}],"confidence":{"state":"","who":["user:sanjeevkrn"],"prob":1},"fields":{},"normalizations":{}},{"classId":"e_1","part":"s3s8p1","offsets":[{"start":1378,"text":"ACTB"}],"confidence":{"state":"","who":["user:sanjeevkrn"],"prob":1},"fields":{},"normalizations":{}},{"classId":"e_3","part":"s3s8p1","offsets":[{"start":1415,"text":"mouse"}],"confidence":{"state":"","who":["user:sanjeevkrn"],"prob":1},"fields":{},"normalizations":{}},{"classId":"e_1","part":"s3s8p1","offsets":[{"start":1426,"text":"ACTG1"}],"confidence":{"state":"","who":["user:sanjeevkrn"],"prob":1},"fields":{},"normalizations":{}},{"classId":"e_3","part":"s3s8p1","offsets":[{"start":1474,"text":"goat"}],"confidence":{"state":"","who":["user:sanjeevkrn"],"prob":1},"fields":{},"normalizations":{}},{"classId":"e_1","part":"s3s8p1","offsets":[{"start":1484,"text":"GAPDH"}],"confidence":{"state":"","who":["user:sanjeevkrn"],"prob":1},"fields":{},"normalizations":{}},{"classId":"e_3","part":"s3s9p1","offsets":[{"start":394,"text":"Mouse"}],"confidence":{"state":"","who":["user:sanjeevkrn"],"prob":1},"fields":{},"normalizations":{}}],"relations":[],"metas":{},"annotatable":{"parts":["s1h1","s2h1","s2p1","s3h1","s3s1h1","s3s1p1","s3s2h1","s3s2s1h1","s3s2s1p1","s3s3h1","s3s3p1","s3s4h1","s3s4s1h1","s3s4s1p1","s3s4s2h1","s3s4s2p1","s3s5h1","s3s5p1","s3s5p2","s3s6h1","s3s6p1","s3s7h1","s3s7p1","s3s8h1","s3s8p1","s3s9h1","s3s9p1","s4h1"]}}