{"anncomplete":false,"sources":[{"name":"ORIG","id":"PMC3547942","url":"http://www.ncbi.nlm.nih.gov/pmc/articles/PMC3547942/"},{"name":"PMID","id":"23349736","url":"http://www.ncbi.nlm.nih.gov/pubmed/23349736"}],"entities":[{"classId":"e_1","part":"s1h1","offsets":[{"start":11,"text":"ASMT"}],"confidence":{"state":"","who":["user:sanjeevkrn"],"prob":1},"fields":{},"normalizations":{}},{"classId":"e_1","part":"s2p1","offsets":[{"start":176,"text":"ASMT"}],"confidence":{"state":"","who":["user:sanjeevkrn"],"prob":1},"fields":{},"normalizations":{}},{"classId":"e_2","part":"s2p1","offsets":[{"start":377,"text":"rs4446909"}],"confidence":{"state":"","who":["user:sanjeevkrn"],"prob":1},"fields":{},"normalizations":{}},{"classId":"e_2","part":"s2p1","offsets":[{"start":391,"text":"rs5989681"}],"confidence":{"state":"","who":["user:sanjeevkrn"],"prob":1},"fields":{},"normalizations":{}},{"classId":"e_1","part":"s2p1","offsets":[{"start":428,"text":"ASMT"}],"confidence":{"state":"","who":["user:sanjeevkrn"],"prob":1},"fields":{},"normalizations":{}},{"classId":"e_1","part":"s2p1","offsets":[{"start":554,"text":"ASMT"}],"confidence":{"state":"","who":["user:sanjeevkrn"],"prob":1},"fields":{},"normalizations":{}},{"classId":"e_1","part":"s2p1","offsets":[{"start":588,"text":"ASMT"}],"confidence":{"state":"","who":["user:sanjeevkrn"],"prob":1},"fields":{},"normalizations":{}},{"classId":"e_1","part":"s2p1","offsets":[{"start":824,"text":"ASMT"}],"confidence":{"state":"","who":["user:sanjeevkrn"],"prob":1},"fields":{},"normalizations":{}},{"classId":"e_1","part":"s2p1","offsets":[{"start":923,"text":"ASMT"}],"confidence":{"state":"","who":["user:sanjeevkrn"],"prob":1},"fields":{},"normalizations":{}},{"classId":"e_2","part":"s2p1","offsets":[{"start":1035,"text":"p.R115W"}],"confidence":{"state":"","who":["user:sanjeevkrn"],"prob":1},"fields":{},"normalizations":{}},{"classId":"e_2","part":"s2p1","offsets":[{"start":1044,"text":"p.V166I"}],"confidence":{"state":"","who":["user:sanjeevkrn"],"prob":1},"fields":{},"normalizations":{}},{"classId":"e_2","part":"s2p1","offsets":[{"start":1053,"text":"p.V179G"}],"confidence":{"state":"","who":["user:sanjeevkrn"],"prob":1},"fields":{},"normalizations":{}},{"classId":"e_2","part":"s2p1","offsets":[{"start":1066,"text":"p.W257X"}],"confidence":{"state":"","who":["user:sanjeevkrn"],"prob":1},"fields":{},"normalizations":{}},{"classId":"e_2","part":"s2p1","offsets":[{"start":1304,"text":"p.R115W"}],"confidence":{"state":"","who":["user:sanjeevkrn"],"prob":1},"fields":{},"normalizations":{}},{"classId":"e_1","part":"s2p1","offsets":[{"start":1371,"text":"ASMT"}],"confidence":{"state":"","who":["user:sanjeevkrn"],"prob":1},"fields":{},"normalizations":{}},{"classId":"e_1","part":"s2p1","offsets":[{"start":1587,"text":"ASMT"}],"confidence":{"state":"","who":["user:sanjeevkrn"],"prob":1},"fields":{},"normalizations":{}},{"classId":"e_1","part":"s3p1","offsets":[{"start":1279,"text":"SHANK2"}],"confidence":{"state":"","who":["user:sanjeevkrn"],"prob":1},"fields":{},"normalizations":{}},{"classId":"e_1","part":"s3p1","offsets":[{"start":1287,"text":"SHANK3"}],"confidence":{"state":"","who":["user:sanjeevkrn"],"prob":1},"fields":{},"normalizations":{}},{"classId":"e_1","part":"s3p1","offsets":[{"start":1295,"text":"NLGN3"}],"confidence":{"state":"","who":["user:sanjeevkrn"],"prob":1},"fields":{},"normalizations":{}},{"classId":"e_1","part":"s3p1","offsets":[{"start":1302,"text":"NLGN4"}],"confidence":{"state":"","who":["user:sanjeevkrn"],"prob":1},"fields":{},"normalizations":{}},{"classId":"e_1","part":"s3p3","offsets":[{"start":57,"text":"AA-NAT"}],"confidence":{"state":"","who":["user:sanjeevkrn"],"prob":1},"fields":{},"normalizations":{}},{"classId":"e_1","part":"s3p3","offsets":[{"start":65,"text":"arylalkylamine N-acetyltransferase"}],"confidence":{"state":"","who":["user:sanjeevkrn"],"prob":1},"fields":{},"normalizations":{}},{"classId":"e_1","part":"s3p3","offsets":[{"start":115,"text":"ASMT"}],"confidence":{"state":"","who":["user:sanjeevkrn"],"prob":1},"fields":{},"normalizations":{}},{"classId":"e_1","part":"s3p3","offsets":[{"start":121,"text":"acetylserotonin methyltransferase"}],"confidence":{"state":"","who":["user:sanjeevkrn"],"prob":1},"fields":{},"normalizations":{}},{"classId":"e_1","part":"s3p3","offsets":[{"start":220,"text":"ASMT"}],"confidence":{"state":"","who":["user:sanjeevkrn"],"prob":1},"fields":{},"normalizations":{}},{"classId":"e_1","part":"s3p3","offsets":[{"start":365,"text":"ASMT"}],"confidence":{"state":"","who":["user:sanjeevkrn"],"prob":1},"fields":{},"normalizations":{}},{"classId":"e_1","part":"s3p3","offsets":[{"start":466,"text":"ASMT"}],"confidence":{"state":"","who":["user:sanjeevkrn"],"prob":1},"fields":{},"normalizations":{}},{"classId":"e_1","part":"s3p4","offsets":[{"start":23,"text":"ASMT"}],"confidence":{"state":"","who":["user:sanjeevkrn"],"prob":1},"fields":{},"normalizations":{}},{"classId":"e_1","part":"s4s3p1","offsets":[{"start":312,"text":"ASMT"}],"confidence":{"state":"","who":["user:sanjeevkrn"],"prob":1},"fields":{},"normalizations":{}},{"classId":"e_1","part":"s4s3p1","offsets":[{"start":989,"text":"ASMT"}],"confidence":{"state":"pre-added","who":["user:sanjeevkrn"],"prob":1},"fields":{},"normalizations":{}},{"classId":"e_1","part":"s5s2p1","offsets":[{"start":43,"text":"ASMT"}],"confidence":{"state":"pre-added","who":["user:sanjeevkrn"],"prob":1},"fields":{},"normalizations":{}},{"classId":"e_2","part":"s5s2p1","offsets":[{"start":173,"text":"rs4446909"}],"confidence":{"state":"pre-added","who":["user:sanjeevkrn"],"prob":1},"fields":{},"normalizations":{}},{"classId":"e_2","part":"s5s2p1","offsets":[{"start":184,"text":"rs5989681"}],"confidence":{"state":"pre-added","who":["user:sanjeevkrn"],"prob":1},"fields":{},"normalizations":{}},{"classId":"e_1","part":"s5s2p1","offsets":[{"start":484,"text":"ASMT"}],"confidence":{"state":"pre-added","who":["user:sanjeevkrn"],"prob":1},"fields":{},"normalizations":{}},{"classId":"e_1","part":"s5s2f1h1","offsets":[{"start":63,"text":"ASMT"}],"confidence":{"state":"pre-added","who":["user:sanjeevkrn"],"prob":1},"fields":{},"normalizations":{}},{"classId":"e_2","part":"s5s2p2","offsets":[{"start":96,"text":"rs4446909"}],"confidence":{"state":"pre-added","who":["user:sanjeevkrn"],"prob":1},"fields":{},"normalizations":{}},{"classId":"e_2","part":"s5s2p2","offsets":[{"start":107,"text":"rs5989681"}],"confidence":{"state":"pre-added","who":["user:sanjeevkrn"],"prob":1},"fields":{},"normalizations":{}},{"classId":"e_2","part":"s5s2p2","offsets":[{"start":221,"text":"rs4446909"}],"confidence":{"state":"pre-added","who":["user:sanjeevkrn"],"prob":1},"fields":{},"normalizations":{}},{"classId":"e_2","part":"s5s2p2","offsets":[{"start":232,"text":"rs5989681"}],"confidence":{"state":"pre-added","who":["user:sanjeevkrn"],"prob":1},"fields":{},"normalizations":{}},{"classId":"e_2","part":"s5s2p2","offsets":[{"start":716,"text":"rs4446909"}],"confidence":{"state":"pre-added","who":["user:sanjeevkrn"],"prob":1},"fields":{},"normalizations":{}},{"classId":"e_2","part":"s5s2p2","offsets":[{"start":727,"text":"rs5989681"}],"confidence":{"state":"pre-added","who":["user:sanjeevkrn"],"prob":1},"fields":{},"normalizations":{}},{"classId":"e_1","part":"s5s2f2h1","offsets":[{"start":66,"text":"ASMT"}],"confidence":{"state":"pre-added","who":["user:sanjeevkrn"],"prob":1},"fields":{},"normalizations":{}},{"classId":"e_1","part":"s5s3f1h1","offsets":[{"start":35,"text":"ASMT"}],"confidence":{"state":"pre-added","who":["user:sanjeevkrn"],"prob":1},"fields":{},"normalizations":{}},{"classId":"e_1","part":"s5s3p3","offsets":[{"start":60,"text":"ASMT"}],"confidence":{"state":"pre-added","who":["user:sanjeevkrn"],"prob":1},"fields":{},"normalizations":{}},{"classId":"e_2","part":"s5s3p3","offsets":[{"start":113,"text":"p.R115W"}],"confidence":{"state":"pre-added","who":["user:sanjeevkrn"],"prob":1},"fields":{},"normalizations":{}},{"classId":"e_2","part":"s5s3p3","offsets":[{"start":131,"text":"p.V166I"}],"confidence":{"state":"pre-added","who":["user:sanjeevkrn"],"prob":1},"fields":{},"normalizations":{}},{"classId":"e_2","part":"s5s3p3","offsets":[{"start":140,"text":"p.V179G"}],"confidence":{"state":"pre-added","who":["user:sanjeevkrn"],"prob":1},"fields":{},"normalizations":{}},{"classId":"e_2","part":"s5s3p3","offsets":[{"start":207,"text":"p.W257X"}],"confidence":{"state":"pre-added","who":["user:sanjeevkrn"],"prob":1},"fields":{},"normalizations":{}},{"classId":"e_2","part":"s5s3p3","offsets":[{"start":394,"text":"p.R115W"}],"confidence":{"state":"pre-added","who":["user:sanjeevkrn"],"prob":1},"fields":{},"normalizations":{}},{"classId":"e_2","part":"s5s3p3","offsets":[{"start":403,"text":"p.V166I"}],"confidence":{"state":"pre-added","who":["user:sanjeevkrn"],"prob":1},"fields":{},"normalizations":{}},{"classId":"e_2","part":"s5s3p3","offsets":[{"start":412,"text":"p.V179G"}],"confidence":{"state":"pre-added","who":["user:sanjeevkrn"],"prob":1},"fields":{},"normalizations":{}},{"classId":"e_2","part":"s5s3p3","offsets":[{"start":425,"text":"p.W257X"}],"confidence":{"state":"pre-added","who":["user:sanjeevkrn"],"prob":1},"fields":{},"normalizations":{}},{"classId":"e_2","part":"s5s3p3","offsets":[{"start":544,"text":"p.R115W"}],"confidence":{"state":"pre-added","who":["user:sanjeevkrn"],"prob":1},"fields":{},"normalizations":{}},{"classId":"e_2","part":"s5s3p3","offsets":[{"start":553,"text":"p.V179G"}],"confidence":{"state":"pre-added","who":["user:sanjeevkrn"],"prob":1},"fields":{},"normalizations":{}},{"classId":"e_2","part":"s5s3p3","offsets":[{"start":566,"text":"p.W257X"}],"confidence":{"state":"pre-added","who":["user:sanjeevkrn"],"prob":1},"fields":{},"normalizations":{}},{"classId":"e_2","part":"s5s3p3","offsets":[{"start":769,"text":"p.R115W"}],"confidence":{"state":"pre-added","who":["user:sanjeevkrn"],"prob":1},"fields":{},"normalizations":{}},{"classId":"e_2","part":"s5s3p4","offsets":[{"start":32,"text":"p.R115W"}],"confidence":{"state":"pre-added","who":["user:sanjeevkrn"],"prob":1},"fields":{},"normalizations":{}},{"classId":"e_2","part":"s5s3p4","offsets":[{"start":41,"text":"p.V166I"}],"confidence":{"state":"pre-added","who":["user:sanjeevkrn"],"prob":1},"fields":{},"normalizations":{}},{"classId":"e_2","part":"s5s3p4","offsets":[{"start":50,"text":"p.V179G"}],"confidence":{"state":"pre-added","who":["user:sanjeevkrn"],"prob":1},"fields":{},"normalizations":{}},{"classId":"e_2","part":"s5s3p4","offsets":[{"start":63,"text":"p.W257X"}],"confidence":{"state":"pre-added","who":["user:sanjeevkrn"],"prob":1},"fields":{},"normalizations":{}},{"classId":"e_1","part":"s5s4f1h1","offsets":[{"start":53,"text":"ASMT"}],"confidence":{"state":"pre-added","who":["user:sanjeevkrn"],"prob":1},"fields":{},"normalizations":{}},{"classId":"e_1","part":"s6p1","offsets":[{"start":591,"text":"ASMT"}],"confidence":{"state":"pre-added","who":["user:sanjeevkrn"],"prob":1},"fields":{},"normalizations":{}},{"classId":"e_1","part":"s6p2","offsets":[{"start":267,"text":"ASMT"}],"confidence":{"state":"pre-added","who":["user:sanjeevkrn"],"prob":1},"fields":{},"normalizations":{}},{"classId":"e_2","part":"s6p2","offsets":[{"start":309,"text":"rs4446909"}],"confidence":{"state":"pre-added","who":["user:sanjeevkrn"],"prob":1},"fields":{},"normalizations":{}},{"classId":"e_2","part":"s6p2","offsets":[{"start":323,"text":"rs5989681"}],"confidence":{"state":"pre-added","who":["user:sanjeevkrn"],"prob":1},"fields":{},"normalizations":{}},{"classId":"e_1","part":"s6p2","offsets":[{"start":357,"text":"ASMT"}],"confidence":{"state":"pre-added","who":["user:sanjeevkrn"],"prob":1},"fields":{},"normalizations":{}},{"classId":"e_1","part":"s6p2","offsets":[{"start":563,"text":"ASMT"}],"confidence":{"state":"pre-added","who":["user:sanjeevkrn"],"prob":1},"fields":{},"normalizations":{}},{"classId":"e_1","part":"s6p3","offsets":[{"start":736,"text":"ASMT"}],"confidence":{"state":"pre-added","who":["user:sanjeevkrn"],"prob":1},"fields":{},"normalizations":{}},{"classId":"e_1","part":"s6p3","offsets":[{"start":772,"text":"ASMT"}],"confidence":{"state":"pre-added","who":["user:sanjeevkrn"],"prob":1},"fields":{},"normalizations":{}},{"classId":"e_1","part":"s6p3","offsets":[{"start":856,"text":"ASMT"}],"confidence":{"state":"pre-added","who":["user:sanjeevkrn"],"prob":1},"fields":{},"normalizations":{}},{"classId":"e_1","part":"s6p3","offsets":[{"start":1175,"text":"ASMT"}],"confidence":{"state":"pre-added","who":["user:sanjeevkrn"],"prob":1},"fields":{},"normalizations":{}},{"classId":"e_1","part":"s6p4","offsets":[{"start":28,"text":"ASMT"}],"confidence":{"state":"pre-added","who":["user:sanjeevkrn"],"prob":1},"fields":{},"normalizations":{}},{"classId":"e_2","part":"s6p4","offsets":[{"start":351,"text":"p.R115W"}],"confidence":{"state":"pre-added","who":["user:sanjeevkrn"],"prob":1},"fields":{},"normalizations":{}},{"classId":"e_2","part":"s6p4","offsets":[{"start":360,"text":"p.V166I"}],"confidence":{"state":"pre-added","who":["user:sanjeevkrn"],"prob":1},"fields":{},"normalizations":{}},{"classId":"e_2","part":"s6p4","offsets":[{"start":369,"text":"p.V179G"}],"confidence":{"state":"pre-added","who":["user:sanjeevkrn"],"prob":1},"fields":{},"normalizations":{}},{"classId":"e_2","part":"s6p4","offsets":[{"start":382,"text":"p.W257X"}],"confidence":{"state":"pre-added","who":["user:sanjeevkrn"],"prob":1},"fields":{},"normalizations":{}},{"classId":"e_2","part":"s6p4","offsets":[{"start":603,"text":"p.R115W"}],"confidence":{"state":"pre-added","who":["user:sanjeevkrn"],"prob":1},"fields":{},"normalizations":{}},{"classId":"e_2","part":"s6p4","offsets":[{"start":612,"text":"p.V179G"}],"confidence":{"state":"pre-added","who":["user:sanjeevkrn"],"prob":1},"fields":{},"normalizations":{}},{"classId":"e_2","part":"s6p4","offsets":[{"start":625,"text":"p.W257X"}],"confidence":{"state":"pre-added","who":["user:sanjeevkrn"],"prob":1},"fields":{},"normalizations":{}},{"classId":"e_2","part":"s6p4","offsets":[{"start":932,"text":"p.R115W"}],"confidence":{"state":"pre-added","who":["user:sanjeevkrn"],"prob":1},"fields":{},"normalizations":{}},{"classId":"e_1","part":"s6p5","offsets":[{"start":429,"text":"ASMT"}],"confidence":{"state":"pre-added","who":["user:sanjeevkrn"],"prob":1},"fields":{},"normalizations":{}},{"classId":"e_1","part":"s6p5","offsets":[{"start":529,"text":"ASMT"}],"confidence":{"state":"pre-added","who":["user:sanjeevkrn"],"prob":1},"fields":{},"normalizations":{}},{"classId":"e_1","part":"s6p5","offsets":[{"start":641,"text":"ASMT"}],"confidence":{"state":"pre-added","who":["user:sanjeevkrn"],"prob":1},"fields":{},"normalizations":{}},{"classId":"e_1","part":"s6p6","offsets":[{"start":81,"text":"ASMT"}],"confidence":{"state":"pre-added","who":["user:sanjeevkrn"],"prob":1},"fields":{},"normalizations":{}},{"classId":"e_1","part":"s6p6","offsets":[{"start":178,"text":"ASMT"}],"confidence":{"state":"pre-added","who":["user:sanjeevkrn"],"prob":1},"fields":{},"normalizations":{}},{"classId":"e_1","part":"s6p6","offsets":[{"start":384,"text":"ASMT"}],"confidence":{"state":"pre-added","who":["user:sanjeevkrn"],"prob":1},"fields":{},"normalizations":{}},{"classId":"e_1","part":"s6p6","offsets":[{"start":542,"text":"ASMT"}],"confidence":{"state":"pre-added","who":["user:sanjeevkrn"],"prob":1},"fields":{},"normalizations":{}}],"relations":[{"classId":"r_5","type":"linked","directed":false,"entities":["s2p1|377,386","s2p1|428,432"],"confidence":{"state":"","who":["user:sanjeevkrn"],"prob":1}},{"classId":"r_5","type":"linked","directed":false,"entities":["s2p1|391,400","s2p1|428,432"],"confidence":{"state":"","who":["user:sanjeevkrn"],"prob":1}},{"classId":"r_5","type":"linked","directed":false,"entities":["s2p1|1035,1042","s2p1|923,927"],"confidence":{"state":"","who":["user:sanjeevkrn"],"prob":1}},{"classId":"r_5","type":"linked","directed":false,"entities":["s2p1|1044,1051","s2p1|923,927"],"confidence":{"state":"","who":["user:sanjeevkrn"],"prob":1}},{"classId":"r_5","type":"linked","directed":false,"entities":["s2p1|1053,1060","s2p1|923,927"],"confidence":{"state":"","who":["user:sanjeevkrn"],"prob":1}},{"classId":"r_5","type":"linked","directed":false,"entities":["s2p1|1066,1073","s2p1|923,927"],"confidence":{"state":"","who":["user:sanjeevkrn"],"prob":1}},{"classId":"r_5","type":"linked","directed":false,"entities":["s2p1|1304,1311","s2p1|923,927"],"confidence":{"state":"","who":["user:sanjeevkrn"],"prob":1}}],"metas":{},"annotatable":{"parts":["s1h1","s2h1","s2p1","s3h1","s3p1","s3p2","s3p3","s3p4","s4h1","s4s1h1","s4s1p1","s4s2h1","s4s2p1","s4s2p2","s4s3h1","s4s3p1","s4s3p2","s4s4h1","s4s4p1","s4s5h1","s4s5p1","s4s5p2","s4s5p3","s5h1","s5s1h1","s5s1p1","s5s2h1","s5s2p1","s5s2f1h1","s5s2p2","s5s2f2h1","s5s2f2p1","s5s2f3h1","s5s3h1","s5s3p1","s5s3f1h1","s5s3p2","s5s3p3","s5s3f2h1","s5s3f2p1","s5s3p4","s5s3p5","s5s4h1","s5s4p1","s5s4f1h1","s5s4p2","s5s4p3","s6h1","s6p1","s6p2","s6p3","s6p4","s6p5","s6p6","s7h1"]}}