{"anncomplete":true,"sources":[{"name":"ORIG","id":"PMC3815127","url":"http://www.ncbi.nlm.nih.gov/pmc/articles/PMC3815127/"},{"name":"PMID","id":"24224020","url":"http://www.ncbi.nlm.nih.gov/pubmed/24224020"}],"entities":[{"classId":"e_1","part":"s1h1","offsets":[{"start":124,"text":"ZNF24"}],"confidence":{"state":"","who":["user:sanjeevkrn"],"prob":1},"fields":{},"normalizations":{}},{"classId":"e_1","part":"s2p1","offsets":[{"start":0,"text":"ZNF24"}],"confidence":{"state":"","who":["user:sanjeevkrn"],"prob":1},"fields":{},"normalizations":{}},{"classId":"e_1","part":"s2p1","offsets":[{"start":184,"text":"ZNF24"}],"confidence":{"state":"","who":["user:sanjeevkrn"],"prob":1},"fields":{},"normalizations":{}},{"classId":"e_2","part":"s2p1","offsets":[{"start":480,"text":"Deletion of ZF1-2"}],"confidence":{"state":"","who":["user:sanjeevkrn"],"prob":1},"fields":{},"normalizations":{}},{"classId":"e_1","part":"s2p1","offsets":[{"start":533,"text":"ZNF24"}],"confidence":{"state":"","who":["user:sanjeevkrn"],"prob":1},"fields":{},"normalizations":{}},{"classId":"e_1","part":"s2p1","offsets":[{"start":712,"text":"ZNF24"}],"confidence":{"state":"","who":["user:sanjeevkrn"],"prob":1},"fields":{},"normalizations":{}},{"classId":"e_2","part":"s2p1","offsets":[{"start":979,"text":"K286A"}],"confidence":{"state":"","who":["user:sanjeevkrn"],"prob":1},"fields":{},"normalizations":{}},{"classId":"e_2","part":"s2p1","offsets":[{"start":989,"text":"R290A"}],"confidence":{"state":"","who":["user:sanjeevkrn"],"prob":1},"fields":{},"normalizations":{}},{"classId":"e_1","part":"s2p1","offsets":[{"start":1086,"text":"ZNF24"}],"confidence":{"state":"","who":["user:sanjeevkrn"],"prob":1},"fields":{},"normalizations":{}},{"classId":"e_1","part":"s2p1","offsets":[{"start":1168,"text":"β-Catenin"}],"confidence":{"state":"","who":["user:sanjeevkrn"],"prob":1},"fields":{},"normalizations":{}},{"classId":"e_1","part":"s2p1","offsets":[{"start":1179,"text":"CTNNB1"}],"confidence":{"state":"","who":["user:sanjeevkrn"],"prob":1},"fields":{},"normalizations":{}},{"classId":"e_1","part":"s2p1","offsets":[{"start":1221,"text":"ZNF24"}],"confidence":{"state":"","who":["user:sanjeevkrn"],"prob":1},"fields":{},"normalizations":{}},{"classId":"e_1","part":"s2p1","offsets":[{"start":1330,"text":"ZNF24"}],"confidence":{"state":"","who":["user:sanjeevkrn"],"prob":1},"fields":{},"normalizations":{}},{"classId":"e_1","part":"s2p1","offsets":[{"start":1436,"text":"ZNF24"}],"confidence":{"state":"","who":["user:sanjeevkrn"],"prob":1},"fields":{},"normalizations":{}},{"classId":"e_1","part":"s3p1","offsets":[{"start":4,"text":"zinc finger protein 24"}],"confidence":{"state":"","who":["user:sanjeevkrn"],"prob":1},"fields":{},"normalizations":{}},{"classId":"e_1","part":"s3p1","offsets":[{"start":28,"text":"ZNF24"}],"confidence":{"state":"","who":["user:sanjeevkrn"],"prob":1},"fields":{},"normalizations":{}},{"classId":"e_1","part":"s3p1","offsets":[{"start":49,"text":"ZNF"}],"confidence":{"state":"","who":["user:sanjeevkrn"],"prob":1},"fields":{},"normalizations":{}},{"classId":"e_1","part":"s3p1","offsets":[{"start":53,"text":"Zfp191"}],"confidence":{"state":"","who":["user:sanjeevkrn"],"prob":1},"fields":{},"normalizations":{}},{"classId":"e_1","part":"s3p1","offsets":[{"start":195,"text":"RSG-A"}],"confidence":{"state":"","who":["user:sanjeevkrn"],"prob":1},"fields":{},"normalizations":{}},{"classId":"e_1","part":"s3p1","offsets":[{"start":206,"text":"retinoic acid suppressed gene-A"}],"confidence":{"state":"","who":["user:sanjeevkrn"],"prob":1},"fields":{},"normalizations":{}},{"classId":"e_1","part":"s3p1","offsets":[{"start":402,"text":"ZNF24"}],"confidence":{"state":"","who":["user:sanjeevkrn"],"prob":1},"fields":{},"normalizations":{}},{"classId":"e_1","part":"s3p1","offsets":[{"start":781,"text":"ZNF24"}],"confidence":{"state":"","who":["user:sanjeevkrn"],"prob":1},"fields":{},"normalizations":{}},{"classId":"e_1","part":"s3p1","offsets":[{"start":918,"text":"TH"}],"confidence":{"state":"","who":["user:sanjeevkrn"],"prob":1},"fields":{},"normalizations":{}},{"classId":"e_1","part":"s3p1","offsets":[{"start":1085,"text":"TH"}],"confidence":{"state":"","who":["user:sanjeevkrn"],"prob":1},"fields":{},"normalizations":{}},{"classId":"e_1","part":"s3p1","offsets":[{"start":1181,"text":"ZNF24"}],"confidence":{"state":"","who":["user:sanjeevkrn"],"prob":1},"fields":{},"normalizations":{}},{"classId":"e_1","part":"s3p1","offsets":[{"start":1191,"text":"ZNF24"}],"confidence":{"state":"","who":["user:sanjeevkrn"],"prob":1},"fields":{},"normalizations":{}},{"classId":"e_1","part":"s3p1","offsets":[{"start":1223,"text":"CTNNB1"}],"confidence":{"state":"","who":["user:sanjeevkrn"],"prob":1},"fields":{},"normalizations":{}},{"classId":"e_1","part":"s3p1","offsets":[{"start":1272,"text":"β-Catenin"}],"confidence":{"state":"","who":["user:sanjeevkrn"],"prob":1},"fields":{},"normalizations":{}},{"classId":"e_1","part":"s3p1","offsets":[{"start":1346,"text":"ZNF24"}],"confidence":{"state":"","who":["user:sanjeevkrn"],"prob":1},"fields":{},"normalizations":{}},{"classId":"e_3","part":"s3p1","offsets":[{"start":1378,"text":"mouse"}],"confidence":{"state":"","who":["user:sanjeevkrn"],"prob":1},"fields":{},"normalizations":{}},{"classId":"e_1","part":"s3p1","offsets":[{"start":1394,"text":"Zfp191"}],"confidence":{"state":"","who":["user:sanjeevkrn"],"prob":1},"fields":{},"normalizations":{}},{"classId":"e_3","part":"s3p1","offsets":[{"start":1447,"text":"human"}],"confidence":{"state":"","who":["user:sanjeevkrn"],"prob":1},"fields":{},"normalizations":{}},{"classId":"e_3","part":"s3p1","offsets":[{"start":1453,"text":"mouse"}],"confidence":{"state":"","who":["user:sanjeevkrn"],"prob":1},"fields":{},"normalizations":{}},{"classId":"e_1","part":"s3p1","offsets":[{"start":1520,"text":"ZNF24"}],"confidence":{"state":"","who":["user:sanjeevkrn"],"prob":1},"fields":{},"normalizations":{}},{"classId":"e_1","part":"s3p1","offsets":[{"start":1605,"text":"ZNF24"}],"confidence":{"state":"","who":["user:sanjeevkrn"],"prob":1},"fields":{},"normalizations":{}},{"classId":"e_1","part":"s3p1","offsets":[{"start":1649,"text":"VEGF"}],"confidence":{"state":"","who":["user:sanjeevkrn"],"prob":1},"fields":{},"normalizations":{}},{"classId":"e_1","part":"s3p1","offsets":[{"start":1658,"text":"PDGFRB"}],"confidence":{"state":"","who":["user:sanjeevkrn"],"prob":1},"fields":{},"normalizations":{}},{"classId":"e_1","part":"s3p1","offsets":[{"start":1704,"text":"VEGF"}],"confidence":{"state":"","who":["user:sanjeevkrn"],"prob":1},"fields":{},"normalizations":{}},{"classId":"e_1","part":"s3p1","offsets":[{"start":1713,"text":"PDGFRB"}],"confidence":{"state":"","who":["user:sanjeevkrn"],"prob":1},"fields":{},"normalizations":{}},{"classId":"e_1","part":"s3p1","offsets":[{"start":1770,"text":"ZNF24"}],"confidence":{"state":"","who":["user:sanjeevkrn"],"prob":1},"fields":{},"normalizations":{}},{"classId":"e_1","part":"s3p1","offsets":[{"start":2019,"text":"ZNF24"}],"confidence":{"state":"","who":["user:sanjeevkrn"],"prob":1},"fields":{},"normalizations":{}},{"classId":"e_3","part":"s3p1","offsets":[{"start":2112,"text":"mice"}],"confidence":{"state":"","who":["user:sanjeevkrn"],"prob":1},"fields":{},"normalizations":{}},{"classId":"e_1","part":"s3p1","offsets":[{"start":2145,"text":"ZNF24"}],"confidence":{"state":"","who":["user:sanjeevkrn"],"prob":1},"fields":{},"normalizations":{}},{"classId":"e_1","part":"s3p1","offsets":[{"start":2336,"text":"ZNF24"}],"confidence":{"state":"","who":["user:sanjeevkrn"],"prob":1},"fields":{},"normalizations":{}},{"classId":"e_1","part":"s3p1","offsets":[{"start":2456,"text":"ZNF24"}],"confidence":{"state":"","who":["user:sanjeevkrn"],"prob":1},"fields":{},"normalizations":{}},{"classId":"e_1","part":"s3p1","offsets":[{"start":2555,"text":"ZNF24"}],"confidence":{"state":"","who":["user:sanjeevkrn"],"prob":1},"fields":{},"normalizations":{}},{"classId":"e_1","part":"s3p2","offsets":[{"start":610,"text":"importin-β1"}],"confidence":{"state":"","who":["user:sanjeevkrn"],"prob":1},"fields":{},"normalizations":{}},{"classId":"e_1","part":"s3p2","offsets":[{"start":1650,"text":"ZNF24"}],"confidence":{"state":"","who":["user:sanjeevkrn"],"prob":1},"fields":{},"normalizations":{}},{"classId":"e_1","part":"s3p3","offsets":[{"start":35,"text":"ZNF24"}],"confidence":{"state":"","who":["user:sanjeevkrn"],"prob":1},"fields":{},"normalizations":{}},{"classId":"e_1","part":"s3p3","offsets":[{"start":114,"text":"ZNF24"}],"confidence":{"state":"","who":["user:sanjeevkrn"],"prob":1},"fields":{},"normalizations":{}},{"classId":"e_1","part":"s3p3","offsets":[{"start":371,"text":"ZNF24"}],"confidence":{"state":"","who":["user:sanjeevkrn"],"prob":1},"fields":{},"normalizations":{}},{"classId":"e_1","part":"s3p3","offsets":[{"start":416,"text":"β-Catenin"}],"confidence":{"state":"","who":["user:sanjeevkrn"],"prob":1},"fields":{},"normalizations":{}},{"classId":"e_3","part":"s4s1p1","offsets":[{"start":85,"text":"human"}],"confidence":{"state":"","who":["user:sanjeevkrn"],"prob":1},"fields":{},"normalizations":{}},{"classId":"e_1","part":"s4s1p1","offsets":[{"start":91,"text":"ZNF24"}],"confidence":{"state":"","who":["user:sanjeevkrn"],"prob":1},"fields":{},"normalizations":{}},{"classId":"e_3","part":"s4s1p1","offsets":[{"start":393,"text":"human"}],"confidence":{"state":"","who":["user:sanjeevkrn"],"prob":1},"fields":{},"normalizations":{}},{"classId":"e_1","part":"s4s1p1","offsets":[{"start":399,"text":"ZNF24"}],"confidence":{"state":"","who":["user:sanjeevkrn"],"prob":1},"fields":{},"normalizations":{}},{"classId":"e_1","part":"s4s1p1","offsets":[{"start":496,"text":"ZNF24"}],"confidence":{"state":"","who":["user:sanjeevkrn"],"prob":1},"fields":{},"normalizations":{}},{"classId":"e_3","part":"s4s1p1","offsets":[{"start":609,"text":"human"}],"confidence":{"state":"","who":["user:sanjeevkrn"],"prob":1},"fields":{},"normalizations":{}},{"classId":"e_2","part":"s4s1p1","offsets":[{"start":1065,"text":"K258A"}],"confidence":{"state":"","who":["user:sanjeevkrn"],"prob":1},"fields":{},"normalizations":{}},{"classId":"e_2","part":"s4s1p1","offsets":[{"start":1119,"text":"S261A"}],"confidence":{"state":"","who":["user:sanjeevkrn"],"prob":1},"fields":{},"normalizations":{}},{"classId":"e_2","part":"s4s1p1","offsets":[{"start":1170,"text":"S264A"}],"confidence":{"state":"","who":["user:sanjeevkrn"],"prob":1},"fields":{},"normalizations":{}},{"classId":"e_2","part":"s4s1p1","offsets":[{"start":1221,"text":"R271A"}],"confidence":{"state":"","who":["user:sanjeevkrn"],"prob":1},"fields":{},"normalizations":{}},{"classId":"e_2","part":"s4s1p1","offsets":[{"start":1278,"text":"S274A"}],"confidence":{"state":"","who":["user:sanjeevkrn"],"prob":1},"fields":{},"normalizations":{}},{"classId":"e_2","part":"s4s1p1","offsets":[{"start":1333,"text":"K277A"}],"confidence":{"state":"","who":["user:sanjeevkrn"],"prob":1},"fields":{},"normalizations":{}},{"classId":"e_2","part":"s4s1p1","offsets":[{"start":1410,"text":"Y279A"}],"confidence":{"state":"","who":["user:sanjeevkrn"],"prob":1},"fields":{},"normalizations":{}},{"classId":"e_2","part":"s4s1p1","offsets":[{"start":1481,"text":"K286A"}],"confidence":{"state":"","who":["user:sanjeevkrn"],"prob":1},"fields":{},"normalizations":{}},{"classId":"e_2","part":"s4s1p1","offsets":[{"start":1556,"text":"S289A"}],"confidence":{"state":"","who":["user:sanjeevkrn"],"prob":1},"fields":{},"normalizations":{}},{"classId":"e_2","part":"s4s1p1","offsets":[{"start":1611,"text":"R290A"}],"confidence":{"state":"","who":["user:sanjeevkrn"],"prob":1},"fields":{},"normalizations":{}},{"classId":"e_2","part":"s4s1p1","offsets":[{"start":1689,"text":"S291A"}],"confidence":{"state":"","who":["user:sanjeevkrn"],"prob":1},"fields":{},"normalizations":{}},{"classId":"e_2","part":"s4s1p1","offsets":[{"start":1739,"text":"S292A"}],"confidence":{"state":"","who":["user:sanjeevkrn"],"prob":1},"fields":{},"normalizations":{}},{"classId":"e_2","part":"s4s1p1","offsets":[{"start":1791,"text":"R299A"}],"confidence":{"state":"","who":["user:sanjeevkrn"],"prob":1},"fields":{},"normalizations":{}},{"classId":"e_2","part":"s4s1p1","offsets":[{"start":1865,"text":"H269"}],"confidence":{"state":"","who":["user:sanjeevkrn"],"prob":1},"fields":{},"normalizations":{}},{"classId":"e_2","part":"s4s1p1","offsets":[{"start":1870,"text":"273L"}],"confidence":{"state":"","who":["user:sanjeevkrn"],"prob":1},"fields":{},"normalizations":{}},{"classId":"e_2","part":"s4s1p1","offsets":[{"start":1944,"text":"H297"}],"confidence":{"state":"","who":["user:sanjeevkrn"],"prob":1},"fields":{},"normalizations":{}},{"classId":"e_2","part":"s4s1p1","offsets":[{"start":1950,"text":"301L"}],"confidence":{"state":"","who":["user:sanjeevkrn"],"prob":1},"fields":{},"normalizations":{}},{"classId":"e_2","part":"s4s1p1","offsets":[{"start":2021,"text":"dZF1-2"}],"confidence":{"state":"","who":["user:sanjeevkrn"],"prob":1},"fields":{},"normalizations":{}},{"classId":"e_2","part":"s4s1p1","offsets":[{"start":2099,"text":"dZF1"}],"confidence":{"state":"","who":["user:sanjeevkrn"],"prob":1},"fields":{},"normalizations":{}},{"classId":"e_2","part":"s4s1p1","offsets":[{"start":2173,"text":"dZF2"}],"confidence":{"state":"","who":["user:sanjeevkrn"],"prob":1},"fields":{},"normalizations":{}},{"classId":"e_1","part":"s4s1f1h1","offsets":[{"start":0,"text":"ZNF24"}],"confidence":{"state":"","who":["user:sanjeevkrn"],"prob":1},"fields":{},"normalizations":{}},{"classId":"e_1","part":"s4s1f1p1","offsets":[{"start":42,"text":"ZNF24"}],"confidence":{"state":"","who":["user:sanjeevkrn"],"prob":1},"fields":{},"normalizations":{}},{"classId":"e_1","part":"s4s1f1p1","offsets":[{"start":323,"text":"ZNF24"}],"confidence":{"state":"","who":["user:sanjeevkrn"],"prob":1},"fields":{},"normalizations":{}},{"classId":"e_1","part":"s4s4p1","offsets":[{"start":112,"text":"ZNF24"}],"confidence":{"state":"","who":["user:sanjeevkrn"],"prob":1},"fields":{},"normalizations":{}},{"classId":"e_3","part":"s4s4p1","offsets":[{"start":267,"text":"mouse"}],"confidence":{"state":"","who":["user:sanjeevkrn"],"prob":1},"fields":{},"normalizations":{}},{"classId":"e_3","part":"s4s4p1","offsets":[{"start":358,"text":"goat"}],"confidence":{"state":"","who":["user:sanjeevkrn"],"prob":1},"fields":{},"normalizations":{}},{"classId":"e_3","part":"s4s4p1","offsets":[{"start":368,"text":"mouse"}],"confidence":{"state":"","who":["user:sanjeevkrn"],"prob":1},"fields":{},"normalizations":{}},{"classId":"e_3","part":"s4s4p1","offsets":[{"start":638,"text":"mouse"}],"confidence":{"state":"","who":["user:sanjeevkrn"],"prob":1},"fields":{},"normalizations":{}},{"classId":"e_1","part":"s4s5p1","offsets":[{"start":129,"text":"ZNF24"}],"confidence":{"state":"","who":["user:sanjeevkrn"],"prob":1},"fields":{},"normalizations":{}},{"classId":"e_1","part":"s4s5p1","offsets":[{"start":156,"text":"β-Catenin"}],"confidence":{"state":"","who":["user:sanjeevkrn"],"prob":1},"fields":{},"normalizations":{}},{"classId":"e_1","part":"s4s5p1","offsets":[{"start":167,"text":"CTNNB1"}],"confidence":{"state":"","who":["user:sanjeevkrn"],"prob":1},"fields":{},"normalizations":{}},{"classId":"e_1","part":"s5s1h1","offsets":[{"start":26,"text":"ZNF24"}],"confidence":{"state":"","who":["user:sanjeevkrn"],"prob":1},"fields":{},"normalizations":{}},{"classId":"e_1","part":"s5s1p1","offsets":[{"start":54,"text":"ZNF24"}],"confidence":{"state":"","who":["user:sanjeevkrn"],"prob":1},"fields":{},"normalizations":{}},{"classId":"e_1","part":"s5s1p1","offsets":[{"start":197,"text":"ZNF24"}],"confidence":{"state":"","who":["user:sanjeevkrn"],"prob":1},"fields":{},"normalizations":{}},{"classId":"e_1","part":"s5s1p1","offsets":[{"start":229,"text":"ZNF24"}],"confidence":{"state":"","who":["user:sanjeevkrn"],"prob":1},"fields":{},"normalizations":{}},{"classId":"e_1","part":"s5s1p1","offsets":[{"start":426,"text":"ZNF24"}],"confidence":{"state":"","who":["user:sanjeevkrn"],"prob":1},"fields":{},"normalizations":{}},{"classId":"e_3","part":"s5s1p1","offsets":[{"start":447,"text":"human"}],"confidence":{"state":"","who":["user:sanjeevkrn"],"prob":1},"fields":{},"normalizations":{}},{"classId":"e_1","part":"s5s1p1","offsets":[{"start":800,"text":"ZNF24"}],"confidence":{"state":"","who":["user:sanjeevkrn"],"prob":1},"fields":{},"normalizations":{}},{"classId":"e_1","part":"s5s1p1","offsets":[{"start":897,"text":"ZNF24"}],"confidence":{"state":"","who":["user:sanjeevkrn"],"prob":1},"fields":{},"normalizations":{}},{"classId":"e_1","part":"s5s1p1","offsets":[{"start":952,"text":"ZNF24"}],"confidence":{"state":"","who":["user:sanjeevkrn"],"prob":1},"fields":{},"normalizations":{}},{"classId":"e_1","part":"s5s1p1","offsets":[{"start":1011,"text":"ZNF24"}],"confidence":{"state":"","who":["user:sanjeevkrn"],"prob":1},"fields":{},"normalizations":{}},{"classId":"e_1","part":"s5s1p2","offsets":[{"start":57,"text":"ZNF24"}],"confidence":{"state":"","who":["user:sanjeevkrn"],"prob":1},"fields":{},"normalizations":{}},{"classId":"e_1","part":"s5s1p2","offsets":[{"start":113,"text":"ZNF24"}],"confidence":{"state":"","who":["user:sanjeevkrn"],"prob":1},"fields":{},"normalizations":{}},{"classId":"e_1","part":"s5s1p2","offsets":[{"start":177,"text":"ZNF24"}],"confidence":{"state":"","who":["user:sanjeevkrn"],"prob":1},"fields":{},"normalizations":{}},{"classId":"e_1","part":"s5s1p2","offsets":[{"start":215,"text":"ZNF24"}],"confidence":{"state":"","who":["user:sanjeevkrn"],"prob":1},"fields":{},"normalizations":{}},{"classId":"e_1","part":"s5s1p2","offsets":[{"start":567,"text":"ZNF24"}],"confidence":{"state":"","who":["user:sanjeevkrn"],"prob":1},"fields":{},"normalizations":{}},{"classId":"e_1","part":"s5s1p2","offsets":[{"start":770,"text":"ZNF24"}],"confidence":{"state":"","who":["user:sanjeevkrn"],"prob":1},"fields":{},"normalizations":{}},{"classId":"e_1","part":"s5s2h1","offsets":[{"start":58,"text":"ZNF24"}],"confidence":{"state":"","who":["user:sanjeevkrn"],"prob":1},"fields":{},"normalizations":{}},{"classId":"e_2","part":"s5s2p1","offsets":[{"start":388,"text":"Deletion of the ZF4"}],"confidence":{"state":"","who":["user:sanjeevkrn"],"prob":1},"fields":{},"normalizations":{}},{"classId":"e_2","part":"s5s2p1","offsets":[{"start":428,"text":"ZF3-4"}],"confidence":{"state":"","who":["user:sanjeevkrn"],"prob":1},"fields":{},"normalizations":{}},{"classId":"e_1","part":"s5s2p1","offsets":[{"start":492,"text":"ZNF24"}],"confidence":{"state":"","who":["user:sanjeevkrn"],"prob":1},"fields":{},"normalizations":{}},{"classId":"e_2","part":"s5s2p1","offsets":[{"start":520,"text":"deletion of the ZF2-4"}],"confidence":{"state":"","who":["user:sanjeevkrn"],"prob":1},"fields":{},"normalizations":{}},{"classId":"e_2","part":"s5s2p1","offsets":[{"start":652,"text":"Deletion of whole ZF region"}],"confidence":{"state":"","who":["user:sanjeevkrn"],"prob":1},"fields":{},"normalizations":{}},{"classId":"e_1","part":"s5s2p1","offsets":[{"start":911,"text":"ZNF24"}],"confidence":{"state":"","who":["user:sanjeevkrn"],"prob":1},"fields":{},"normalizations":{}},{"classId":"e_1","part":"s5s2f1p1","offsets":[{"start":27,"text":"ZNF24"}],"confidence":{"state":"","who":["user:sanjeevkrn"],"prob":1},"fields":{},"normalizations":{}},{"classId":"e_2","part":"s5s2p2","offsets":[{"start":51,"text":"deletion of the ZF1-2"}],"confidence":{"state":"","who":["user:sanjeevkrn"],"prob":1},"fields":{},"normalizations":{}},{"classId":"e_2","part":"s5s2p2","offsets":[{"start":92,"text":"dZF1-2"}],"confidence":{"state":"","who":["user:sanjeevkrn"],"prob":1},"fields":{},"normalizations":{}},{"classId":"e_2","part":"s5s2p2","offsets":[{"start":222,"text":"dZF1-2"}],"confidence":{"state":"","who":["user:sanjeevkrn"],"prob":1},"fields":{},"normalizations":{}},{"classId":"e_1","part":"s5s2p2","offsets":[{"start":290,"text":"ZNF24"}],"confidence":{"state":"","who":["user:sanjeevkrn"],"prob":1},"fields":{},"normalizations":{}},{"classId":"e_2","part":"s5s2p2","offsets":[{"start":368,"text":"dZF1"}],"confidence":{"state":"","who":["user:sanjeevkrn"],"prob":1},"fields":{},"normalizations":{}},{"classId":"e_2","part":"s5s2p2","offsets":[{"start":377,"text":"dZF2"}],"confidence":{"state":"","who":["user:sanjeevkrn"],"prob":1},"fields":{},"normalizations":{}},{"classId":"e_2","part":"s5s2p2","offsets":[{"start":580,"text":"dZF1"}],"confidence":{"state":"","who":["user:sanjeevkrn"],"prob":1},"fields":{},"normalizations":{}},{"classId":"e_2","part":"s5s2p2","offsets":[{"start":589,"text":"dZF2"}],"confidence":{"state":"","who":["user:sanjeevkrn"],"prob":1},"fields":{},"normalizations":{}},{"classId":"e_1","part":"s5s2p2","offsets":[{"start":901,"text":"ZNF24"}],"confidence":{"state":"","who":["user:sanjeevkrn"],"prob":1},"fields":{},"normalizations":{}},{"classId":"e_1","part":"s5s2p3","offsets":[{"start":742,"text":"ZNF24"}],"confidence":{"state":"","who":["user:sanjeevkrn"],"prob":1},"fields":{},"normalizations":{}},{"classId":"e_1","part":"s5s2p4","offsets":[{"start":159,"text":"ZNF24"}],"confidence":{"state":"","who":["user:sanjeevkrn"],"prob":1},"fields":{},"normalizations":{}},{"classId":"e_1","part":"s5s2p4","offsets":[{"start":305,"text":"ZNF24"}],"confidence":{"state":"","who":["user:sanjeevkrn"],"prob":1},"fields":{},"normalizations":{}},{"classId":"e_2","part":"s5s2p4","offsets":[{"start":363,"text":"H269"}],"confidence":{"state":"","who":["user:sanjeevkrn"],"prob":1},"fields":{},"normalizations":{}},{"classId":"e_2","part":"s5s2p4","offsets":[{"start":368,"text":"273L"}],"confidence":{"state":"","who":["user:sanjeevkrn"],"prob":1},"fields":{},"normalizations":{}},{"classId":"e_2","part":"s5s2p4","offsets":[{"start":374,"text":"H297"}],"confidence":{"state":"","who":["user:sanjeevkrn"],"prob":1},"fields":{},"normalizations":{}},{"classId":"e_2","part":"s5s2p4","offsets":[{"start":379,"text":"301L"}],"confidence":{"state":"","who":["user:sanjeevkrn"],"prob":1},"fields":{},"normalizations":{}},{"classId":"e_2","part":"s5s2p4","offsets":[{"start":388,"text":"H269"}],"confidence":{"state":"","who":["user:sanjeevkrn"],"prob":1},"fields":{},"normalizations":{}},{"classId":"e_2","part":"s5s2p4","offsets":[{"start":393,"text":"273"}],"confidence":{"state":"","who":["user:sanjeevkrn"],"prob":1},"fields":{},"normalizations":{}},{"classId":"e_2","part":"s5s2p4","offsets":[{"start":397,"text":"297"}],"confidence":{"state":"","who":["user:sanjeevkrn"],"prob":1},"fields":{},"normalizations":{}},{"classId":"e_2","part":"s5s2p4","offsets":[{"start":401,"text":"301L"}],"confidence":{"state":"","who":["user:sanjeevkrn"],"prob":1},"fields":{},"normalizations":{}},{"classId":"e_1","part":"s5s2p4","offsets":[{"start":630,"text":"ZNF24"}],"confidence":{"state":"","who":["user:sanjeevkrn"],"prob":1},"fields":{},"normalizations":{}},{"classId":"e_2","part":"s5s2p4","offsets":[{"start":692,"text":"H269"}],"confidence":{"state":"","who":["user:sanjeevkrn"],"prob":1},"fields":{},"normalizations":{}},{"classId":"e_2","part":"s5s2p4","offsets":[{"start":697,"text":"273L"}],"confidence":{"state":"","who":["user:sanjeevkrn"],"prob":1},"fields":{},"normalizations":{}},{"classId":"e_2","part":"s5s2p4","offsets":[{"start":702,"text":"H297"}],"confidence":{"state":"","who":["user:sanjeevkrn"],"prob":1},"fields":{},"normalizations":{}},{"classId":"e_2","part":"s5s2p4","offsets":[{"start":707,"text":"301L"}],"confidence":{"state":"","who":["user:sanjeevkrn"],"prob":1},"fields":{},"normalizations":{}},{"classId":"e_2","part":"s5s2p4","offsets":[{"start":716,"text":"H269"}],"confidence":{"state":"","who":["user:sanjeevkrn"],"prob":1},"fields":{},"normalizations":{}},{"classId":"e_2","part":"s5s2p4","offsets":[{"start":721,"text":"273"}],"confidence":{"state":"","who":["user:sanjeevkrn"],"prob":1},"fields":{},"normalizations":{}},{"classId":"e_2","part":"s5s2p4","offsets":[{"start":725,"text":"297"}],"confidence":{"state":"","who":["user:sanjeevkrn"],"prob":1},"fields":{},"normalizations":{}},{"classId":"e_2","part":"s5s2p4","offsets":[{"start":729,"text":"301L"}],"confidence":{"state":"","who":["user:sanjeevkrn"],"prob":1},"fields":{},"normalizations":{}},{"classId":"e_1","part":"s5s2p4","offsets":[{"start":833,"text":"ZNF24"}],"confidence":{"state":"","who":["user:sanjeevkrn"],"prob":1},"fields":{},"normalizations":{}},{"classId":"e_1","part":"s5s2f3h1","offsets":[{"start":63,"text":"ZNF24"}],"confidence":{"state":"","who":["user:sanjeevkrn"],"prob":1},"fields":{},"normalizations":{}},{"classId":"e_1","part":"s5s2f3p1","offsets":[{"start":27,"text":"ZNF24"}],"confidence":{"state":"","who":["user:sanjeevkrn"],"prob":1},"fields":{},"normalizations":{}},{"classId":"e_1","part":"s5s2f3p1","offsets":[{"start":280,"text":"ZNF24"}],"confidence":{"state":"","who":["user:sanjeevkrn"],"prob":1},"fields":{},"normalizations":{}},{"classId":"e_1","part":"s5s3h1","offsets":[{"start":124,"text":"ZNF24"}],"confidence":{"state":"","who":["user:sanjeevkrn"],"prob":1},"fields":{},"normalizations":{}},{"classId":"e_1","part":"s5s3p1","offsets":[{"start":104,"text":"ZNF24"}],"confidence":{"state":"","who":["user:sanjeevkrn"],"prob":1},"fields":{},"normalizations":{}},{"classId":"e_2","part":"s5s3p1","offsets":[{"start":317,"text":"replaced each lysine and arginine in ZF1 and ZF2 with alanine"}],"confidence":{"state":"","who":["user:sanjeevkrn"],"prob":1},"fields":{},"normalizations":{}},{"classId":"e_1","part":"s5s3p1","offsets":[{"start":442,"text":"ZNF24"}],"confidence":{"state":"","who":["user:sanjeevkrn"],"prob":1},"fields":{},"normalizations":{}},{"classId":"e_2","part":"s5s3p1","offsets":[{"start":540,"text":"mutation of basic residues 286 or 290 to alanine"}],"confidence":{"state":"","who":["user:sanjeevkrn"],"prob":1},"fields":{},"normalizations":{}},{"classId":"e_2","part":"s5s3p1","offsets":[{"start":590,"text":"K286A"}],"confidence":{"state":"","who":["user:sanjeevkrn"],"prob":1},"fields":{},"normalizations":{}},{"classId":"e_2","part":"s5s3p1","offsets":[{"start":599,"text":"R290A"}],"confidence":{"state":"","who":["user:sanjeevkrn"],"prob":1},"fields":{},"normalizations":{}},{"classId":"e_1","part":"s5s3f1h1","offsets":[{"start":136,"text":"ZNF24"}],"confidence":{"state":"","who":["user:sanjeevkrn"],"prob":1},"fields":{},"normalizations":{}},{"classId":"e_1","part":"s5s3f1p1","offsets":[{"start":19,"text":"ZNF24"}],"confidence":{"state":"","who":["user:sanjeevkrn"],"prob":1},"fields":{},"normalizations":{}},{"classId":"e_2","part":"s5s3f1p1","offsets":[{"start":38,"text":"point mutation of the lysine(K)"}],"confidence":{"state":"","who":["user:sanjeevkrn"],"prob":1},"fields":{},"normalizations":{}},{"classId":"e_2","part":"s5s3f1p1","offsets":[{"start":71,"text":"argine(R)"}],"confidence":{"state":"","who":["user:sanjeevkrn"],"prob":1},"fields":{},"normalizations":{}},{"classId":"e_2","part":"s5s3f1p1","offsets":[{"start":82,"text":"serines (S)"}],"confidence":{"state":"","who":["user:sanjeevkrn"],"prob":1},"fields":{},"normalizations":{}},{"classId":"e_2","part":"s5s3f1p1","offsets":[{"start":95,"text":"threonines (T)"}],"confidence":{"state":"","who":["user:sanjeevkrn"],"prob":1},"fields":{},"normalizations":{}},{"classId":"e_2","part":"s5s3f1p1","offsets":[{"start":113,"text":"lysines (K) to alanines (A) within the first and second ZF region"}],"confidence":{"state":"","who":["user:sanjeevkrn"],"prob":1},"fields":{},"normalizations":{}},{"classId":"e_1","part":"s5s3f1p1","offsets":[{"start":504,"text":"ZNF24"}],"confidence":{"state":"","who":["user:sanjeevkrn"],"prob":1},"fields":{},"normalizations":{}},{"classId":"e_2","part":"s5s3p2","offsets":[{"start":80,"text":"mutated the serine"}],"confidence":{"state":"","who":["user:sanjeevkrn"],"prob":1},"fields":{},"normalizations":{}},{"classId":"e_2","part":"s5s3p2","offsets":[{"start":100,"text":"threonine"}],"confidence":{"state":"","who":["user:sanjeevkrn"],"prob":1},"fields":{},"normalizations":{}},{"classId":"e_2","part":"s5s3p2","offsets":[{"start":113,"text":"tyrosine residues within this region"}],"confidence":{"state":"","who":["user:sanjeevkrn"],"prob":1},"fields":{},"normalizations":{}},{"classId":"e_1","part":"s5s3p2","offsets":[{"start":457,"text":"ZNF24"}],"confidence":{"state":"","who":["user:sanjeevkrn"],"prob":1},"fields":{},"normalizations":{}},{"classId":"e_1","part":"s5s4h1","offsets":[{"start":43,"text":"ZNF24"}],"confidence":{"state":"","who":["user:sanjeevkrn"],"prob":1},"fields":{},"normalizations":{}},{"classId":"e_1","part":"s5s4p1","offsets":[{"start":59,"text":"importin-β1"}],"confidence":{"state":"","who":["user:sanjeevkrn"],"prob":1},"fields":{},"normalizations":{}},{"classId":"e_1","part":"s5s4p1","offsets":[{"start":257,"text":"ZNF24"}],"confidence":{"state":"","who":["user:sanjeevkrn"],"prob":1},"fields":{},"normalizations":{}},{"classId":"e_1","part":"s5s4p1","offsets":[{"start":313,"text":"ZNF24"}],"confidence":{"state":"","who":["user:sanjeevkrn"],"prob":1},"fields":{},"normalizations":{}},{"classId":"e_1","part":"s5s4p1","offsets":[{"start":420,"text":"ZNF24"}],"confidence":{"state":"","who":["user:sanjeevkrn"],"prob":1},"fields":{},"normalizations":{}},{"classId":"e_1","part":"s5s4p1","offsets":[{"start":725,"text":"ZNF24"}],"confidence":{"state":"","who":["user:sanjeevkrn"],"prob":1},"fields":{},"normalizations":{}},{"classId":"e_1","part":"s5s4p1","offsets":[{"start":866,"text":"ZNF24"}],"confidence":{"state":"","who":["user:sanjeevkrn"],"prob":1},"fields":{},"normalizations":{}},{"classId":"e_1","part":"s5s4f1h1","offsets":[{"start":33,"text":"ZNF24"}],"confidence":{"state":"","who":["user:sanjeevkrn"],"prob":1},"fields":{},"normalizations":{}},{"classId":"e_1","part":"s5s4f1h1","offsets":[{"start":50,"text":"importin-β1"}],"confidence":{"state":"","who":["user:sanjeevkrn"],"prob":1},"fields":{},"normalizations":{}},{"classId":"e_1","part":"s5s4f1p1","offsets":[{"start":11,"text":"ZNF24"}],"confidence":{"state":"","who":["user:sanjeevkrn"],"prob":1},"fields":{},"normalizations":{}},{"classId":"e_1","part":"s5s4f1p1","offsets":[{"start":73,"text":"importin-β1"}],"confidence":{"state":"","who":["user:sanjeevkrn"],"prob":1},"fields":{},"normalizations":{}},{"classId":"e_1","part":"s5s4f1p1","offsets":[{"start":116,"text":"importin-β1"}],"confidence":{"state":"","who":["user:sanjeevkrn"],"prob":1},"fields":{},"normalizations":{}},{"classId":"e_1","part":"s5s4f1p1","offsets":[{"start":158,"text":"ZNF24"}],"confidence":{"state":"","who":["user:sanjeevkrn"],"prob":1},"fields":{},"normalizations":{}},{"classId":"e_1","part":"s5s5h1","offsets":[{"start":64,"text":"β-Catenin"}],"confidence":{"state":"","who":["user:sanjeevkrn"],"prob":1},"fields":{},"normalizations":{}},{"classId":"e_1","part":"s5s5p1","offsets":[{"start":31,"text":"ZNF24"}],"confidence":{"state":"","who":["user:sanjeevkrn"],"prob":1},"fields":{},"normalizations":{}},{"classId":"e_1","part":"s5s5p1","offsets":[{"start":93,"text":"ZNF24"}],"confidence":{"state":"","who":["user:sanjeevkrn"],"prob":1},"fields":{},"normalizations":{}},{"classId":"e_1","part":"s5s5p1","offsets":[{"start":110,"text":"β-Catenin"}],"confidence":{"state":"","who":["user:sanjeevkrn"],"prob":1},"fields":{},"normalizations":{}},{"classId":"e_1","part":"s5s5p1","offsets":[{"start":121,"text":"CTNNB1"}],"confidence":{"state":"","who":["user:sanjeevkrn"],"prob":1},"fields":{},"normalizations":{}},{"classId":"e_1","part":"s5s5p1","offsets":[{"start":210,"text":"ZNF24"}],"confidence":{"state":"","who":["user:sanjeevkrn"],"prob":1},"fields":{},"normalizations":{}},{"classId":"e_1","part":"s5s5p1","offsets":[{"start":229,"text":"CTNNB1"}],"confidence":{"state":"","who":["user:sanjeevkrn"],"prob":1},"fields":{},"normalizations":{}},{"classId":"e_1","part":"s5s5p1","offsets":[{"start":352,"text":"ZNF24"}],"confidence":{"state":"","who":["user:sanjeevkrn"],"prob":1},"fields":{},"normalizations":{}},{"classId":"e_1","part":"s5s5p1","offsets":[{"start":397,"text":"CTNNB1"}],"confidence":{"state":"","who":["user:sanjeevkrn"],"prob":1},"fields":{},"normalizations":{}},{"classId":"e_2","part":"s5s5p1","offsets":[{"start":432,"text":"dZF1-2"}],"confidence":{"state":"","who":["user:sanjeevkrn"],"prob":1},"fields":{},"normalizations":{}},{"classId":"e_2","part":"s5s5p1","offsets":[{"start":463,"text":"K286A"}],"confidence":{"state":"","who":["user:sanjeevkrn"],"prob":1},"fields":{},"normalizations":{}},{"classId":"e_2","part":"s5s5p1","offsets":[{"start":473,"text":"R290A"}],"confidence":{"state":"","who":["user:sanjeevkrn"],"prob":1},"fields":{},"normalizations":{}},{"classId":"e_2","part":"s5s5p1","offsets":[{"start":555,"text":"K286A"}],"confidence":{"state":"","who":["user:sanjeevkrn"],"prob":1},"fields":{},"normalizations":{}},{"classId":"e_2","part":"s5s5p1","offsets":[{"start":562,"text":"R290A"}],"confidence":{"state":"","who":["user:sanjeevkrn"],"prob":1},"fields":{},"normalizations":{}},{"classId":"e_1","part":"s5s5p1","offsets":[{"start":687,"text":"ZNF24"}],"confidence":{"state":"","who":["user:sanjeevkrn"],"prob":1},"fields":{},"normalizations":{}},{"classId":"e_1","part":"s5s5p1","offsets":[{"start":711,"text":"ZNF24"}],"confidence":{"state":"","who":["user:sanjeevkrn"],"prob":1},"fields":{},"normalizations":{}},{"classId":"e_1","part":"s5s5f1p1","offsets":[{"start":36,"text":"ZNF24"}],"confidence":{"state":"","who":["user:sanjeevkrn"],"prob":1},"fields":{},"normalizations":{}},{"classId":"e_1","part":"s5s5f1p1","offsets":[{"start":78,"text":"β-Catenin"}],"confidence":{"state":"","who":["user:sanjeevkrn"],"prob":1},"fields":{},"normalizations":{}},{"classId":"e_1","part":"s6p1","offsets":[{"start":81,"text":"ZNF24"}],"confidence":{"state":"","who":["user:sanjeevkrn"],"prob":1},"fields":{},"normalizations":{}},{"classId":"e_2","part":"s6p1","offsets":[{"start":163,"text":"deletion of ZF1"}],"confidence":{"state":"","who":["user:sanjeevkrn"],"prob":1},"fields":{},"normalizations":{}},{"classId":"e_2","part":"s6p1","offsets":[{"start":182,"text":"ZF2"}],"confidence":{"state":"","who":["user:sanjeevkrn"],"prob":1},"fields":{},"normalizations":{}},{"classId":"e_2","part":"s6p1","offsets":[{"start":252,"text":"deletion of ZF1-2"}],"confidence":{"state":"","who":["user:sanjeevkrn"],"prob":1},"fields":{},"normalizations":{}},{"classId":"e_2","part":"s6p1","offsets":[{"start":336,"text":"dZF1-2"}],"confidence":{"state":"","who":["user:sanjeevkrn"],"prob":1},"fields":{},"normalizations":{}},{"classId":"e_1","part":"s6p1","offsets":[{"start":574,"text":"ZNF24"}],"confidence":{"state":"","who":["user:sanjeevkrn"],"prob":1},"fields":{},"normalizations":{}},{"classId":"e_2","part":"s6p1","offsets":[{"start":689,"text":"histidine to leucine mutations in the ZF1"}],"confidence":{"state":"","who":["user:sanjeevkrn"],"prob":1},"fields":{},"normalizations":{}},{"classId":"e_2","part":"s6p1","offsets":[{"start":738,"text":"ZF2"}],"confidence":{"state":"","who":["user:sanjeevkrn"],"prob":1},"fields":{},"normalizations":{}},{"classId":"e_1","part":"s6p1","offsets":[{"start":779,"text":"ZNF24"}],"confidence":{"state":"","who":["user:sanjeevkrn"],"prob":1},"fields":{},"normalizations":{}},{"classId":"e_1","part":"s6p1","offsets":[{"start":828,"text":"ZNF24"}],"confidence":{"state":"","who":["user:sanjeevkrn"],"prob":1},"fields":{},"normalizations":{}},{"classId":"e_1","part":"s6p2","offsets":[{"start":97,"text":"ZNF24"}],"confidence":{"state":"","who":["user:sanjeevkrn"],"prob":1},"fields":{},"normalizations":{}},{"classId":"e_1","part":"s6p2","offsets":[{"start":321,"text":"KLF1"}],"confidence":{"state":"","who":["user:sanjeevkrn"],"prob":1},"fields":{},"normalizations":{}},{"classId":"e_1","part":"s6p2","offsets":[{"start":331,"text":"KLF8"}],"confidence":{"state":"","who":["user:sanjeevkrn"],"prob":1},"fields":{},"normalizations":{}},{"classId":"e_1","part":"s6p2","offsets":[{"start":341,"text":"ZIC3"}],"confidence":{"state":"","who":["user:sanjeevkrn"],"prob":1},"fields":{},"normalizations":{}},{"classId":"e_1","part":"s6p2","offsets":[{"start":351,"text":"SP1"}],"confidence":{"state":"","who":["user:sanjeevkrn"],"prob":1},"fields":{},"normalizations":{}},{"classId":"e_1","part":"s6p2","offsets":[{"start":363,"text":"Zif268"}],"confidence":{"state":"","who":["user:sanjeevkrn"],"prob":1},"fields":{},"normalizations":{}},{"classId":"e_1","part":"s6p2","offsets":[{"start":496,"text":"ZIC3"}],"confidence":{"state":"","who":["user:sanjeevkrn"],"prob":1},"fields":{},"normalizations":{}},{"classId":"e_1","part":"s6p2","offsets":[{"start":606,"text":"KLF8"}],"confidence":{"state":"","who":["user:sanjeevkrn"],"prob":1},"fields":{},"normalizations":{}},{"classId":"e_1","part":"s6p2","offsets":[{"start":736,"text":"KLF1"}],"confidence":{"state":"","who":["user:sanjeevkrn"],"prob":1},"fields":{},"normalizations":{}},{"classId":"e_1","part":"s6p2","offsets":[{"start":746,"text":"SP1"}],"confidence":{"state":"","who":["user:sanjeevkrn"],"prob":1},"fields":{},"normalizations":{}},{"classId":"e_1","part":"s6p2","offsets":[{"start":758,"text":"Zif268"}],"confidence":{"state":"","who":["user:sanjeevkrn"],"prob":1},"fields":{},"normalizations":{}},{"classId":"e_1","part":"s6p2","offsets":[{"start":861,"text":"ZNF24"}],"confidence":{"state":"","who":["user:sanjeevkrn"],"prob":1},"fields":{},"normalizations":{}},{"classId":"e_2","part":"s6p2","offsets":[{"start":874,"text":"removal of ZF1-2"}],"confidence":{"state":"","who":["user:sanjeevkrn"],"prob":1},"fields":{},"normalizations":{}},{"classId":"e_1","part":"s6p2","offsets":[{"start":929,"text":"ZNF24"}],"confidence":{"state":"","who":["user:sanjeevkrn"],"prob":1},"fields":{},"normalizations":{}},{"classId":"e_2","part":"s6p2","offsets":[{"start":939,"text":"removal of ZF3"}],"confidence":{"state":"","who":["user:sanjeevkrn"],"prob":1},"fields":{},"normalizations":{}},{"classId":"e_2","part":"s6p2","offsets":[{"start":957,"text":"ZF4"}],"confidence":{"state":"","who":["user:sanjeevkrn"],"prob":1},"fields":{},"normalizations":{}},{"classId":"e_1","part":"s6p2","offsets":[{"start":1004,"text":"ZNF24"}],"confidence":{"state":"","who":["user:sanjeevkrn"],"prob":1},"fields":{},"normalizations":{}},{"classId":"e_1","part":"s6p2","offsets":[{"start":1142,"text":"ZNF24"}],"confidence":{"state":"","who":["user:sanjeevkrn"],"prob":1},"fields":{},"normalizations":{}},{"classId":"e_1","part":"s6p2","offsets":[{"start":1230,"text":"KLF1"}],"confidence":{"state":"","who":["user:sanjeevkrn"],"prob":1},"fields":{},"normalizations":{}},{"classId":"e_1","part":"s6p2","offsets":[{"start":1242,"text":"KLF8"}],"confidence":{"state":"","who":["user:sanjeevkrn"],"prob":1},"fields":{},"normalizations":{}},{"classId":"e_1","part":"s6p2","offsets":[{"start":1288,"text":"Zif268"}],"confidence":{"state":"","who":["user:sanjeevkrn"],"prob":1},"fields":{},"normalizations":{}},{"classId":"e_1","part":"s6p2","offsets":[{"start":1410,"text":"KLF1"}],"confidence":{"state":"","who":["user:sanjeevkrn"],"prob":1},"fields":{},"normalizations":{}},{"classId":"e_1","part":"s6p2","offsets":[{"start":1618,"text":"ZNF24"}],"confidence":{"state":"","who":["user:sanjeevkrn"],"prob":1},"fields":{},"normalizations":{}},{"classId":"e_1","part":"s6p3","offsets":[{"start":329,"text":"ZNF24"}],"confidence":{"state":"","who":["user:sanjeevkrn"],"prob":1},"fields":{},"normalizations":{}},{"classId":"e_1","part":"s6p3","offsets":[{"start":960,"text":"ZNF24"}],"confidence":{"state":"","who":["user:sanjeevkrn"],"prob":1},"fields":{},"normalizations":{}},{"classId":"e_1","part":"s6p3","offsets":[{"start":1048,"text":"ZNF24"}],"confidence":{"state":"","who":["user:sanjeevkrn"],"prob":1},"fields":{},"normalizations":{}},{"classId":"e_1","part":"s6p3","offsets":[{"start":1570,"text":"ZNF24"}],"confidence":{"state":"","who":["user:sanjeevkrn"],"prob":1},"fields":{},"normalizations":{}},{"classId":"e_1","part":"s6p3","offsets":[{"start":2298,"text":"ZNF24"}],"confidence":{"state":"","who":["user:sanjeevkrn"],"prob":1},"fields":{},"normalizations":{}},{"classId":"e_1","part":"s6p4","offsets":[{"start":62,"text":"ZNF24"}],"confidence":{"state":"","who":["user:sanjeevkrn"],"prob":1},"fields":{},"normalizations":{}},{"classId":"e_1","part":"s6p4","offsets":[{"start":112,"text":"CTNNB1"}],"confidence":{"state":"","who":["user:sanjeevkrn"],"prob":1},"fields":{},"normalizations":{}},{"classId":"e_1","part":"s6p4","offsets":[{"start":198,"text":"ZNF24"}],"confidence":{"state":"","who":["user:sanjeevkrn"],"prob":1},"fields":{},"normalizations":{}},{"classId":"e_1","part":"s6p4","offsets":[{"start":243,"text":"CTNNB1"}],"confidence":{"state":"","who":["user:sanjeevkrn"],"prob":1},"fields":{},"normalizations":{}},{"classId":"e_1","part":"s6p4","offsets":[{"start":377,"text":"ZNF24"}],"confidence":{"state":"","who":["user:sanjeevkrn"],"prob":1},"fields":{},"normalizations":{}},{"classId":"e_1","part":"s6p4","offsets":[{"start":396,"text":"β-Catenin"}],"confidence":{"state":"","who":["user:sanjeevkrn"],"prob":1},"fields":{},"normalizations":{}},{"classId":"e_1","part":"s6p4","offsets":[{"start":498,"text":"ZNF24"}],"confidence":{"state":"","who":["user:sanjeevkrn"],"prob":1},"fields":{},"normalizations":{}},{"classId":"e_1","part":"s6p4","offsets":[{"start":535,"text":"CTNNB1"}],"confidence":{"state":"","who":["user:sanjeevkrn"],"prob":1},"fields":{},"normalizations":{}},{"classId":"e_2","part":"s6p4","offsets":[{"start":570,"text":"dZF1-2"}],"confidence":{"state":"","who":["user:sanjeevkrn"],"prob":1},"fields":{},"normalizations":{}},{"classId":"e_2","part":"s6p4","offsets":[{"start":601,"text":"K286A"}],"confidence":{"state":"","who":["user:sanjeevkrn"],"prob":1},"fields":{},"normalizations":{}},{"classId":"e_2","part":"s6p4","offsets":[{"start":611,"text":"R290A"}],"confidence":{"state":"","who":["user:sanjeevkrn"],"prob":1},"fields":{},"normalizations":{}},{"classId":"e_2","part":"s6p4","offsets":[{"start":693,"text":"K286A"}],"confidence":{"state":"","who":["user:sanjeevkrn"],"prob":1},"fields":{},"normalizations":{}},{"classId":"e_2","part":"s6p4","offsets":[{"start":700,"text":"R290A"}],"confidence":{"state":"","who":["user:sanjeevkrn"],"prob":1},"fields":{},"normalizations":{}},{"classId":"e_1","part":"s6p4","offsets":[{"start":874,"text":"CTNNB1"}],"confidence":{"state":"","who":["user:sanjeevkrn"],"prob":1},"fields":{},"normalizations":{}},{"classId":"e_1","part":"s6p4","offsets":[{"start":907,"text":"ZNF24"}],"confidence":{"state":"","who":["user:sanjeevkrn"],"prob":1},"fields":{},"normalizations":{}},{"classId":"e_1","part":"s6p4","offsets":[{"start":1049,"text":"ZNF24"}],"confidence":{"state":"","who":["user:sanjeevkrn"],"prob":1},"fields":{},"normalizations":{}},{"classId":"e_1","part":"s6p4","offsets":[{"start":1126,"text":"ZNF24"}],"confidence":{"state":"","who":["user:sanjeevkrn"],"prob":1},"fields":{},"normalizations":{}},{"classId":"e_1","part":"s6p5","offsets":[{"start":85,"text":"ZNF24"}],"confidence":{"state":"","who":["user:sanjeevkrn"],"prob":1},"fields":{},"normalizations":{}},{"classId":"e_1","part":"s6p5","offsets":[{"start":140,"text":"ZNF24"}],"confidence":{"state":"","who":["user:sanjeevkrn"],"prob":1},"fields":{},"normalizations":{}},{"classId":"e_1","part":"s6p5","offsets":[{"start":167,"text":"CTNNB1"}],"confidence":{"state":"","who":["user:sanjeevkrn"],"prob":1},"fields":{},"normalizations":{}}],"relations":[{"classId":"r_5","type":"linked","directed":false,"entities":["s2p1|480,497","s2p1|533,538"],"confidence":{"state":"","who":["user:sanjeevkrn"],"prob":1}},{"classId":"r_5","type":"linked","directed":false,"entities":["s2p1|979,984","s2p1|1086,1091"],"confidence":{"state":"","who":["user:sanjeevkrn"],"prob":1}},{"classId":"r_5","type":"linked","directed":false,"entities":["s2p1|989,994","s2p1|1086,1091"],"confidence":{"state":"","who":["user:sanjeevkrn"],"prob":1}},{"classId":"r_6","type":"linked","directed":false,"entities":["s3p1|1394,1400","s3p1|1378,1383"],"confidence":{"state":"","who":["user:sanjeevkrn"],"prob":1}},{"classId":"r_6","type":"linked","directed":false,"entities":["s3p1|2019,2024","s3p1|2112,2116"],"confidence":{"state":"","who":["user:sanjeevkrn"],"prob":1}},{"classId":"r_6","type":"linked","directed":false,"entities":["s4s1p1|91,96","s4s1p1|85,90"],"confidence":{"state":"","who":["user:sanjeevkrn"],"prob":1}},{"classId":"r_6","type":"linked","directed":false,"entities":["s4s1p1|399,404","s4s1p1|393,398"],"confidence":{"state":"","who":["user:sanjeevkrn"],"prob":1}},{"classId":"r_5","type":"linked","directed":false,"entities":["s4s1p1|1065,1070","s4s1p1|496,501"],"confidence":{"state":"","who":["user:sanjeevkrn"],"prob":1}},{"classId":"r_5","type":"linked","directed":false,"entities":["s4s1p1|1119,1124","s4s1p1|496,501"],"confidence":{"state":"","who":["user:sanjeevkrn"],"prob":1}},{"classId":"r_5","type":"linked","directed":false,"entities":["s4s1p1|1170,1175","s4s1p1|496,501"],"confidence":{"state":"","who":["user:sanjeevkrn"],"prob":1}},{"classId":"r_5","type":"linked","directed":false,"entities":["s4s1p1|1221,1226","s4s1p1|496,501"],"confidence":{"state":"","who":["user:sanjeevkrn"],"prob":1}},{"classId":"r_5","type":"linked","directed":false,"entities":["s4s1p1|1278,1283","s4s1p1|496,501"],"confidence":{"state":"","who":["user:sanjeevkrn"],"prob":1}},{"classId":"r_5","type":"linked","directed":false,"entities":["s4s1p1|1333,1338","s4s1p1|496,501"],"confidence":{"state":"","who":["user:sanjeevkrn"],"prob":1}},{"classId":"r_5","type":"linked","directed":false,"entities":["s4s1p1|1410,1415","s4s1p1|496,501"],"confidence":{"state":"","who":["user:sanjeevkrn"],"prob":1}},{"classId":"r_5","type":"linked","directed":false,"entities":["s4s1p1|1481,1486","s4s1p1|496,501"],"confidence":{"state":"","who":["user:sanjeevkrn"],"prob":1}},{"classId":"r_5","type":"linked","directed":false,"entities":["s4s1p1|1556,1561","s4s1p1|496,501"],"confidence":{"state":"","who":["user:sanjeevkrn"],"prob":1}},{"classId":"r_5","type":"linked","directed":false,"entities":["s4s1p1|1611,1616","s4s1p1|496,501"],"confidence":{"state":"","who":["user:sanjeevkrn"],"prob":1}},{"classId":"r_5","type":"linked","directed":false,"entities":["s4s1p1|1689,1694","s4s1p1|496,501"],"confidence":{"state":"","who":["user:sanjeevkrn"],"prob":1}},{"classId":"r_5","type":"linked","directed":false,"entities":["s4s1p1|1739,1744","s4s1p1|496,501"],"confidence":{"state":"","who":["user:sanjeevkrn"],"prob":1}},{"classId":"r_5","type":"linked","directed":false,"entities":["s4s1p1|1791,1796","s4s1p1|496,501"],"confidence":{"state":"","who":["user:sanjeevkrn"],"prob":1}},{"classId":"r_5","type":"linked","directed":false,"entities":["s4s1p1|1865,1869","s4s1p1|496,501"],"confidence":{"state":"","who":["user:sanjeevkrn"],"prob":1}},{"classId":"r_5","type":"linked","directed":false,"entities":["s4s1p1|1870,1874","s4s1p1|496,501"],"confidence":{"state":"","who":["user:sanjeevkrn"],"prob":1}},{"classId":"r_5","type":"linked","directed":false,"entities":["s4s1p1|1944,1948","s4s1p1|496,501"],"confidence":{"state":"","who":["user:sanjeevkrn"],"prob":1}},{"classId":"r_5","type":"linked","directed":false,"entities":["s4s1p1|1950,1954","s4s1p1|496,501"],"confidence":{"state":"","who":["user:sanjeevkrn"],"prob":1}},{"classId":"r_5","type":"linked","directed":false,"entities":["s4s1p1|2021,2027","s4s1p1|496,501"],"confidence":{"state":"","who":["user:sanjeevkrn"],"prob":1}},{"classId":"r_5","type":"linked","directed":false,"entities":["s4s1p1|2099,2103","s4s1p1|496,501"],"confidence":{"state":"","who":["user:sanjeevkrn"],"prob":1}},{"classId":"r_5","type":"linked","directed":false,"entities":["s4s1p1|2173,2177","s4s1p1|496,501"],"confidence":{"state":"","who":["user:sanjeevkrn"],"prob":1}},{"classId":"r_6","type":"linked","directed":false,"entities":["s5s1p1|426,431","s5s1p1|447,452"],"confidence":{"state":"","who":["user:sanjeevkrn"],"prob":1}},{"classId":"r_5","type":"linked","directed":false,"entities":["s5s2p1|388,407","s5s2p1|492,497"],"confidence":{"state":"","who":["user:sanjeevkrn"],"prob":1}},{"classId":"r_5","type":"linked","directed":false,"entities":["s5s2p1|428,433","s5s2p1|492,497"],"confidence":{"state":"","who":["user:sanjeevkrn"],"prob":1}},{"classId":"r_5","type":"linked","directed":false,"entities":["s5s2p1|520,541","s5s2p1|492,497"],"confidence":{"state":"","who":["user:sanjeevkrn"],"prob":1}},{"classId":"r_5","type":"linked","directed":false,"entities":["s5s2p1|652,679","s5s2p1|492,497"],"confidence":{"state":"","who":["user:sanjeevkrn"],"prob":1}},{"classId":"r_5","type":"linked","directed":false,"entities":["s5s2p2|51,72","s5s2p2|290,295"],"confidence":{"state":"","who":["user:sanjeevkrn"],"prob":1}},{"classId":"r_5","type":"linked","directed":false,"entities":["s5s2p2|92,98","s5s2p2|290,295"],"confidence":{"state":"","who":["user:sanjeevkrn"],"prob":1}},{"classId":"r_5","type":"linked","directed":false,"entities":["s5s2p2|222,228","s5s2p2|290,295"],"confidence":{"state":"","who":["user:sanjeevkrn"],"prob":1}},{"classId":"r_5","type":"linked","directed":false,"entities":["s5s2p2|368,372","s5s2p2|290,295"],"confidence":{"state":"","who":["user:sanjeevkrn"],"prob":1}},{"classId":"r_5","type":"linked","directed":false,"entities":["s5s2p2|377,381","s5s2p2|290,295"],"confidence":{"state":"","who":["user:sanjeevkrn"],"prob":1}},{"classId":"r_5","type":"linked","directed":false,"entities":["s5s2p2|580,584","s5s2p2|290,295"],"confidence":{"state":"","who":["user:sanjeevkrn"],"prob":1}},{"classId":"r_5","type":"linked","directed":false,"entities":["s5s2p2|589,593","s5s2p2|290,295"],"confidence":{"state":"","who":["user:sanjeevkrn"],"prob":1}},{"classId":"r_5","type":"linked","directed":false,"entities":["s5s2p4|363,367","s5s2p4|305,310"],"confidence":{"state":"","who":["user:sanjeevkrn"],"prob":1}},{"classId":"r_5","type":"linked","directed":false,"entities":["s5s2p4|368,372","s5s2p4|305,310"],"confidence":{"state":"","who":["user:sanjeevkrn"],"prob":1}},{"classId":"r_5","type":"linked","directed":false,"entities":["s5s2p4|374,378","s5s2p4|305,310"],"confidence":{"state":"","who":["user:sanjeevkrn"],"prob":1}},{"classId":"r_5","type":"linked","directed":false,"entities":["s5s2p4|379,383","s5s2p4|305,310"],"confidence":{"state":"","who":["user:sanjeevkrn"],"prob":1}},{"classId":"r_5","type":"linked","directed":false,"entities":["s5s2p4|388,392","s5s2p4|305,310"],"confidence":{"state":"","who":["user:sanjeevkrn"],"prob":1}},{"classId":"r_5","type":"linked","directed":false,"entities":["s5s2p4|393,396","s5s2p4|305,310"],"confidence":{"state":"","who":["user:sanjeevkrn"],"prob":1}},{"classId":"r_5","type":"linked","directed":false,"entities":["s5s2p4|397,400","s5s2p4|305,310"],"confidence":{"state":"","who":["user:sanjeevkrn"],"prob":1}},{"classId":"r_5","type":"linked","directed":false,"entities":["s5s2p4|401,405","s5s2p4|305,310"],"confidence":{"state":"","who":["user:sanjeevkrn"],"prob":1}},{"classId":"r_5","type":"linked","directed":false,"entities":["s5s2p4|692,696","s5s2p4|630,635"],"confidence":{"state":"","who":["user:sanjeevkrn"],"prob":1}},{"classId":"r_5","type":"linked","directed":false,"entities":["s5s2p4|697,701","s5s2p4|630,635"],"confidence":{"state":"","who":["user:sanjeevkrn"],"prob":1}},{"classId":"r_5","type":"linked","directed":false,"entities":["s5s2p4|702,706","s5s2p4|630,635"],"confidence":{"state":"","who":["user:sanjeevkrn"],"prob":1}},{"classId":"r_5","type":"linked","directed":false,"entities":["s5s2p4|707,711","s5s2p4|630,635"],"confidence":{"state":"","who":["user:sanjeevkrn"],"prob":1}},{"classId":"r_5","type":"linked","directed":false,"entities":["s5s2p4|716,720","s5s2p4|630,635"],"confidence":{"state":"","who":["user:sanjeevkrn"],"prob":1}},{"classId":"r_5","type":"linked","directed":false,"entities":["s5s2p4|721,724","s5s2p4|630,635"],"confidence":{"state":"","who":["user:sanjeevkrn"],"prob":1}},{"classId":"r_5","type":"linked","directed":false,"entities":["s5s2p4|725,728","s5s2p4|630,635"],"confidence":{"state":"","who":["user:sanjeevkrn"],"prob":1}},{"classId":"r_5","type":"linked","directed":false,"entities":["s5s2p4|729,733","s5s2p4|630,635"],"confidence":{"state":"","who":["user:sanjeevkrn"],"prob":1}},{"classId":"r_5","type":"linked","directed":false,"entities":["s5s3p1|317,378","s5s3p1|104,109"],"confidence":{"state":"","who":["user:sanjeevkrn"],"prob":1}},{"classId":"r_5","type":"linked","directed":false,"entities":["s5s3p1|540,588","s5s3p1|442,447"],"confidence":{"state":"","who":["user:sanjeevkrn"],"prob":1}},{"classId":"r_5","type":"linked","directed":false,"entities":["s5s3p1|590,595","s5s3p1|442,447"],"confidence":{"state":"","who":["user:sanjeevkrn"],"prob":1}},{"classId":"r_5","type":"linked","directed":false,"entities":["s5s3p1|599,604","s5s3p1|442,447"],"confidence":{"state":"","who":["user:sanjeevkrn"],"prob":1}},{"classId":"r_5","type":"linked","directed":false,"entities":["s5s3f1p1|38,69","s5s3f1p1|19,24"],"confidence":{"state":"","who":["user:sanjeevkrn"],"prob":1}},{"classId":"r_5","type":"linked","directed":false,"entities":["s5s3f1p1|71,80","s5s3f1p1|19,24"],"confidence":{"state":"","who":["user:sanjeevkrn"],"prob":1}},{"classId":"r_5","type":"linked","directed":false,"entities":["s5s3f1p1|82,93","s5s3f1p1|19,24"],"confidence":{"state":"","who":["user:sanjeevkrn"],"prob":1}},{"classId":"r_5","type":"linked","directed":false,"entities":["s5s3f1p1|95,109","s5s3f1p1|19,24"],"confidence":{"state":"","who":["user:sanjeevkrn"],"prob":1}},{"classId":"r_5","type":"linked","directed":false,"entities":["s5s3f1p1|113,178","s5s3f1p1|19,24"],"confidence":{"state":"","who":["user:sanjeevkrn"],"prob":1}},{"classId":"r_5","type":"linked","directed":false,"entities":["s5s3p2|80,98","s5s3p2|457,462"],"confidence":{"state":"","who":["user:sanjeevkrn"],"prob":1}},{"classId":"r_5","type":"linked","directed":false,"entities":["s5s3p2|100,109","s5s3p2|457,462"],"confidence":{"state":"","who":["user:sanjeevkrn"],"prob":1}},{"classId":"r_5","type":"linked","directed":false,"entities":["s5s3p2|113,149","s5s3p2|457,462"],"confidence":{"state":"","who":["user:sanjeevkrn"],"prob":1}},{"classId":"r_5","type":"linked","directed":false,"entities":["s5s5p1|432,438","s5s5p1|352,357"],"confidence":{"state":"","who":["user:sanjeevkrn"],"prob":1}},{"classId":"r_5","type":"linked","directed":false,"entities":["s5s5p1|463,468","s5s5p1|352,357"],"confidence":{"state":"","who":["user:sanjeevkrn"],"prob":1}},{"classId":"r_5","type":"linked","directed":false,"entities":["s5s5p1|473,478","s5s5p1|352,357"],"confidence":{"state":"","who":["user:sanjeevkrn"],"prob":1}},{"classId":"r_5","type":"linked","directed":false,"entities":["s5s5p1|555,560","s5s5p1|352,357"],"confidence":{"state":"","who":["user:sanjeevkrn"],"prob":1}},{"classId":"r_5","type":"linked","directed":false,"entities":["s5s5p1|562,567","s5s5p1|352,357"],"confidence":{"state":"","who":["user:sanjeevkrn"],"prob":1}},{"classId":"r_5","type":"linked","directed":false,"entities":["s6p1|163,178","s6p1|81,86"],"confidence":{"state":"","who":["user:sanjeevkrn"],"prob":1}},{"classId":"r_5","type":"linked","directed":false,"entities":["s6p1|182,185","s6p1|81,86"],"confidence":{"state":"","who":["user:sanjeevkrn"],"prob":1}},{"classId":"r_5","type":"linked","directed":false,"entities":["s6p1|336,342","s6p1|81,86"],"confidence":{"state":"","who":["user:sanjeevkrn"],"prob":1}},{"classId":"r_5","type":"linked","directed":false,"entities":["s6p1|689,730","s6p1|779,784"],"confidence":{"state":"","who":["user:sanjeevkrn"],"prob":1}},{"classId":"r_5","type":"linked","directed":false,"entities":["s6p1|738,741","s6p1|779,784"],"confidence":{"state":"","who":["user:sanjeevkrn"],"prob":1}},{"classId":"r_5","type":"linked","directed":false,"entities":["s6p2|874,890","s6p2|861,866"],"confidence":{"state":"","who":["user:sanjeevkrn"],"prob":1}},{"classId":"r_5","type":"linked","directed":false,"entities":["s6p2|939,953","s6p2|1004,1009"],"confidence":{"state":"","who":["user:sanjeevkrn"],"prob":1}},{"classId":"r_5","type":"linked","directed":false,"entities":["s6p2|957,960","s6p2|1004,1009"],"confidence":{"state":"","who":["user:sanjeevkrn"],"prob":1}},{"classId":"r_5","type":"linked","directed":false,"entities":["s6p4|570,576","s6p4|498,503"],"confidence":{"state":"","who":["user:sanjeevkrn"],"prob":1}},{"classId":"r_5","type":"linked","directed":false,"entities":["s6p4|601,606","s6p4|498,503"],"confidence":{"state":"","who":["user:sanjeevkrn"],"prob":1}},{"classId":"r_5","type":"linked","directed":false,"entities":["s6p4|611,616","s6p4|498,503"],"confidence":{"state":"","who":["user:sanjeevkrn"],"prob":1}},{"classId":"r_5","type":"linked","directed":false,"entities":["s6p4|693,698","s6p4|498,503"],"confidence":{"state":"","who":["user:sanjeevkrn"],"prob":1}},{"classId":"r_5","type":"linked","directed":false,"entities":["s6p4|700,705","s6p4|498,503"],"confidence":{"state":"","who":["user:sanjeevkrn"],"prob":1}}],"metas":{"m_4":{"value":true,"confidence":{}}},"annotatable":{"parts":["s1h1","s2h1","s2p1","s3h1","s3p1","s3p2","s3p3","s4h1","s4s1h1","s4s1p1","s4s1f1h1","s4s1f1p1","s4s2h1","s4s2p1","s4s3h1","s4s3p1","s4s4h1","s4s4p1","s4s5h1","s4s5p1","s5h1","s5s1h1","s5s1p1","s5s1p2","s5s2h1","s5s2p1","s5s2f1h1","s5s2f1p1","s5s2p2","s5s2p3","s5s2f2h1","s5s2f2p1","s5s2p4","s5s2f3h1","s5s2f3p1","s5s3h1","s5s3p1","s5s3f1h1","s5s3f1p1","s5s3p2","s5s4h1","s5s4p1","s5s4f1h1","s5s4f1p1","s5s5h1","s5s5p1","s5s5f1h1","s5s5f1p1","s6h1","s6p1","s6p2","s6p3","s6p4","s6p5"]}}