{"anncomplete":true,"sources":[{"name":"ORIG","id":"PMC3408813","url":"http://www.ncbi.nlm.nih.gov/pmc/articles/PMC3408813/"},{"name":"PMID","id":"22729224","url":"http://www.ncbi.nlm.nih.gov/pubmed/22729224"}],"entities":[{"classId":"e_1","part":"s1h1","offsets":[{"start":46,"text":"AKT3"}],"confidence":{"state":"","who":["user:sanjeevkrn"],"prob":1},"fields":{},"normalizations":{}},{"classId":"e_1","part":"s1h1","offsets":[{"start":52,"text":"PIK3R2"}],"confidence":{"state":"","who":["user:sanjeevkrn"],"prob":1},"fields":{},"normalizations":{}},{"classId":"e_1","part":"s1h1","offsets":[{"start":63,"text":"PIK3CA"}],"confidence":{"state":"","who":["user:sanjeevkrn"],"prob":1},"fields":{},"normalizations":{}},{"classId":"e_1","part":"s2p1","offsets":[{"start":713,"text":"AKT3"}],"confidence":{"state":"","who":["user:sanjeevkrn"],"prob":1},"fields":{},"normalizations":{}},{"classId":"e_1","part":"s2p1","offsets":[{"start":745,"text":"PIK3R2"}],"confidence":{"state":"","who":["user:sanjeevkrn"],"prob":1},"fields":{},"normalizations":{}},{"classId":"e_1","part":"s2p1","offsets":[{"start":822,"text":"PIK3CA"}],"confidence":{"state":"","who":["user:sanjeevkrn"],"prob":1},"fields":{},"normalizations":{}},{"classId":"e_1","part":"s3s4p1","offsets":[{"start":967,"text":"PIK3CA"}],"confidence":{"state":"","who":["user:sanjeevkrn"],"prob":1},"fields":{},"normalizations":{}},{"classId":"e_1","part":"s3s4p2","offsets":[{"start":100,"text":"PIK3CA"}],"confidence":{"state":"","who":["user:sanjeevkrn"],"prob":1},"fields":{},"normalizations":{}},{"classId":"e_1","part":"s3s5p1","offsets":[{"start":33,"text":"AKT3"}],"confidence":{"state":"","who":["user:sanjeevkrn"],"prob":1},"fields":{},"normalizations":{}},{"classId":"e_1","part":"s3s5p1","offsets":[{"start":69,"text":"BDP1"}],"confidence":{"state":"","who":["user:sanjeevkrn"],"prob":1},"fields":{},"normalizations":{}},{"classId":"e_1","part":"s3s5p1","offsets":[{"start":89,"text":"PIK3R1"}],"confidence":{"state":"","who":["user:sanjeevkrn"],"prob":1},"fields":{},"normalizations":{}},{"classId":"e_1","part":"s3s5p1","offsets":[{"start":140,"text":"PIK3R2"}],"confidence":{"state":"","who":["user:sanjeevkrn"],"prob":1},"fields":{},"normalizations":{}},{"classId":"e_1","part":"s3s5p1","offsets":[{"start":162,"text":"PIK3R3"}],"confidence":{"state":"","who":["user:sanjeevkrn"],"prob":1},"fields":{},"normalizations":{}},{"classId":"e_1","part":"s3s5p1","offsets":[{"start":198,"text":"PIK3CA"}],"confidence":{"state":"","who":["user:sanjeevkrn"],"prob":1},"fields":{},"normalizations":{}},{"classId":"e_1","part":"s3s5p1","offsets":[{"start":220,"text":"PIK3CB"}],"confidence":{"state":"","who":["user:sanjeevkrn"],"prob":1},"fields":{},"normalizations":{}},{"classId":"e_1","part":"s3s5p1","offsets":[{"start":242,"text":"PIK3CD"}],"confidence":{"state":"","who":["user:sanjeevkrn"],"prob":1},"fields":{},"normalizations":{}},{"classId":"e_1","part":"s3s5p1","offsets":[{"start":281,"text":"PTEN"}],"confidence":{"state":"","who":["user:sanjeevkrn"],"prob":1},"fields":{},"normalizations":{}},{"classId":"e_2","part":"s3s6p1","offsets":[{"start":20,"text":"p.Glu453del"}],"confidence":{"state":"","who":["user:sanjeevkrn"],"prob":1},"fields":{},"normalizations":{}},{"classId":"e_2","part":"s3s6p1","offsets":[{"start":33,"text":"p.Glu726Lys"}],"confidence":{"state":"","who":["user:sanjeevkrn"],"prob":1},"fields":{},"normalizations":{}},{"classId":"e_2","part":"s3s6p1","offsets":[{"start":46,"text":"p.Gly914Arg"}],"confidence":{"state":"","who":["user:sanjeevkrn"],"prob":1},"fields":{},"normalizations":{}},{"classId":"e_2","part":"s3s6p1","offsets":[{"start":59,"text":"p.Ala1035Val"}],"confidence":{"state":"","who":["user:sanjeevkrn"],"prob":1},"fields":{},"normalizations":{}},{"classId":"e_2","part":"s3s6p1","offsets":[{"start":73,"text":"p.Met1043Ile"}],"confidence":{"state":"","who":["user:sanjeevkrn"],"prob":1},"fields":{},"normalizations":{}},{"classId":"e_2","part":"s3s6p1","offsets":[{"start":91,"text":"p. His1047Tyr"}],"confidence":{"state":"","who":["user:sanjeevkrn"],"prob":1},"fields":{},"normalizations":{}},{"classId":"e_2","part":"s3s6p2","offsets":[{"start":4,"text":"p.Glu726Lys"}],"confidence":{"state":"","who":["user:sanjeevkrn"],"prob":1},"fields":{},"normalizations":{}},{"classId":"e_1","part":"s3s6p2","offsets":[{"start":16,"text":"PIK3CA"}],"confidence":{"state":"","who":["user:sanjeevkrn"],"prob":1},"fields":{},"normalizations":{}},{"classId":"e_2","part":"s3s6p3","offsets":[{"start":4,"text":"p.Glu453del"}],"confidence":{"state":"","who":["user:sanjeevkrn"],"prob":1},"fields":{},"normalizations":{}},{"classId":"e_1","part":"s3s6p3","offsets":[{"start":16,"text":"PIK3CA"}],"confidence":{"state":"","who":["user:sanjeevkrn"],"prob":1},"fields":{},"normalizations":{}},{"classId":"e_1","part":"s3s7p1","offsets":[{"start":70,"text":"PIK3CA"}],"confidence":{"state":"","who":["user:sanjeevkrn"],"prob":1},"fields":{},"normalizations":{}},{"classId":"e_2","part":"s3s7p2","offsets":[{"start":36,"text":"p.Glu81Lys"}],"confidence":{"state":"","who":["user:sanjeevkrn"],"prob":1},"fields":{},"normalizations":{}},{"classId":"e_2","part":"s3s7p2","offsets":[{"start":51,"text":"p.Arg88Gln"}],"confidence":{"state":"","who":["user:sanjeevkrn"],"prob":1},"fields":{},"normalizations":{}},{"classId":"e_3","part":"s3s9p1","offsets":[{"start":282,"text":"mouse"}],"confidence":{"state":"","who":["user:sanjeevkrn"],"prob":1},"fields":{},"normalizations":{}},{"classId":"e_3","part":"s3s9p1","offsets":[{"start":324,"text":"rabbit"}],"confidence":{"state":"","who":["user:sanjeevkrn"],"prob":1},"fields":{},"normalizations":{}},{"classId":"e_1","part":"s3s12p1","offsets":[{"start":57,"text":"AKT3"}],"confidence":{"state":"","who":["user:sanjeevkrn"],"prob":1},"fields":{},"normalizations":{}},{"classId":"e_1","part":"s3s12p1","offsets":[{"start":245,"text":"AKT3"}],"confidence":{"state":"","who":["user:sanjeevkrn"],"prob":1},"fields":{},"normalizations":{}},{"classId":"e_3","part":"s5f2p1","offsets":[{"start":260,"text":"mouse"}],"confidence":{"state":"","who":["user:sanjeevkrn"],"prob":1},"fields":{},"normalizations":{}},{"classId":"e_1","part":"s5f2p1","offsets":[{"start":530,"text":"AKT3"}],"confidence":{"state":"","who":["user:sanjeevkrn"],"prob":1},"fields":{},"normalizations":{}},{"classId":"e_2","part":"s5f2p1","offsets":[{"start":535,"text":"p.Arg465Trp"}],"confidence":{"state":"","who":["user:sanjeevkrn"],"prob":1},"fields":{},"normalizations":{}},{"classId":"e_1","part":"s5f2p1","offsets":[{"start":723,"text":"PTEN"}],"confidence":{"state":"","who":["user:sanjeevkrn"],"prob":1},"fields":{},"normalizations":{}},{"classId":"e_2","part":"s5f2p1","offsets":[{"start":728,"text":"p.Glu261Ter"}],"confidence":{"state":"","who":["user:sanjeevkrn"],"prob":1},"fields":{},"normalizations":{}},{"classId":"e_1","part":"s5f2p1","offsets":[{"start":1019,"text":"PIK3R2"}],"confidence":{"state":"","who":["user:sanjeevkrn"],"prob":1},"fields":{},"normalizations":{}},{"classId":"e_2","part":"s5f2p1","offsets":[{"start":1026,"text":"p.Gly373Arg"}],"confidence":{"state":"","who":["user:sanjeevkrn"],"prob":1},"fields":{},"normalizations":{}},{"classId":"e_1","part":"s5f2p1","offsets":[{"start":1053,"text":"PIK3CA"}],"confidence":{"state":"","who":["user:sanjeevkrn"],"prob":1},"fields":{},"normalizations":{}},{"classId":"e_2","part":"s5f2p1","offsets":[{"start":1060,"text":"p.Glu453del"}],"confidence":{"state":"","who":["user:sanjeevkrn"],"prob":1},"fields":{},"normalizations":{}},{"classId":"e_1","part":"s5f3p1","offsets":[{"start":29,"text":"AKT3"}],"confidence":{"state":"","who":["user:sanjeevkrn"],"prob":1},"fields":{},"normalizations":{}},{"classId":"e_1","part":"s5f3p1","offsets":[{"start":35,"text":"PIK3R2"}],"confidence":{"state":"","who":["user:sanjeevkrn"],"prob":1},"fields":{},"normalizations":{}},{"classId":"e_1","part":"s5f3p1","offsets":[{"start":47,"text":"PIK3CA"}],"confidence":{"state":"","who":["user:sanjeevkrn"],"prob":1},"fields":{},"normalizations":{}},{"classId":"e_1","part":"s5f3p1","offsets":[{"start":70,"text":"Akt3"}],"confidence":{"state":"","who":["user:sanjeevkrn"],"prob":1},"fields":{},"normalizations":{}},{"classId":"e_3","part":"s5f3p1","offsets":[{"start":87,"text":"mouse"}],"confidence":{"state":"","who":["user:sanjeevkrn"],"prob":1},"fields":{},"normalizations":{}},{"classId":"e_2","part":"s5f3p1","offsets":[{"start":115,"text":"p.Asp219Val"}],"confidence":{"state":"","who":["user:sanjeevkrn"],"prob":1},"fields":{},"normalizations":{}},{"classId":"e_1","part":"s5f3p1","offsets":[{"start":463,"text":"PIK3CA"}],"confidence":{"state":"","who":["user:sanjeevkrn"],"prob":1},"fields":{},"normalizations":{}},{"classId":"e_1","part":"s5f4p1","offsets":[{"start":11,"text":"AKT3"}],"confidence":{"state":"","who":["user:sanjeevkrn"],"prob":1},"fields":{},"normalizations":{}},{"classId":"e_1","part":"s5f4p1","offsets":[{"start":17,"text":"PIK3R2"}],"confidence":{"state":"","who":["user:sanjeevkrn"],"prob":1},"fields":{},"normalizations":{}},{"classId":"e_1","part":"s5f4p1","offsets":[{"start":28,"text":"PIK3CA"}],"confidence":{"state":"","who":["user:sanjeevkrn"],"prob":1},"fields":{},"normalizations":{}},{"classId":"e_1","part":"s5f5p1","offsets":[{"start":0,"text":"PIK3CA"}],"confidence":{"state":"","who":["user:sanjeevkrn"],"prob":1},"fields":{},"normalizations":{}}],"relations":[{"classId":"r_5","type":"linked","directed":false,"entities":["s3s6p2|4,15","s3s6p2|16,22"],"confidence":{"state":"","who":["user:sanjeevkrn"],"prob":1}},{"classId":"r_5","type":"linked","directed":false,"entities":["s3s6p3|4,15","s3s6p3|16,22"],"confidence":{"state":"","who":["user:sanjeevkrn"],"prob":1}},{"classId":"r_5","type":"linked","directed":false,"entities":["s5f2p1|530,534","s5f2p1|535,546"],"confidence":{"state":"","who":["user:sanjeevkrn"],"prob":1}},{"classId":"r_5","type":"linked","directed":false,"entities":["s5f2p1|728,739","s5f2p1|723,727"],"confidence":{"state":"","who":["user:sanjeevkrn"],"prob":1}},{"classId":"r_5","type":"linked","directed":false,"entities":["s5f2p1|1026,1037","s5f2p1|1019,1025"],"confidence":{"state":"","who":["user:sanjeevkrn"],"prob":1}},{"classId":"r_5","type":"linked","directed":false,"entities":["s5f2p1|1060,1071","s5f2p1|1053,1059"],"confidence":{"state":"","who":["user:sanjeevkrn"],"prob":1}},{"classId":"r_6","type":"linked","directed":false,"entities":["s5f3p1|70,74","s5f3p1|87,92"],"confidence":{"state":"","who":["user:sanjeevkrn"],"prob":1}},{"classId":"r_5","type":"linked","directed":false,"entities":["s5f3p1|115,126","s5f3p1|70,74"],"confidence":{"state":"","who":["user:sanjeevkrn"],"prob":1}}],"metas":{"m_4":{"value":true,"confidence":{}}},"annotatable":{"parts":["s1h1","s2h1","s2p1","s3h1","s3s1h1","s3s1p1","s3s2h1","s3s2p1","s3s2p2","s3s3h1","s3s3p1","s3s3p2","s3s4h1","s3s4p1","s3s4p2","s3s5h1","s3s5p1","s3s6h1","s3s6p1","s3s6p2","s3s6p3","s3s7h1","s3s7p1","s3s7p2","s3s8h1","s3s8p1","s3s9h1","s3s9p1","s3s10h1","s3s10p1","s3s11h1","s3s11p1","s3s12h1","s3s12p1","s4h1","s5f1p1","s5f2p1","s5f3p1","s5f4p1","s5f5p1"]}}