{"anncomplete":false,"sources":[{"name":"ORIG","id":"PMC3911924","url":"http://www.ncbi.nlm.nih.gov/pmc/articles/PMC3911924/"},{"name":"PMID","id":"24498303","url":"http://www.ncbi.nlm.nih.gov/pubmed/24498303"}],"entities":[],"relations":[],"metas":{},"annotatable":{"parts":["s1h1","s2h1","s2s1h1","s2s1p1","s2s2h1","s2s2p1","s2s3h1","s2s3p1","s2s4h1","s2s4p1","s3h1","s3p1","s3p2","s4h1","s4s1h1","s4s1p1","s4s1f1h1","s4s1f1p1","s4s2h1","s4s2p1","s4s3h1","s4s3p1","s4s3f1h1","s4s3f1p1","s4s3p2","s4s4h1","s4s4p1","s4s5h1","s4s5p1","s4s5f1h1","s4s5f1p1","s4s5f2h1","s4s5f2p1","s4s5f3h1","s4s5f3p1","s5h1","s5p1","s5p2","s5p3","s5p4","s5p5","s6h1","s6s1h1","s6s1p1","s6s1p2","s6s1p3","s6s2h1","s6s2p1","s6s2p2","s6s3h1","s6s3p1","s6s3p2","s6s3p3","s6s4h1","s6s4p1","s6s5h1","s6s5p1","s6s6h1","s6s6p1","s6s6p2","s6s7h1","s6s7p1","s6s8h1","s6s8p1","s6s9h1","s6s9p1","s6s10h1","s6s10p1","s7h1"]}}