{"anncomplete":true,"sources":[{"name":"ORIG","id":"PMC3071301","url":"http://www.ncbi.nlm.nih.gov/pmc/articles/PMC3071301/"},{"name":"PMID","id":"21258341","url":"http://www.ncbi.nlm.nih.gov/pubmed/21258341"}],"entities":[{"classId":"e_1","part":"s1h1","offsets":[{"start":0,"text":"TTC21B"}],"confidence":{"state":"","who":["user:sanjeevkrn"],"prob":1},"fields":{},"normalizations":{}},{"classId":"e_1","part":"s2p1","offsets":[{"start":278,"text":"TTC21B"}],"confidence":{"state":"","who":["user:sanjeevkrn"],"prob":1},"fields":{},"normalizations":{}},{"classId":"e_1","part":"s2p1","offsets":[{"start":285,"text":"IFT139"}],"confidence":{"state":"","who":["user:sanjeevkrn"],"prob":1},"fields":{},"normalizations":{}},{"classId":"e_1","part":"s2p1","offsets":[{"start":739,"text":"TTC21B"}],"confidence":{"state":"","who":["user:sanjeevkrn"],"prob":1},"fields":{},"normalizations":{}},{"classId":"e_1","part":"s3p1","offsets":[{"start":1402,"text":"RPGRIP1L"}],"confidence":{"state":"","who":["user:sanjeevkrn"],"prob":1},"fields":{},"normalizations":{}},{"classId":"e_1","part":"s3p1","offsets":[{"start":1575,"text":"AHI1"}],"confidence":{"state":"","who":["user:sanjeevkrn"],"prob":1},"fields":{},"normalizations":{}},{"classId":"e_3","part":"s3p2","offsets":[{"start":292,"text":"humans"}],"confidence":{"state":"","who":["user:sanjeevkrn"],"prob":1},"fields":{},"normalizations":{}},{"classId":"e_1","part":"s3p3","offsets":[{"start":323,"text":"TTC21B"}],"confidence":{"state":"","who":["user:sanjeevkrn"],"prob":1},"fields":{},"normalizations":{}},{"classId":"e_3","part":"s3p3","offsets":[{"start":570,"text":"mouse"}],"confidence":{"state":"","who":["user:sanjeevkrn"],"prob":1},"fields":{},"normalizations":{}},{"classId":"e_3","part":"s3p3","offsets":[{"start":660,"text":"humans"}],"confidence":{"state":"","who":["user:sanjeevkrn"],"prob":1},"fields":{},"normalizations":{}},{"classId":"e_1","part":"s3p3","offsets":[{"start":677,"text":"TTC21B"}],"confidence":{"state":"","who":["user:sanjeevkrn"],"prob":1},"fields":{},"normalizations":{}},{"classId":"e_3","part":"s3p3","offsets":[{"start":945,"text":"humans"}],"confidence":{"state":"","who":["user:sanjeevkrn"],"prob":1},"fields":{},"normalizations":{}},{"classId":"e_1","part":"s3p3","offsets":[{"start":960,"text":"BBS421"}],"confidence":{"state":"","who":["user:sanjeevkrn"],"prob":1},"fields":{},"normalizations":{}},{"classId":"e_1","part":"s3p3","offsets":[{"start":971,"text":"BBS822"}],"confidence":{"state":"","who":["user:sanjeevkrn"],"prob":1},"fields":{},"normalizations":{}},{"classId":"e_1","part":"s4s1h1","offsets":[{"start":26,"text":"TTC21B"}],"confidence":{"state":"","who":["user:sanjeevkrn"],"prob":1},"fields":{},"normalizations":{}},{"classId":"e_1","part":"s4s1p1","offsets":[{"start":109,"text":"TTC21B"}],"confidence":{"state":"","who":["user:sanjeevkrn"],"prob":1},"fields":{},"normalizations":{}},{"classId":"e_1","part":"s4s2h1","offsets":[{"start":47,"text":"TTC21B"}],"confidence":{"state":"","who":["user:sanjeevkrn"],"prob":1},"fields":{},"normalizations":{}},{"classId":"e_3","part":"s4s2s1p1","offsets":[{"start":48,"text":"zebrafish"}],"confidence":{"state":"","who":["user:sanjeevkrn"],"prob":1},"fields":{},"normalizations":{}},{"classId":"e_3","part":"s4s2s1p1","offsets":[{"start":107,"text":"human"}],"confidence":{"state":"","who":["user:sanjeevkrn"],"prob":1},"fields":{},"normalizations":{}},{"classId":"e_1","part":"s4s2s1p1","offsets":[{"start":265,"text":"TTC21B"}],"confidence":{"state":"","who":["user:sanjeevkrn"],"prob":1},"fields":{},"normalizations":{}},{"classId":"e_3","part":"s4s2s1p1","offsets":[{"start":279,"text":"zebrafish"}],"confidence":{"state":"","who":["user:sanjeevkrn"],"prob":1},"fields":{},"normalizations":{}},{"classId":"e_3","part":"s4s2s1p1","offsets":[{"start":396,"text":"zebrafish"}],"confidence":{"state":"","who":["user:sanjeevkrn"],"prob":1},"fields":{},"normalizations":{}},{"classId":"e_1","part":"s4s2s1p1","offsets":[{"start":517,"text":"ttc21b"}],"confidence":{"state":"","who":["user:sanjeevkrn"],"prob":1},"fields":{},"normalizations":{}},{"classId":"e_3","part":"s4s2s1p1","offsets":[{"start":1175,"text":"human"}],"confidence":{"state":"","who":["user:sanjeevkrn"],"prob":1},"fields":{},"normalizations":{}},{"classId":"e_1","part":"s4s2s1p1","offsets":[{"start":1181,"text":"TTC21B"}],"confidence":{"state":"","who":["user:sanjeevkrn"],"prob":1},"fields":{},"normalizations":{}},{"classId":"e_1","part":"s4s2s1p1","offsets":[{"start":1303,"text":"ttc21b"}],"confidence":{"state":"","who":["user:sanjeevkrn"],"prob":1},"fields":{},"normalizations":{}},{"classId":"e_1","part":"s4s2s1p1","offsets":[{"start":1370,"text":"ttc21b"}],"confidence":{"state":"","who":["user:sanjeevkrn"],"prob":1},"fields":{},"normalizations":{}},{"classId":"e_1","part":"s4s2s1p1","offsets":[{"start":1419,"text":"ttc21b"}],"confidence":{"state":"","who":["user:sanjeevkrn"],"prob":1},"fields":{},"normalizations":{}},{"classId":"e_1","part":"s4s2s1p2","offsets":[{"start":58,"text":"TTC21B"}],"confidence":{"state":"","who":["user:sanjeevkrn"],"prob":1},"fields":{},"normalizations":{}},{"classId":"e_1","part":"s4s2s1p2","offsets":[{"start":157,"text":"TTC21B"}],"confidence":{"state":"","who":["user:sanjeevkrn"],"prob":1},"fields":{},"normalizations":{}},{"classId":"e_3","part":"s4s2s1p2","offsets":[{"start":191,"text":"zebrafish"}],"confidence":{"state":"","who":["user:sanjeevkrn"],"prob":1},"fields":{},"normalizations":{}},{"classId":"e_1","part":"s4s2s1p2","offsets":[{"start":412,"text":"TTC21B"}],"confidence":{"state":"","who":["user:sanjeevkrn"],"prob":1},"fields":{},"normalizations":{}},{"classId":"e_1","part":"s4s2s1p2","offsets":[{"start":1041,"text":"TTC21B"}],"confidence":{"state":"","who":["user:sanjeevkrn"],"prob":1},"fields":{},"normalizations":{}},{"classId":"e_2","part":"s4s2s1p2","offsets":[{"start":1057,"text":"rs1432273"}],"confidence":{"state":"","who":["user:sanjeevkrn"],"prob":1},"fields":{},"normalizations":{}},{"classId":"e_2","part":"s4s2s1p2","offsets":[{"start":1068,"text":"rs7592429"}],"confidence":{"state":"","who":["user:sanjeevkrn"],"prob":1},"fields":{},"normalizations":{}},{"classId":"e_2","part":"s4s2s1p2","offsets":[{"start":1079,"text":"rs16851307"}],"confidence":{"state":"","who":["user:sanjeevkrn"],"prob":1},"fields":{},"normalizations":{}},{"classId":"e_2","part":"s4s2s1p2","offsets":[{"start":1095,"text":"rs2163649"}],"confidence":{"state":"","who":["user:sanjeevkrn"],"prob":1},"fields":{},"normalizations":{}},{"classId":"e_1","part":"s4s2s1p3","offsets":[{"start":27,"text":"TTC21B"}],"confidence":{"state":"","who":["user:sanjeevkrn"],"prob":1},"fields":{},"normalizations":{}},{"classId":"e_3","part":"s4s2s2p1","offsets":[{"start":24,"text":"zebrafish"}],"confidence":{"state":"","who":["user:sanjeevkrn"],"prob":1},"fields":{},"normalizations":{}},{"classId":"e_1","part":"s4s2s2p1","offsets":[{"start":105,"text":"TTC21B"}],"confidence":{"state":"","who":["user:sanjeevkrn"],"prob":1},"fields":{},"normalizations":{}},{"classId":"e_1","part":"s4s2s2p1","offsets":[{"start":344,"text":"TTC21B"}],"confidence":{"state":"","who":["user:sanjeevkrn"],"prob":1},"fields":{},"normalizations":{}},{"classId":"e_1","part":"s4s2s2p1","offsets":[{"start":471,"text":"Ttc21b"}],"confidence":{"state":"","who":["user:sanjeevkrn"],"prob":1},"fields":{},"normalizations":{}},{"classId":"e_1","part":"s4s2s2p1","offsets":[{"start":519,"text":"Ttc21b"}],"confidence":{"state":"","who":["user:sanjeevkrn"],"prob":1},"fields":{},"normalizations":{}},{"classId":"e_1","part":"s4s2s2p1","offsets":[{"start":809,"text":"TTC21B"}],"confidence":{"state":"","who":["user:sanjeevkrn"],"prob":1},"fields":{},"normalizations":{}},{"classId":"e_3","part":"s4s2s2p1","offsets":[{"start":1013,"text":"zebrafish"}],"confidence":{"state":"","who":["user:sanjeevkrn"],"prob":1},"fields":{},"normalizations":{}},{"classId":"e_2","part":"s4s2s2p1","offsets":[{"start":1058,"text":"L1002V"}],"confidence":{"state":"","who":["user:sanjeevkrn"],"prob":1},"fields":{},"normalizations":{}},{"classId":"e_2","part":"s4s2s2p1","offsets":[{"start":1069,"text":"D1041N"}],"confidence":{"state":"","who":["user:sanjeevkrn"],"prob":1},"fields":{},"normalizations":{}},{"classId":"e_1","part":"s4s2s2p1","offsets":[{"start":1142,"text":"Ttc21b"}],"confidence":{"state":"","who":["user:sanjeevkrn"],"prob":1},"fields":{},"normalizations":{}},{"classId":"e_2","part":"s4s2s2p1","offsets":[{"start":1168,"text":"M280V"}],"confidence":{"state":"","who":["user:sanjeevkrn"],"prob":1},"fields":{},"normalizations":{}},{"classId":"e_2","part":"s4s2s2p1","offsets":[{"start":1175,"text":"P753L"}],"confidence":{"state":"","who":["user:sanjeevkrn"],"prob":1},"fields":{},"normalizations":{}},{"classId":"e_2","part":"s4s2s2p1","offsets":[{"start":1182,"text":"R939W"}],"confidence":{"state":"","who":["user:sanjeevkrn"],"prob":1},"fields":{},"normalizations":{}},{"classId":"e_2","part":"s4s2s2p1","offsets":[{"start":1193,"text":"I1208S"}],"confidence":{"state":"","who":["user:sanjeevkrn"],"prob":1},"fields":{},"normalizations":{}},{"classId":"e_3","part":"s4s2s2p1","offsets":[{"start":1515,"text":"zebrafish"}],"confidence":{"state":"","who":["user:sanjeevkrn"],"prob":1},"fields":{},"normalizations":{}},{"classId":"e_2","part":"s4s2s2p1","offsets":[{"start":1813,"text":"L795P"}],"confidence":{"state":"","who":["user:sanjeevkrn"],"prob":1},"fields":{},"normalizations":{}},{"classId":"e_1","part":"s4s2s2p1","offsets":[{"start":2006,"text":"TTC21B"}],"confidence":{"state":"","who":["user:sanjeevkrn"],"prob":1},"fields":{},"normalizations":{}},{"classId":"e_1","part":"s4s2s3h1","offsets":[{"start":0,"text":"TTC21B"}],"confidence":{"state":"","who":["user:sanjeevkrn"],"prob":1},"fields":{},"normalizations":{}},{"classId":"e_1","part":"s4s2s3p1","offsets":[{"start":61,"text":"TTC21B"}],"confidence":{"state":"","who":["user:sanjeevkrn"],"prob":1},"fields":{},"normalizations":{}},{"classId":"e_3","part":"s4s2s3p1","offsets":[{"start":166,"text":"mouse"}],"confidence":{"state":"","who":["user:sanjeevkrn"],"prob":1},"fields":{},"normalizations":{}},{"classId":"e_1","part":"s4s2s3p1","offsets":[{"start":411,"text":"Ttc21b"}],"confidence":{"state":"","who":["user:sanjeevkrn"],"prob":1},"fields":{},"normalizations":{}},{"classId":"e_3","part":"s4s2s3p1","offsets":[{"start":540,"text":"mouse"}],"confidence":{"state":"","who":["user:sanjeevkrn"],"prob":1},"fields":{},"normalizations":{}},{"classId":"e_1","part":"s4s2s3p1","offsets":[{"start":610,"text":"TTC21B"}],"confidence":{"state":"","who":["user:sanjeevkrn"],"prob":1},"fields":{},"normalizations":{}},{"classId":"e_1","part":"s4s2s3p1","offsets":[{"start":711,"text":"TTC21B"}],"confidence":{"state":"","who":["user:sanjeevkrn"],"prob":1},"fields":{},"normalizations":{}},{"classId":"e_3","part":"s4s2s3p1","offsets":[{"start":793,"text":"mouse"}],"confidence":{"state":"","who":["user:sanjeevkrn"],"prob":1},"fields":{},"normalizations":{}},{"classId":"e_1","part":"s4s2s3p1","offsets":[{"start":893,"text":"retinitis pigmentosa 1"}],"confidence":{"state":"","who":["user:sanjeevkrn"],"prob":1},"fields":{},"normalizations":{}},{"classId":"e_1","part":"s4s2s3p1","offsets":[{"start":917,"text":"Rp1"}],"confidence":{"state":"","who":["user:sanjeevkrn"],"prob":1},"fields":{},"normalizations":{}},{"classId":"e_1","part":"s4s2s3p1","offsets":[{"start":1044,"text":"Ttc21b"}],"confidence":{"state":"","who":["user:sanjeevkrn"],"prob":1},"fields":{},"normalizations":{}},{"classId":"e_1","part":"s4s2s3p1","offsets":[{"start":1132,"text":"Ttc21b"}],"confidence":{"state":"","who":["user:sanjeevkrn"],"prob":1},"fields":{},"normalizations":{}},{"classId":"e_1","part":"s4s2s3p1","offsets":[{"start":1157,"text":"Ttc21b"}],"confidence":{"state":"","who":["user:sanjeevkrn"],"prob":1},"fields":{},"normalizations":{}},{"classId":"e_1","part":"s4s2s3p1","offsets":[{"start":1215,"text":"Ttc21b"}],"confidence":{"state":"","who":["user:sanjeevkrn"],"prob":1},"fields":{},"normalizations":{}},{"classId":"e_3","part":"s4s2s3p1","offsets":[{"start":1241,"text":"rat"}],"confidence":{"state":"","who":["user:sanjeevkrn"],"prob":1},"fields":{},"normalizations":{}},{"classId":"e_3","part":"s4s2s3p1","offsets":[{"start":1378,"text":"human"}],"confidence":{"state":"","who":["user:sanjeevkrn"],"prob":1},"fields":{},"normalizations":{}},{"classId":"e_1","part":"s4s2s3p1","offsets":[{"start":1384,"text":"TTC21B"}],"confidence":{"state":"","who":["user:sanjeevkrn"],"prob":1},"fields":{},"normalizations":{}},{"classId":"e_1","part":"s4s2s3p1","offsets":[{"start":1426,"text":"Ttc21b"}],"confidence":{"state":"","who":["user:sanjeevkrn"],"prob":1},"fields":{},"normalizations":{}},{"classId":"e_1","part":"s4s2s3p2","offsets":[{"start":51,"text":"TTC21B"}],"confidence":{"state":"","who":["user:sanjeevkrn"],"prob":1},"fields":{},"normalizations":{}},{"classId":"e_3","part":"s4s2s3p2","offsets":[{"start":182,"text":"rat"}],"confidence":{"state":"","who":["user:sanjeevkrn"],"prob":1},"fields":{},"normalizations":{}},{"classId":"e_3","part":"s4s2s3p2","offsets":[{"start":302,"text":"rat"}],"confidence":{"state":"","who":["user:sanjeevkrn"],"prob":1},"fields":{},"normalizations":{}},{"classId":"e_3","part":"s4s2s3p2","offsets":[{"start":337,"text":"zebrafish"}],"confidence":{"state":"","who":["user:sanjeevkrn"],"prob":1},"fields":{},"normalizations":{}},{"classId":"e_2","part":"s4s2s3p2","offsets":[{"start":356,"text":"P209L"}],"confidence":{"state":"","who":["user:sanjeevkrn"],"prob":1},"fields":{},"normalizations":{}},{"classId":"e_2","part":"s4s2s3p2","offsets":[{"start":363,"text":"R411G"}],"confidence":{"state":"","who":["user:sanjeevkrn"],"prob":1},"fields":{},"normalizations":{}},{"classId":"e_2","part":"s4s2s3p2","offsets":[{"start":370,"text":"L1002V"}],"confidence":{"state":"","who":["user:sanjeevkrn"],"prob":1},"fields":{},"normalizations":{}},{"classId":"e_2","part":"s4s2s3p2","offsets":[{"start":378,"text":"T1103R"}],"confidence":{"state":"","who":["user:sanjeevkrn"],"prob":1},"fields":{},"normalizations":{}},{"classId":"e_2","part":"s4s2s3p2","offsets":[{"start":390,"text":"D1041N"}],"confidence":{"state":"","who":["user:sanjeevkrn"],"prob":1},"fields":{},"normalizations":{}},{"classId":"e_2","part":"s4s2s3p2","offsets":[{"start":632,"text":"I1208S"}],"confidence":{"state":"","who":["user:sanjeevkrn"],"prob":1},"fields":{},"normalizations":{}},{"classId":"e_1","part":"s4s3h1","offsets":[{"start":13,"text":"TTC21B"}],"confidence":{"state":"","who":["user:sanjeevkrn"],"prob":1},"fields":{},"normalizations":{}},{"classId":"e_1","part":"s4s3p1","offsets":[{"start":57,"text":"TTC21B"}],"confidence":{"state":"","who":["user:sanjeevkrn"],"prob":1},"fields":{},"normalizations":{}},{"classId":"e_2","part":"s4s3p1","offsets":[{"start":502,"text":"Leu795Pro"}],"confidence":{"state":"","who":["user:sanjeevkrn"],"prob":1},"fields":{},"normalizations":{}},{"classId":"e_1","part":"s4s3p1","offsets":[{"start":697,"text":"TTC21B"}],"confidence":{"state":"","who":["user:sanjeevkrn"],"prob":1},"fields":{},"normalizations":{}},{"classId":"e_2","part":"s4s3p1","offsets":[{"start":1077,"text":"P209L"}],"confidence":{"state":"","who":["user:sanjeevkrn"],"prob":1},"fields":{},"normalizations":{}},{"classId":"e_2","part":"s4s3p1","offsets":[{"start":1418,"text":"W150R"}],"confidence":{"state":"","who":["user:sanjeevkrn"],"prob":1},"fields":{},"normalizations":{}},{"classId":"e_3","part":"s4s3p1","offsets":[{"start":1476,"text":"zebrafish"}],"confidence":{"state":"","who":["user:sanjeevkrn"],"prob":1},"fields":{},"normalizations":{}},{"classId":"e_2","part":"s4s3p1","offsets":[{"start":1546,"text":"54-amino acid deletion"}],"confidence":{"state":"","who":["user:sanjeevkrn"],"prob":1},"fields":{},"normalizations":{}},{"classId":"e_1","part":"s4s3p1","offsets":[{"start":1622,"text":"TTC21B"}],"confidence":{"state":"","who":["user:sanjeevkrn"],"prob":1},"fields":{},"normalizations":{}},{"classId":"e_2","part":"s4s3p1","offsets":[{"start":1780,"text":"P209L"}],"confidence":{"state":"","who":["user:sanjeevkrn"],"prob":1},"fields":{},"normalizations":{}},{"classId":"e_2","part":"s4s3p1","offsets":[{"start":1968,"text":"P209L"}],"confidence":{"state":"","who":["user:sanjeevkrn"],"prob":1},"fields":{},"normalizations":{}},{"classId":"e_1","part":"s4s4h1","offsets":[{"start":54,"text":"TTC21B"}],"confidence":{"state":"","who":["user:sanjeevkrn"],"prob":1},"fields":{},"normalizations":{}},{"classId":"e_1","part":"s4s4p1","offsets":[{"start":71,"text":"TTC21B"}],"confidence":{"state":"","who":["user:sanjeevkrn"],"prob":1},"fields":{},"normalizations":{}},{"classId":"e_1","part":"s4s4p1","offsets":[{"start":195,"text":"TTC21B"}],"confidence":{"state":"","who":["user:sanjeevkrn"],"prob":1},"fields":{},"normalizations":{}},{"classId":"e_1","part":"s4s4p1","offsets":[{"start":689,"text":"TTC21B"}],"confidence":{"state":"","who":["user:sanjeevkrn"],"prob":1},"fields":{},"normalizations":{}},{"classId":"e_1","part":"s4s5h1","offsets":[{"start":23,"text":"TTC21B"}],"confidence":{"state":"","who":["user:sanjeevkrn"],"prob":1},"fields":{},"normalizations":{}},{"classId":"e_1","part":"s4s5p1","offsets":[{"start":98,"text":"TTC21B"}],"confidence":{"state":"","who":["user:sanjeevkrn"],"prob":1},"fields":{},"normalizations":{}},{"classId":"e_1","part":"s4s5p1","offsets":[{"start":244,"text":"TTC21B"}],"confidence":{"state":"","who":["user:sanjeevkrn"],"prob":1},"fields":{},"normalizations":{}},{"classId":"e_1","part":"s4s5p1","offsets":[{"start":420,"text":"ttc21b"}],"confidence":{"state":"","who":["user:sanjeevkrn"],"prob":1},"fields":{},"normalizations":{}},{"classId":"e_1","part":"s4s5p1","offsets":[{"start":707,"text":"ttc21b"}],"confidence":{"state":"","who":["user:sanjeevkrn"],"prob":1},"fields":{},"normalizations":{}},{"classId":"e_1","part":"s4s5p1","offsets":[{"start":932,"text":"ttc21b"}],"confidence":{"state":"","who":["user:sanjeevkrn"],"prob":1},"fields":{},"normalizations":{}},{"classId":"e_1","part":"s4s5p1","offsets":[{"start":1135,"text":"bbs1"}],"confidence":{"state":"","who":["user:sanjeevkrn"],"prob":1},"fields":{},"normalizations":{}},{"classId":"e_1","part":"s4s5p1","offsets":[{"start":1140,"text":"ttc21b"}],"confidence":{"state":"","who":["user:sanjeevkrn"],"prob":1},"fields":{},"normalizations":{}},{"classId":"e_1","part":"s4s5p1","offsets":[{"start":1236,"text":"bbs4"}],"confidence":{"state":"","who":["user:sanjeevkrn"],"prob":1},"fields":{},"normalizations":{}},{"classId":"e_1","part":"s4s5p1","offsets":[{"start":1241,"text":"ttc21b"}],"confidence":{"state":"","who":["user:sanjeevkrn"],"prob":1},"fields":{},"normalizations":{}},{"classId":"e_1","part":"s5p2","offsets":[{"start":69,"text":"TTC21B"}],"confidence":{"state":"","who":["user:sanjeevkrn"],"prob":1},"fields":{},"normalizations":{}},{"classId":"e_3","part":"s5p2","offsets":[{"start":255,"text":"human"}],"confidence":{"state":"","who":["user:sanjeevkrn"],"prob":1},"fields":{},"normalizations":{}},{"classId":"e_3","part":"s5p2","offsets":[{"start":527,"text":"mouse"}],"confidence":{"state":"","who":["user:sanjeevkrn"],"prob":1},"fields":{},"normalizations":{}},{"classId":"e_3","part":"s5p2","offsets":[{"start":537,"text":"human"}],"confidence":{"state":"","who":["user:sanjeevkrn"],"prob":1},"fields":{},"normalizations":{}},{"classId":"e_1","part":"s5p2","offsets":[{"start":603,"text":"TTC21B"}],"confidence":{"state":"","who":["user:sanjeevkrn"],"prob":1},"fields":{},"normalizations":{}},{"classId":"e_2","part":"s5p2","offsets":[{"start":783,"text":"c.2758-2A>G"}],"confidence":{"state":"","who":["user:sanjeevkrn"],"prob":1},"fields":{},"normalizations":{}},{"classId":"e_2","part":"s5p2","offsets":[{"start":795,"text":"P209L"}],"confidence":{"state":"","who":["user:sanjeevkrn"],"prob":1},"fields":{},"normalizations":{}},{"classId":"e_2","part":"s5p2","offsets":[{"start":804,"text":"C552X"}],"confidence":{"state":"","who":["user:sanjeevkrn"],"prob":1},"fields":{},"normalizations":{}},{"classId":"e_2","part":"s5p2","offsets":[{"start":810,"text":"P209L"}],"confidence":{"state":"","who":["user:sanjeevkrn"],"prob":1},"fields":{},"normalizations":{}},{"classId":"e_2","part":"s5p2","offsets":[{"start":850,"text":"P209L"}],"confidence":{"state":"","who":["user:sanjeevkrn"],"prob":1},"fields":{},"normalizations":{}},{"classId":"e_2","part":"s5p2","offsets":[{"start":928,"text":"P209L"}],"confidence":{"state":"","who":["user:sanjeevkrn"],"prob":1},"fields":{},"normalizations":{}},{"classId":"e_3","part":"s5p2","offsets":[{"start":1244,"text":"zebrafish"}],"confidence":{"state":"","who":["user:sanjeevkrn"],"prob":1},"fields":{},"normalizations":{}},{"classId":"e_1","part":"s5p2","offsets":[{"start":1733,"text":"TTC21B"}],"confidence":{"state":"","who":["user:sanjeevkrn"],"prob":1},"fields":{},"normalizations":{}},{"classId":"e_3","part":"s5p3","offsets":[{"start":240,"text":"human"}],"confidence":{"state":"","who":["user:sanjeevkrn"],"prob":1},"fields":{},"normalizations":{}},{"classId":"e_1","part":"s6s1p1","offsets":[{"start":515,"text":"TTC21B"}],"confidence":{"state":"","who":["user:sanjeevkrn"],"prob":1},"fields":{},"normalizations":{}},{"classId":"e_3","part":"s6s2p1","offsets":[{"start":17,"text":"human"}],"confidence":{"state":"","who":["user:sanjeevkrn"],"prob":1},"fields":{},"normalizations":{}},{"classId":"e_1","part":"s6s2p1","offsets":[{"start":23,"text":"TTC21B"}],"confidence":{"state":"","who":["user:sanjeevkrn"],"prob":1},"fields":{},"normalizations":{}},{"classId":"e_3","part":"s6s2p1","offsets":[{"start":267,"text":"zebrafish"}],"confidence":{"state":"","who":["user:sanjeevkrn"],"prob":1},"fields":{},"normalizations":{}},{"classId":"e_1","part":"s6s2p1","offsets":[{"start":545,"text":"TTC21B"}],"confidence":{"state":"","who":["user:sanjeevkrn"],"prob":1},"fields":{},"normalizations":{}},{"classId":"e_1","part":"s6s2p1","offsets":[{"start":715,"text":"Ttc21b"}],"confidence":{"state":"","who":["user:sanjeevkrn"],"prob":1},"fields":{},"normalizations":{}},{"classId":"e_1","part":"s6s2p1","offsets":[{"start":773,"text":"Ttc21b"}],"confidence":{"state":"","who":["user:sanjeevkrn"],"prob":1},"fields":{},"normalizations":{}},{"classId":"e_1","part":"s6s2p1","offsets":[{"start":810,"text":"Ttc21b"}],"confidence":{"state":"","who":["user:sanjeevkrn"],"prob":1},"fields":{},"normalizations":{}},{"classId":"e_1","part":"s6s2p1","offsets":[{"start":850,"text":"Ttc21b"}],"confidence":{"state":"","who":["user:sanjeevkrn"],"prob":1},"fields":{},"normalizations":{}},{"classId":"e_3","part":"s6s3h1","offsets":[{"start":0,"text":"Zebrafish"}],"confidence":{"state":"","who":["user:sanjeevkrn"],"prob":1},"fields":{},"normalizations":{}},{"classId":"e_3","part":"s6s3p1","offsets":[{"start":274,"text":"zebrafish"}],"confidence":{"state":"","who":["user:sanjeevkrn"],"prob":1},"fields":{},"normalizations":{}},{"classId":"e_1","part":"s6s3p1","offsets":[{"start":403,"text":"TTC21B"}],"confidence":{"state":"","who":["user:sanjeevkrn"],"prob":1},"fields":{},"normalizations":{}},{"classId":"e_1","part":"s6s3p1","offsets":[{"start":543,"text":"bbs123"}],"confidence":{"state":"","who":["user:sanjeevkrn"],"prob":1},"fields":{},"normalizations":{}},{"classId":"e_1","part":"s6s3p1","offsets":[{"start":551,"text":"bbs223"}],"confidence":{"state":"","who":["user:sanjeevkrn"],"prob":1},"fields":{},"normalizations":{}},{"classId":"e_1","part":"s6s3p1","offsets":[{"start":559,"text":"bbs423"}],"confidence":{"state":"","who":["user:sanjeevkrn"],"prob":1},"fields":{},"normalizations":{}},{"classId":"e_1","part":"s6s3p1","offsets":[{"start":567,"text":"bbs623"}],"confidence":{"state":"","who":["user:sanjeevkrn"],"prob":1},"fields":{},"normalizations":{}},{"classId":"e_1","part":"s6s3p1","offsets":[{"start":575,"text":"bbs723"}],"confidence":{"state":"","who":["user:sanjeevkrn"],"prob":1},"fields":{},"normalizations":{}},{"classId":"e_1","part":"s6s3p1","offsets":[{"start":583,"text":"bbs1023"}],"confidence":{"state":"","who":["user:sanjeevkrn"],"prob":1},"fields":{},"normalizations":{}},{"classId":"e_1","part":"s6s3p1","offsets":[{"start":592,"text":"bbs1223"}],"confidence":{"state":"","who":["user:sanjeevkrn"],"prob":1},"fields":{},"normalizations":{}},{"classId":"e_1","part":"s6s3p1","offsets":[{"start":601,"text":"tmem21613"}],"confidence":{"state":"","who":["user:sanjeevkrn"],"prob":1},"fields":{},"normalizations":{}},{"classId":"e_1","part":"s6s3p1","offsets":[{"start":612,"text":"rpgrip1l"}],"confidence":{"state":"","who":["user:sanjeevkrn"],"prob":1},"fields":{},"normalizations":{}},{"classId":"e_1","part":"s6s3p1","offsets":[{"start":621,"text":"15mks114"}],"confidence":{"state":"","who":["user:sanjeevkrn"],"prob":1},"fields":{},"normalizations":{}},{"classId":"e_1","part":"s6s3p1","offsets":[{"start":635,"text":"cep29014"}],"confidence":{"state":"","who":["user:sanjeevkrn"],"prob":1},"fields":{},"normalizations":{}},{"classId":"e_1","part":"s6s3p1","offsets":[{"start":1022,"text":"ttc21b"}],"confidence":{"state":"","who":["user:sanjeevkrn"],"prob":1},"fields":{},"normalizations":{}},{"classId":"e_1","part":"s6s4h1","offsets":[{"start":0,"text":"TTC21B"}],"confidence":{"state":"","who":["user:sanjeevkrn"],"prob":1},"fields":{},"normalizations":{}},{"classId":"e_1","part":"s6s4p1","offsets":[{"start":5,"text":"TTC21B"}],"confidence":{"state":"","who":["user:sanjeevkrn"],"prob":1},"fields":{},"normalizations":{}},{"classId":"e_3","part":"s6s4p1","offsets":[{"start":72,"text":"rabbits"}],"confidence":{"state":"","who":["user:sanjeevkrn"],"prob":1},"fields":{},"normalizations":{}},{"classId":"e_1","part":"s6s5p1","offsets":[{"start":25,"text":"Ttc21b"}],"confidence":{"state":"","who":["user:sanjeevkrn"],"prob":1},"fields":{},"normalizations":{}},{"classId":"e_3","part":"s6s6p1","offsets":[{"start":622,"text":"goat"}],"confidence":{"state":"","who":["user:sanjeevkrn"],"prob":1},"fields":{},"normalizations":{}},{"classId":"e_3","part":"s6s6p1","offsets":[{"start":632,"text":"mouse"}],"confidence":{"state":"","who":["user:sanjeevkrn"],"prob":1},"fields":{},"normalizations":{}},{"classId":"e_3","part":"s6s6p1","offsets":[{"start":899,"text":"rabbit"}],"confidence":{"state":"","who":["user:sanjeevkrn"],"prob":1},"fields":{},"normalizations":{}},{"classId":"e_3","part":"s6s6p1","offsets":[{"start":1003,"text":"goat"}],"confidence":{"state":"","who":["user:sanjeevkrn"],"prob":1},"fields":{},"normalizations":{}},{"classId":"e_3","part":"s6s6p1","offsets":[{"start":1013,"text":"rabbit"}],"confidence":{"state":"","who":["user:sanjeevkrn"],"prob":1},"fields":{},"normalizations":{}},{"classId":"e_3","part":"s6s8p1","offsets":[{"start":488,"text":"goat"}],"confidence":{"state":"","who":["user:sanjeevkrn"],"prob":1},"fields":{},"normalizations":{}},{"classId":"e_3","part":"s6s8p1","offsets":[{"start":498,"text":"mouse"}],"confidence":{"state":"","who":["user:sanjeevkrn"],"prob":1},"fields":{},"normalizations":{}},{"classId":"e_3","part":"s6s9h1","offsets":[{"start":27,"text":"rat"}],"confidence":{"state":"","who":["user:sanjeevkrn"],"prob":1},"fields":{},"normalizations":{}},{"classId":"e_1","part":"s6s9p1","offsets":[{"start":77,"text":"Ttc21b"}],"confidence":{"state":"","who":["user:sanjeevkrn"],"prob":1},"fields":{},"normalizations":{}},{"classId":"e_3","part":"s6s9p1","offsets":[{"start":95,"text":"human"}],"confidence":{"state":"","who":["user:sanjeevkrn"],"prob":1},"fields":{},"normalizations":{}},{"classId":"e_1","part":"s6s9p1","offsets":[{"start":101,"text":"TTC21B"}],"confidence":{"state":"","who":["user:sanjeevkrn"],"prob":1},"fields":{},"normalizations":{}},{"classId":"e_3","part":"s6s9p1","offsets":[{"start":120,"text":"rat"}],"confidence":{"state":"","who":["user:sanjeevkrn"],"prob":1},"fields":{},"normalizations":{}},{"classId":"e_3","part":"s6s9p1","offsets":[{"start":262,"text":"rats"}],"confidence":{"state":"","who":["user:sanjeevkrn"],"prob":1},"fields":{},"normalizations":{}},{"classId":"e_3","part":"s6s9p1","offsets":[{"start":274,"text":"rats"}],"confidence":{"state":"","who":["user:sanjeevkrn"],"prob":1},"fields":{},"normalizations":{}},{"classId":"e_1","part":"s6s9p1","offsets":[{"start":368,"text":"Ttc21b"}],"confidence":{"state":"","who":["user:sanjeevkrn"],"prob":1},"fields":{},"normalizations":{}},{"classId":"e_3","part":"s6s9p1","offsets":[{"start":392,"text":"human"}],"confidence":{"state":"","who":["user:sanjeevkrn"],"prob":1},"fields":{},"normalizations":{}},{"classId":"e_1","part":"s6s9p1","offsets":[{"start":398,"text":"TTC21B"}],"confidence":{"state":"","who":["user:sanjeevkrn"],"prob":1},"fields":{},"normalizations":{}},{"classId":"e_3","part":"s6s9p1","offsets":[{"start":671,"text":"rats"}],"confidence":{"state":"","who":["user:sanjeevkrn"],"prob":1},"fields":{},"normalizations":{}},{"classId":"e_3","part":"s6s9p1","offsets":[{"start":718,"text":"rats"}],"confidence":{"state":"","who":["user:sanjeevkrn"],"prob":1},"fields":{},"normalizations":{}},{"classId":"e_3","part":"s6s9p1","offsets":[{"start":1526,"text":"rat"}],"confidence":{"state":"","who":["user:sanjeevkrn"],"prob":1},"fields":{},"normalizations":{}},{"classId":"e_1","part":"s8f1h1","offsets":[{"start":17,"text":"TTC21B"}],"confidence":{"state":"","who":["user:sanjeevkrn"],"prob":1},"fields":{},"normalizations":{}},{"classId":"e_3","part":"s8f1h1","offsets":[{"start":48,"text":"zebrafish"}],"confidence":{"state":"","who":["user:sanjeevkrn"],"prob":1},"fields":{},"normalizations":{}},{"classId":"e_1","part":"s8f1p1","offsets":[{"start":31,"text":"ttc21b"}],"confidence":{"state":"","who":["user:sanjeevkrn"],"prob":1},"fields":{},"normalizations":{}},{"classId":"e_1","part":"s8f1p1","offsets":[{"start":86,"text":"ttc21b"}],"confidence":{"state":"","who":["user:sanjeevkrn"],"prob":1},"fields":{},"normalizations":{}},{"classId":"e_1","part":"s8f1p2","offsets":[{"start":27,"text":"ttc21b"}],"confidence":{"state":"","who":["user:sanjeevkrn"],"prob":1},"fields":{},"normalizations":{}},{"classId":"e_3","part":"s8f1p2","offsets":[{"start":42,"text":"human"}],"confidence":{"state":"","who":["user:sanjeevkrn"],"prob":1},"fields":{},"normalizations":{}},{"classId":"e_3","part":"s8f1p2","offsets":[{"start":85,"text":"human"}],"confidence":{"state":"","who":["user:sanjeevkrn"],"prob":1},"fields":{},"normalizations":{}},{"classId":"e_1","part":"s8f1p2","offsets":[{"start":91,"text":"TTC21B"}],"confidence":{"state":"","who":["user:sanjeevkrn"],"prob":1},"fields":{},"normalizations":{}},{"classId":"e_1","part":"s8f1p2","offsets":[{"start":103,"text":"ttc21b"}],"confidence":{"state":"","who":["user:sanjeevkrn"],"prob":1},"fields":{},"normalizations":{}},{"classId":"e_2","part":"s8f1p2","offsets":[{"start":266,"text":"P209L"}],"confidence":{"state":"","who":["user:sanjeevkrn"],"prob":1},"fields":{},"normalizations":{}},{"classId":"e_2","part":"s8f1p2","offsets":[{"start":273,"text":"R411G"}],"confidence":{"state":"","who":["user:sanjeevkrn"],"prob":1},"fields":{},"normalizations":{}},{"classId":"e_2","part":"s8f1p2","offsets":[{"start":280,"text":"T1103R"}],"confidence":{"state":"","who":["user:sanjeevkrn"],"prob":1},"fields":{},"normalizations":{}},{"classId":"e_2","part":"s8f1p2","offsets":[{"start":329,"text":"I1208S"}],"confidence":{"state":"","who":["user:sanjeevkrn"],"prob":1},"fields":{},"normalizations":{}},{"classId":"e_1","part":"s8f2h1","offsets":[{"start":56,"text":"Ttc21b"}],"confidence":{"state":"","who":["user:sanjeevkrn"],"prob":1},"fields":{},"normalizations":{}},{"classId":"e_1","part":"s8f2p1","offsets":[{"start":53,"text":"Ttc21b"}],"confidence":{"state":"","who":["user:sanjeevkrn"],"prob":1},"fields":{},"normalizations":{}},{"classId":"e_1","part":"s8f2p1","offsets":[{"start":164,"text":"TTC21B"}],"confidence":{"state":"","who":["user:sanjeevkrn"],"prob":1},"fields":{},"normalizations":{}},{"classId":"e_1","part":"s8f2p2","offsets":[{"start":59,"text":"TTC21B"}],"confidence":{"state":"","who":["user:sanjeevkrn"],"prob":1},"fields":{},"normalizations":{}},{"classId":"e_1","part":"s8f2p2","offsets":[{"start":110,"text":"Ttc21b"}],"confidence":{"state":"","who":["user:sanjeevkrn"],"prob":1},"fields":{},"normalizations":{}},{"classId":"e_2","part":"s8f2p2","offsets":[{"start":173,"text":"P209L"}],"confidence":{"state":"","who":["user:sanjeevkrn"],"prob":1},"fields":{},"normalizations":{}},{"classId":"e_2","part":"s8f2p2","offsets":[{"start":180,"text":"R411G"}],"confidence":{"state":"","who":["user:sanjeevkrn"],"prob":1},"fields":{},"normalizations":{}},{"classId":"e_2","part":"s8f2p2","offsets":[{"start":190,"text":"T1103R"}],"confidence":{"state":"","who":["user:sanjeevkrn"],"prob":1},"fields":{},"normalizations":{}},{"classId":"e_2","part":"s8f2p2","offsets":[{"start":247,"text":"I1208S"}],"confidence":{"state":"","who":["user:sanjeevkrn"],"prob":1},"fields":{},"normalizations":{}},{"classId":"e_1","part":"s8f2p2","offsets":[{"start":365,"text":"Ttc21b"}],"confidence":{"state":"","who":["user:sanjeevkrn"],"prob":1},"fields":{},"normalizations":{}},{"classId":"e_1","part":"s8f2p3","offsets":[{"start":38,"text":"TTC21B"}],"confidence":{"state":"","who":["user:sanjeevkrn"],"prob":1},"fields":{},"normalizations":{}},{"classId":"e_2","part":"s8f2p3","offsets":[{"start":80,"text":"P209L"}],"confidence":{"state":"","who":["user:sanjeevkrn"],"prob":1},"fields":{},"normalizations":{}},{"classId":"e_2","part":"s8f2p3","offsets":[{"start":90,"text":"R411G"}],"confidence":{"state":"","who":["user:sanjeevkrn"],"prob":1},"fields":{},"normalizations":{}},{"classId":"e_1","part":"s8f2p3","offsets":[{"start":127,"text":"TTC21B"}],"confidence":{"state":"","who":["user:sanjeevkrn"],"prob":1},"fields":{},"normalizations":{}},{"classId":"e_2","part":"s8f2p3","offsets":[{"start":152,"text":"I1208S"}],"confidence":{"state":"","who":["user:sanjeevkrn"],"prob":1},"fields":{},"normalizations":{}},{"classId":"e_1","part":"s8f2p4","offsets":[{"start":35,"text":"TTC21B"}],"confidence":{"state":"","who":["user:sanjeevkrn"],"prob":1},"fields":{},"normalizations":{}},{"classId":"e_3","part":"s8f2p4","offsets":[{"start":132,"text":"human"}],"confidence":{"state":"","who":["user:sanjeevkrn"],"prob":1},"fields":{},"normalizations":{}},{"classId":"e_1","part":"s8f2p4","offsets":[{"start":138,"text":"TTC21B"}],"confidence":{"state":"","who":["user:sanjeevkrn"],"prob":1},"fields":{},"normalizations":{}},{"classId":"e_1","part":"s8f3h1","offsets":[{"start":0,"text":"TTC21B"}],"confidence":{"state":"","who":["user:sanjeevkrn"],"prob":1},"fields":{},"normalizations":{}},{"classId":"e_3","part":"s8f3p1","offsets":[{"start":9,"text":"rat"}],"confidence":{"state":"","who":["user:sanjeevkrn"],"prob":1},"fields":{},"normalizations":{}},{"classId":"e_1","part":"s8f3p1","offsets":[{"start":108,"text":"TTC21B"}],"confidence":{"state":"","who":["user:sanjeevkrn"],"prob":1},"fields":{},"normalizations":{}},{"classId":"e_1","part":"s8f3p1","offsets":[{"start":455,"text":"TTC21B"}],"confidence":{"state":"","who":["user:sanjeevkrn"],"prob":1},"fields":{},"normalizations":{}},{"classId":"e_2","part":"s8f3p1","offsets":[{"start":545,"text":"R411G"}],"confidence":{"state":"","who":["user:sanjeevkrn"],"prob":1},"fields":{},"normalizations":{}},{"classId":"e_2","part":"s8f3p1","offsets":[{"start":683,"text":"P209L"}],"confidence":{"state":"","who":["user:sanjeevkrn"],"prob":1},"fields":{},"normalizations":{}},{"classId":"e_2","part":"s8f3p1","offsets":[{"start":693,"text":"T1103R"}],"confidence":{"state":"","who":["user:sanjeevkrn"],"prob":1},"fields":{},"normalizations":{}},{"classId":"e_2","part":"s8f3p1","offsets":[{"start":822,"text":"I1208S"}],"confidence":{"state":"","who":["user:sanjeevkrn"],"prob":1},"fields":{},"normalizations":{}},{"classId":"e_3","part":"s8f3p1","offsets":[{"start":967,"text":"mouse"}],"confidence":{"state":"","who":["user:sanjeevkrn"],"prob":1},"fields":{},"normalizations":{}},{"classId":"e_3","part":"s8f3p1","offsets":[{"start":1027,"text":"mouse"}],"confidence":{"state":"","who":["user:sanjeevkrn"],"prob":1},"fields":{},"normalizations":{}},{"classId":"e_1","part":"s8f4h1","offsets":[{"start":15,"text":"TTC21B"}],"confidence":{"state":"","who":["user:sanjeevkrn"],"prob":1},"fields":{},"normalizations":{}},{"classId":"e_1","part":"s8f4p1","offsets":[{"start":53,"text":"TTC21B"}],"confidence":{"state":"","who":["user:sanjeevkrn"],"prob":1},"fields":{},"normalizations":{}},{"classId":"e_3","part":"s8f4p2","offsets":[{"start":20,"text":"human"}],"confidence":{"state":"","who":["user:sanjeevkrn"],"prob":1},"fields":{},"normalizations":{}},{"classId":"e_1","part":"s8f4p2","offsets":[{"start":26,"text":"TTC21B"}],"confidence":{"state":"","who":["user:sanjeevkrn"],"prob":1},"fields":{},"normalizations":{}},{"classId":"e_3","part":"s8f4p3","offsets":[{"start":3,"text":"Human"}],"confidence":{"state":"","who":["user:sanjeevkrn"],"prob":1},"fields":{},"normalizations":{}},{"classId":"e_1","part":"s8f4p3","offsets":[{"start":9,"text":"TTC21B"}],"confidence":{"state":"","who":["user:sanjeevkrn"],"prob":1},"fields":{},"normalizations":{}},{"classId":"e_1","part":"s8f4p4","offsets":[{"start":58,"text":"TTC21B"}],"confidence":{"state":"","who":["user:sanjeevkrn"],"prob":1},"fields":{},"normalizations":{}},{"classId":"e_2","part":"s8f4p4","offsets":[{"start":518,"text":"P209L"}],"confidence":{"state":"","who":["user:sanjeevkrn"],"prob":1},"fields":{},"normalizations":{}},{"classId":"e_1","part":"s8f5h1","offsets":[{"start":20,"text":"TTC21B"}],"confidence":{"state":"","who":["user:sanjeevkrn"],"prob":1},"fields":{},"normalizations":{}},{"classId":"e_1","part":"s8f5p1","offsets":[{"start":0,"text":"ttc21b"}],"confidence":{"state":"","who":["user:sanjeevkrn"],"prob":1},"fields":{},"normalizations":{}},{"classId":"e_1","part":"s8f5p1","offsets":[{"start":109,"text":"bbs1"}],"confidence":{"state":"","who":["user:sanjeevkrn"],"prob":1},"fields":{},"normalizations":{}},{"classId":"e_1","part":"s8f5p1","offsets":[{"start":115,"text":"bbs2"}],"confidence":{"state":"","who":["user:sanjeevkrn"],"prob":1},"fields":{},"normalizations":{}},{"classId":"e_1","part":"s8f5p1","offsets":[{"start":121,"text":"bbs4"}],"confidence":{"state":"","who":["user:sanjeevkrn"],"prob":1},"fields":{},"normalizations":{}},{"classId":"e_1","part":"s8f5p1","offsets":[{"start":127,"text":"bbs6"}],"confidence":{"state":"","who":["user:sanjeevkrn"],"prob":1},"fields":{},"normalizations":{}},{"classId":"e_1","part":"s8f5p1","offsets":[{"start":133,"text":"bbs7"}],"confidence":{"state":"","who":["user:sanjeevkrn"],"prob":1},"fields":{},"normalizations":{}},{"classId":"e_1","part":"s8f5p1","offsets":[{"start":139,"text":"bbs10"}],"confidence":{"state":"","who":["user:sanjeevkrn"],"prob":1},"fields":{},"normalizations":{}},{"classId":"e_1","part":"s8f5p1","offsets":[{"start":146,"text":"bbs12"}],"confidence":{"state":"","who":["user:sanjeevkrn"],"prob":1},"fields":{},"normalizations":{}},{"classId":"e_1","part":"s8f5p1","offsets":[{"start":153,"text":"tmem216"}],"confidence":{"state":"","who":["user:sanjeevkrn"],"prob":1},"fields":{},"normalizations":{}},{"classId":"e_1","part":"s8f5p1","offsets":[{"start":162,"text":"nphp4"}],"confidence":{"state":"","who":["user:sanjeevkrn"],"prob":1},"fields":{},"normalizations":{}},{"classId":"e_1","part":"s8f5p1","offsets":[{"start":169,"text":"cc2d2a"}],"confidence":{"state":"","who":["user:sanjeevkrn"],"prob":1},"fields":{},"normalizations":{}},{"classId":"e_1","part":"s8f5p1","offsets":[{"start":177,"text":"rpgrip1l"}],"confidence":{"state":"","who":["user:sanjeevkrn"],"prob":1},"fields":{},"normalizations":{}},{"classId":"e_1","part":"s8f5p1","offsets":[{"start":187,"text":"mks1"}],"confidence":{"state":"","who":["user:sanjeevkrn"],"prob":1},"fields":{},"normalizations":{}},{"classId":"e_1","part":"s8f5p1","offsets":[{"start":197,"text":"cep290"}],"confidence":{"state":"","who":["user:sanjeevkrn"],"prob":1},"fields":{},"normalizations":{}},{"classId":"e_1","part":"s8f5p1","offsets":[{"start":258,"text":"ttc21b"}],"confidence":{"state":"","who":["user:sanjeevkrn"],"prob":1},"fields":{},"normalizations":{}},{"classId":"e_1","part":"s8f6h1","offsets":[{"start":11,"text":"TTC21B"}],"confidence":{"state":"","who":["user:sanjeevkrn"],"prob":1},"fields":{},"normalizations":{}}],"relations":[{"classId":"r_6","type":"linked","directed":false,"entities":["s3p3|570,575","s3p3|323,329"],"confidence":{"state":"","who":["user:sanjeevkrn"],"prob":1}},{"classId":"r_6","type":"linked","directed":false,"entities":["s3p3|960,966","s3p3|945,951"],"confidence":{"state":"","who":["user:sanjeevkrn"],"prob":1}},{"classId":"r_6","type":"linked","directed":false,"entities":["s3p3|971,977","s3p3|945,951"],"confidence":{"state":"","who":["user:sanjeevkrn"],"prob":1}},{"classId":"r_6","type":"linked","directed":false,"entities":["s4s2s1p1|265,271","s4s2s1p1|279,288"],"confidence":{"state":"","who":["user:sanjeevkrn"],"prob":1}},{"classId":"r_6","type":"linked","directed":false,"entities":["s4s2s1p1|1181,1187","s4s2s1p1|1175,1180"],"confidence":{"state":"","who":["user:sanjeevkrn"],"prob":1}},{"classId":"r_5","type":"linked","directed":false,"entities":["s4s2s1p2|1057,1066","s4s2s1p2|1041,1047"],"confidence":{"state":"","who":["user:sanjeevkrn"],"prob":1}},{"classId":"r_5","type":"linked","directed":false,"entities":["s4s2s1p2|1068,1077","s4s2s1p2|1041,1047"],"confidence":{"state":"","who":["user:sanjeevkrn"],"prob":1}},{"classId":"r_5","type":"linked","directed":false,"entities":["s4s2s1p2|1079,1089","s4s2s1p2|1041,1047"],"confidence":{"state":"","who":["user:sanjeevkrn"],"prob":1}},{"classId":"r_5","type":"linked","directed":false,"entities":["s4s2s1p2|1095,1104","s4s2s1p2|1041,1047"],"confidence":{"state":"","who":["user:sanjeevkrn"],"prob":1}},{"classId":"r_5","type":"linked","directed":false,"entities":["s4s2s2p1|1058,1064","s4s2s2p1|1142,1148"],"confidence":{"state":"","who":["user:sanjeevkrn"],"prob":1}},{"classId":"r_5","type":"linked","directed":false,"entities":["s4s2s2p1|1069,1075","s4s2s2p1|1142,1148"],"confidence":{"state":"","who":["user:sanjeevkrn"],"prob":1}},{"classId":"r_5","type":"linked","directed":false,"entities":["s4s2s2p1|1168,1173","s4s2s2p1|1142,1148"],"confidence":{"state":"","who":["user:sanjeevkrn"],"prob":1}},{"classId":"r_5","type":"linked","directed":false,"entities":["s4s2s2p1|1175,1180","s4s2s2p1|1142,1148"],"confidence":{"state":"","who":["user:sanjeevkrn"],"prob":1}},{"classId":"r_5","type":"linked","directed":false,"entities":["s4s2s2p1|1182,1187","s4s2s2p1|1142,1148"],"confidence":{"state":"","who":["user:sanjeevkrn"],"prob":1}},{"classId":"r_5","type":"linked","directed":false,"entities":["s4s2s2p1|1193,1199","s4s2s2p1|1142,1148"],"confidence":{"state":"","who":["user:sanjeevkrn"],"prob":1}},{"classId":"r_5","type":"linked","directed":false,"entities":["s4s2s2p1|1813,1818","s4s2s2p1|2006,2012"],"confidence":{"state":"","who":["user:sanjeevkrn"],"prob":1}},{"classId":"r_6","type":"linked","directed":false,"entities":["s4s2s3p1|61,67","s4s2s3p1|166,171"],"confidence":{"state":"","who":["user:sanjeevkrn"],"prob":1}},{"classId":"r_6","type":"linked","directed":false,"entities":["s4s2s3p1|893,915","s4s2s3p1|793,798"],"confidence":{"state":"","who":["user:sanjeevkrn"],"prob":1}},{"classId":"r_6","type":"linked","directed":false,"entities":["s4s2s3p1|917,920","s4s2s3p1|793,798"],"confidence":{"state":"","who":["user:sanjeevkrn"],"prob":1}},{"classId":"r_6","type":"linked","directed":false,"entities":["s4s2s3p1|1384,1390","s4s2s3p1|1378,1383"],"confidence":{"state":"","who":["user:sanjeevkrn"],"prob":1}},{"classId":"r_5","type":"linked","directed":false,"entities":["s4s2s3p2|356,361","s4s2s3p2|51,57"],"confidence":{"state":"","who":["user:sanjeevkrn"],"prob":1}},{"classId":"r_5","type":"linked","directed":false,"entities":["s4s2s3p2|363,368","s4s2s3p2|51,57"],"confidence":{"state":"","who":["user:sanjeevkrn"],"prob":1}},{"classId":"r_5","type":"linked","directed":false,"entities":["s4s2s3p2|370,376","s4s2s3p2|51,57"],"confidence":{"state":"","who":["user:sanjeevkrn"],"prob":1}},{"classId":"r_5","type":"linked","directed":false,"entities":["s4s2s3p2|378,384","s4s2s3p2|51,57"],"confidence":{"state":"","who":["user:sanjeevkrn"],"prob":1}},{"classId":"r_5","type":"linked","directed":false,"entities":["s4s2s3p2|390,396","s4s2s3p2|51,57"],"confidence":{"state":"","who":["user:sanjeevkrn"],"prob":1}},{"classId":"r_5","type":"linked","directed":false,"entities":["s4s2s3p2|632,638","s4s2s3p2|51,57"],"confidence":{"state":"","who":["user:sanjeevkrn"],"prob":1}},{"classId":"r_5","type":"linked","directed":false,"entities":["s4s3p1|502,511","s4s3p1|57,63"],"confidence":{"state":"","who":["user:sanjeevkrn"],"prob":1}},{"classId":"r_5","type":"linked","directed":false,"entities":["s4s3p1|1077,1082","s4s3p1|697,703"],"confidence":{"state":"","who":["user:sanjeevkrn"],"prob":1}},{"classId":"r_5","type":"linked","directed":false,"entities":["s4s3p1|1418,1423","s4s3p1|1622,1628"],"confidence":{"state":"","who":["user:sanjeevkrn"],"prob":1}},{"classId":"r_5","type":"linked","directed":false,"entities":["s4s3p1|1546,1568","s4s3p1|1622,1628"],"confidence":{"state":"","who":["user:sanjeevkrn"],"prob":1}},{"classId":"r_5","type":"linked","directed":false,"entities":["s4s3p1|1780,1785","s4s3p1|1622,1628"],"confidence":{"state":"","who":["user:sanjeevkrn"],"prob":1}},{"classId":"r_5","type":"linked","directed":false,"entities":["s4s3p1|1968,1973","s4s3p1|1622,1628"],"confidence":{"state":"","who":["user:sanjeevkrn"],"prob":1}},{"classId":"r_6","type":"linked","directed":false,"entities":["s5p2|255,260","s5p2|69,75"],"confidence":{"state":"","who":["user:sanjeevkrn"],"prob":1}},{"classId":"r_6","type":"linked","directed":false,"entities":["s5p2|603,609","s5p2|537,542"],"confidence":{"state":"","who":["user:sanjeevkrn"],"prob":1}},{"classId":"r_6","type":"linked","directed":false,"entities":["s5p2|603,609","s5p2|527,532"],"confidence":{"state":"","who":["user:sanjeevkrn"],"prob":1}},{"classId":"r_5","type":"linked","directed":false,"entities":["s5p2|783,794","s5p2|603,609"],"confidence":{"state":"","who":["user:sanjeevkrn"],"prob":1}},{"classId":"r_5","type":"linked","directed":false,"entities":["s5p2|795,800","s5p2|603,609"],"confidence":{"state":"","who":["user:sanjeevkrn"],"prob":1}},{"classId":"r_5","type":"linked","directed":false,"entities":["s5p2|804,809","s5p2|603,609"],"confidence":{"state":"","who":["user:sanjeevkrn"],"prob":1}},{"classId":"r_5","type":"linked","directed":false,"entities":["s5p2|810,815","s5p2|603,609"],"confidence":{"state":"","who":["user:sanjeevkrn"],"prob":1}},{"classId":"r_5","type":"linked","directed":false,"entities":["s5p2|850,855","s5p2|603,609"],"confidence":{"state":"","who":["user:sanjeevkrn"],"prob":1}},{"classId":"r_5","type":"linked","directed":false,"entities":["s5p2|928,933","s5p2|603,609"],"confidence":{"state":"","who":["user:sanjeevkrn"],"prob":1}},{"classId":"r_6","type":"linked","directed":false,"entities":["s6s2p1|23,29","s6s2p1|17,22"],"confidence":{"state":"","who":["user:sanjeevkrn"],"prob":1}},{"classId":"r_6","type":"linked","directed":false,"entities":["s6s9p1|101,107","s6s9p1|95,100"],"confidence":{"state":"","who":["user:sanjeevkrn"],"prob":1}},{"classId":"r_6","type":"linked","directed":false,"entities":["s6s9p1|398,404","s6s9p1|392,397"],"confidence":{"state":"","who":["user:sanjeevkrn"],"prob":1}},{"classId":"r_6","type":"linked","directed":false,"entities":["s8f1p2|27,33","s8f1p2|42,47"],"confidence":{"state":"","who":["user:sanjeevkrn"],"prob":1}},{"classId":"r_6","type":"linked","directed":false,"entities":["s8f1p2|91,97","s8f1p2|85,90"],"confidence":{"state":"","who":["user:sanjeevkrn"],"prob":1}},{"classId":"r_6","type":"linked","directed":false,"entities":["s8f1p2|103,109","s8f1p2|85,90"],"confidence":{"state":"","who":["user:sanjeevkrn"],"prob":1}},{"classId":"r_5","type":"linked","directed":false,"entities":["s8f1p2|266,271","s8f1p2|103,109"],"confidence":{"state":"","who":["user:sanjeevkrn"],"prob":1}},{"classId":"r_5","type":"linked","directed":false,"entities":["s8f1p2|273,278","s8f1p2|103,109"],"confidence":{"state":"","who":["user:sanjeevkrn"],"prob":1}},{"classId":"r_5","type":"linked","directed":false,"entities":["s8f1p2|280,286","s8f1p2|103,109"],"confidence":{"state":"","who":["user:sanjeevkrn"],"prob":1}},{"classId":"r_5","type":"linked","directed":false,"entities":["s8f1p2|329,335","s8f1p2|103,109"],"confidence":{"state":"","who":["user:sanjeevkrn"],"prob":1}},{"classId":"r_5","type":"linked","directed":false,"entities":["s8f2p2|173,178","s8f2p2|110,116"],"confidence":{"state":"","who":["user:sanjeevkrn"],"prob":1}},{"classId":"r_5","type":"linked","directed":false,"entities":["s8f2p2|180,185","s8f2p2|110,116"],"confidence":{"state":"","who":["user:sanjeevkrn"],"prob":1}},{"classId":"r_5","type":"linked","directed":false,"entities":["s8f2p2|190,196","s8f2p2|110,116"],"confidence":{"state":"","who":["user:sanjeevkrn"],"prob":1}},{"classId":"r_5","type":"linked","directed":false,"entities":["s8f2p2|247,253","s8f2p2|110,116"],"confidence":{"state":"","who":["user:sanjeevkrn"],"prob":1}},{"classId":"r_5","type":"linked","directed":false,"entities":["s8f2p3|80,85","s8f2p3|38,44"],"confidence":{"state":"","who":["user:sanjeevkrn"],"prob":1}},{"classId":"r_5","type":"linked","directed":false,"entities":["s8f2p3|90,95","s8f2p3|38,44"],"confidence":{"state":"","who":["user:sanjeevkrn"],"prob":1}},{"classId":"r_5","type":"linked","directed":false,"entities":["s8f2p3|152,158","s8f2p3|127,133"],"confidence":{"state":"","who":["user:sanjeevkrn"],"prob":1}},{"classId":"r_6","type":"linked","directed":false,"entities":["s8f2p4|138,144","s8f2p4|132,137"],"confidence":{"state":"","who":["user:sanjeevkrn"],"prob":1}},{"classId":"r_5","type":"linked","directed":false,"entities":["s8f3p1|545,550","s8f3p1|455,461"],"confidence":{"state":"","who":["user:sanjeevkrn"],"prob":1}},{"classId":"r_5","type":"linked","directed":false,"entities":["s8f3p1|683,688","s8f3p1|455,461"],"confidence":{"state":"","who":["user:sanjeevkrn"],"prob":1}},{"classId":"r_5","type":"linked","directed":false,"entities":["s8f3p1|693,699","s8f3p1|455,461"],"confidence":{"state":"","who":["user:sanjeevkrn"],"prob":1}},{"classId":"r_5","type":"linked","directed":false,"entities":["s8f3p1|822,828","s8f3p1|455,461"],"confidence":{"state":"","who":["user:sanjeevkrn"],"prob":1}},{"classId":"r_6","type":"linked","directed":false,"entities":["s8f4p2|26,32","s8f4p2|20,25"],"confidence":{"state":"","who":["user:sanjeevkrn"],"prob":1}},{"classId":"r_6","type":"linked","directed":false,"entities":["s8f4p3|9,15","s8f4p3|3,8"],"confidence":{"state":"","who":["user:sanjeevkrn"],"prob":1}},{"classId":"r_5","type":"linked","directed":false,"entities":["s8f4p4|518,523","s8f4p4|58,64"],"confidence":{"state":"","who":["user:sanjeevkrn"],"prob":1}}],"metas":{"m_4":{"value":true,"confidence":{}}},"annotatable":{"parts":["s1h1","s2h1","s2p1","s3h1","s3p1","s3p2","s3p3","s4h1","s4s1h1","s4s1p1","s4s2h1","s4s2s1h1","s4s2s1p1","s4s2s1p2","s4s2s1p3","s4s2s2h1","s4s2s2p1","s4s2s3h1","s4s2s3p1","s4s2s3p2","s4s3h1","s4s3p1","s4s4h1","s4s4p1","s4s5h1","s4s5p1","s5h1","s5p1","s5p2","s5p3","s6h1","s6s1h1","s6s1p1","s6s2h1","s6s2p1","s6s3h1","s6s3p1","s6s4h1","s6s4p1","s6s5h1","s6s5p1","s6s6h1","s6s6p1","s6s7h1","s6s7p1","s6s8h1","s6s8p1","s6s9h1","s6s9p1","s7h1","s8f1h1","s8f1p1","s8f1p2","s8f1p3","s8f1p4","s8f2h1","s8f2p1","s8f2p2","s8f2p3","s8f2p4","s8f3h1","s8f3p1","s8f4h1","s8f4p1","s8f4p2","s8f4p3","s8f4p4","s8f5h1","s8f5p1","s8f6h1"]}}