{"anncomplete":true,"sources":[{"name":"ORIG","id":"PMC4036425","url":"http://www.ncbi.nlm.nih.gov/pmc/articles/PMC4036425/"},{"name":"PMID","id":"24767429","url":"http://www.ncbi.nlm.nih.gov/pubmed/24767429"}],"entities":[{"classId":"e_1","part":"s1h1","offsets":[{"start":18,"text":"CDH23"}],"confidence":{"state":"","who":["user:sanjeevkrn"],"prob":1},"fields":{},"normalizations":{}},{"classId":"e_1","part":"s2s3p1","offsets":[{"start":36,"text":"CDH23"}],"confidence":{"state":"","who":["user:sanjeevkrn"],"prob":1},"fields":{},"normalizations":{}},{"classId":"e_2","part":"s2s3p1","offsets":[{"start":153,"text":"p.Pro240Leu"}],"confidence":{"state":"","who":["user:sanjeevkrn"],"prob":1},"fields":{},"normalizations":{}},{"classId":"e_2","part":"s2s3p1","offsets":[{"start":169,"text":"p.Glu1595Lys"}],"confidence":{"state":"","who":["user:sanjeevkrn"],"prob":1},"fields":{},"normalizations":{}},{"classId":"e_2","part":"s2s3p1","offsets":[{"start":214,"text":"p.Asn342Ser"}],"confidence":{"state":"","who":["user:sanjeevkrn"],"prob":1},"fields":{},"normalizations":{}},{"classId":"e_2","part":"s2s3p1","offsets":[{"start":231,"text":"p.Pro240Leu"}],"confidence":{"state":"","who":["user:sanjeevkrn"],"prob":1},"fields":{},"normalizations":{}},{"classId":"e_1","part":"s2s3p1","offsets":[{"start":329,"text":"CDH23"}],"confidence":{"state":"","who":["user:sanjeevkrn"],"prob":1},"fields":{},"normalizations":{}},{"classId":"e_1","part":"s2s4p1","offsets":[{"start":44,"text":"CDH23"}],"confidence":{"state":"","who":["user:sanjeevkrn"],"prob":1},"fields":{},"normalizations":{}},{"classId":"e_1","part":"s2s4p1","offsets":[{"start":242,"text":"CDH23"}],"confidence":{"state":"","who":["user:sanjeevkrn"],"prob":1},"fields":{},"normalizations":{}},{"classId":"e_1","part":"s3p2","offsets":[{"start":61,"text":"GJB2"}],"confidence":{"state":"","who":["user:sanjeevkrn"],"prob":1},"fields":{},"normalizations":{}},{"classId":"e_1","part":"s3p2","offsets":[{"start":76,"text":"SLC26A4"}],"confidence":{"state":"","who":["user:sanjeevkrn"],"prob":1},"fields":{},"normalizations":{}},{"classId":"e_1","part":"s3p2","offsets":[{"start":150,"text":"GJB2"}],"confidence":{"state":"","who":["user:sanjeevkrn"],"prob":1},"fields":{},"normalizations":{}},{"classId":"e_1","part":"s3p2","offsets":[{"start":159,"text":"SLC26A4"}],"confidence":{"state":"","who":["user:sanjeevkrn"],"prob":1},"fields":{},"normalizations":{}},{"classId":"e_1","part":"s3p2","offsets":[{"start":308,"text":"GJB2"}],"confidence":{"state":"","who":["user:sanjeevkrn"],"prob":1},"fields":{},"normalizations":{}},{"classId":"e_1","part":"s3p2","offsets":[{"start":317,"text":"SLC26A4"}],"confidence":{"state":"","who":["user:sanjeevkrn"],"prob":1},"fields":{},"normalizations":{}},{"classId":"e_1","part":"s3p3","offsets":[{"start":17,"text":"CDH23"}],"confidence":{"state":"","who":["user:sanjeevkrn"],"prob":1},"fields":{},"normalizations":{}},{"classId":"e_1","part":"s3p3","offsets":[{"start":586,"text":"CDH23"}],"confidence":{"state":"","who":["user:sanjeevkrn"],"prob":1},"fields":{},"normalizations":{}},{"classId":"e_1","part":"s3p3","offsets":[{"start":774,"text":"CDH23"}],"confidence":{"state":"","who":["user:sanjeevkrn"],"prob":1},"fields":{},"normalizations":{}},{"classId":"e_3","part":"s3p4","offsets":[{"start":159,"text":"human"}],"confidence":{"state":"","who":["user:sanjeevkrn"],"prob":1},"fields":{},"normalizations":{}},{"classId":"e_1","part":"s3p4","offsets":[{"start":428,"text":"GJB2"}],"confidence":{"state":"","who":["user:sanjeevkrn"],"prob":1},"fields":{},"normalizations":{}},{"classId":"e_1","part":"s3p4","offsets":[{"start":437,"text":"SLC26A4"}],"confidence":{"state":"","who":["user:sanjeevkrn"],"prob":1},"fields":{},"normalizations":{}},{"classId":"e_1","part":"s3p4","offsets":[{"start":464,"text":"CDH23"}],"confidence":{"state":"","who":["user:sanjeevkrn"],"prob":1},"fields":{},"normalizations":{}},{"classId":"e_1","part":"s4s1p1","offsets":[{"start":781,"text":"GJB2"}],"confidence":{"state":"","who":["user:sanjeevkrn"],"prob":1},"fields":{},"normalizations":{}},{"classId":"e_1","part":"s4s1p1","offsets":[{"start":790,"text":"SLC26A4"}],"confidence":{"state":"","who":["user:sanjeevkrn"],"prob":1},"fields":{},"normalizations":{}},{"classId":"e_3","part":"s4s2p1","offsets":[{"start":392,"text":"human"}],"confidence":{"state":"","who":["user:sanjeevkrn"],"prob":1},"fields":{},"normalizations":{}},{"classId":"e_3","part":"s4s3p1","offsets":[{"start":489,"text":"human"}],"confidence":{"state":"","who":["user:sanjeevkrn"],"prob":1},"fields":{},"normalizations":{}},{"classId":"e_1","part":"s4s3p1","offsets":[{"start":562,"text":"CDH23"}],"confidence":{"state":"","who":["user:sanjeevkrn"],"prob":1},"fields":{},"normalizations":{}},{"classId":"e_1","part":"s5s1p1","offsets":[{"start":48,"text":"CDH23"}],"confidence":{"state":"","who":["user:sanjeevkrn"],"prob":1},"fields":{},"normalizations":{}},{"classId":"e_1","part":"s5s1f1p1","offsets":[{"start":86,"text":"CDH23"}],"confidence":{"state":"","who":["user:sanjeevkrn"],"prob":1},"fields":{},"normalizations":{}},{"classId":"e_1","part":"s5s2p1","offsets":[{"start":185,"text":"CDH23"}],"confidence":{"state":"","who":["user:sanjeevkrn"],"prob":1},"fields":{},"normalizations":{}},{"classId":"e_2","part":"s5s2p1","offsets":[{"start":251,"text":"p.Pro240Leu"}],"confidence":{"state":"","who":["user:sanjeevkrn"],"prob":1},"fields":{},"normalizations":{}},{"classId":"e_2","part":"s5s2p1","offsets":[{"start":267,"text":"p.Glu1595Lys"}],"confidence":{"state":"","who":["user:sanjeevkrn"],"prob":1},"fields":{},"normalizations":{}},{"classId":"e_2","part":"s5s2p1","offsets":[{"start":368,"text":"p.Pro240Leu"}],"confidence":{"state":"","who":["user:sanjeevkrn"],"prob":1},"fields":{},"normalizations":{}},{"classId":"e_1","part":"s5s2p1","offsets":[{"start":539,"text":"CDH23"}],"confidence":{"state":"","who":["user:sanjeevkrn"],"prob":1},"fields":{},"normalizations":{}},{"classId":"e_2","part":"s5s2p1","offsets":[{"start":624,"text":"p.Pro240Leu"}],"confidence":{"state":"","who":["user:sanjeevkrn"],"prob":1},"fields":{},"normalizations":{}},{"classId":"e_2","part":"s5s2p1","offsets":[{"start":640,"text":"p.Asn342Ser"}],"confidence":{"state":"","who":["user:sanjeevkrn"],"prob":1},"fields":{},"normalizations":{}},{"classId":"e_1","part":"s5s2p1","offsets":[{"start":659,"text":"CDH23"}],"confidence":{"state":"","who":["user:sanjeevkrn"],"prob":1},"fields":{},"normalizations":{}},{"classId":"e_2","part":"s5s2p1","offsets":[{"start":723,"text":"p.Pro240Leu"}],"confidence":{"state":"","who":["user:sanjeevkrn"],"prob":1},"fields":{},"normalizations":{}},{"classId":"e_2","part":"s5s2p1","offsets":[{"start":976,"text":"p.Pro240Leu"}],"confidence":{"state":"","who":["user:sanjeevkrn"],"prob":1},"fields":{},"normalizations":{}},{"classId":"e_2","part":"s5s2p1","offsets":[{"start":1000,"text":"p.Glu1595Lys"}],"confidence":{"state":"","who":["user:sanjeevkrn"],"prob":1},"fields":{},"normalizations":{}},{"classId":"e_2","part":"s5s2p1","offsets":[{"start":1137,"text":"p.Asn342Ser"}],"confidence":{"state":"","who":["user:sanjeevkrn"],"prob":1},"fields":{},"normalizations":{}},{"classId":"e_2","part":"s5s2p1","offsets":[{"start":1153,"text":"p.Glu1595Lys"}],"confidence":{"state":"","who":["user:sanjeevkrn"],"prob":1},"fields":{},"normalizations":{}},{"classId":"e_2","part":"s5s2p1","offsets":[{"start":1199,"text":"p.Pro240Leu"}],"confidence":{"state":"","who":["user:sanjeevkrn"],"prob":1},"fields":{},"normalizations":{}},{"classId":"e_1","part":"s5s2f1p1","offsets":[{"start":38,"text":"CDH23"}],"confidence":{"state":"","who":["user:sanjeevkrn"],"prob":1},"fields":{},"normalizations":{}},{"classId":"e_2","part":"s5s2f1p1","offsets":[{"start":206,"text":"p.Pro240Leu"}],"confidence":{"state":"","who":["user:sanjeevkrn"],"prob":1},"fields":{},"normalizations":{}},{"classId":"e_2","part":"s5s2f1p1","offsets":[{"start":222,"text":"p.Glu1595Lys"}],"confidence":{"state":"","who":["user:sanjeevkrn"],"prob":1},"fields":{},"normalizations":{}},{"classId":"e_2","part":"s5s2f1p1","offsets":[{"start":270,"text":"p.Pro240Leu"}],"confidence":{"state":"","who":["user:sanjeevkrn"],"prob":1},"fields":{},"normalizations":{}},{"classId":"e_2","part":"s5s2f1p1","offsets":[{"start":375,"text":"p.Pro240Leu"}],"confidence":{"state":"","who":["user:sanjeevkrn"],"prob":1},"fields":{},"normalizations":{}},{"classId":"e_2","part":"s5s2f1p1","offsets":[{"start":391,"text":"p.Asn342Ser"}],"confidence":{"state":"","who":["user:sanjeevkrn"],"prob":1},"fields":{},"normalizations":{}},{"classId":"e_2","part":"s5s2f1p1","offsets":[{"start":459,"text":"p.Pro240Leu"}],"confidence":{"state":"","who":["user:sanjeevkrn"],"prob":1},"fields":{},"normalizations":{}},{"classId":"e_1","part":"s5s2f2p1","offsets":[{"start":0,"text":"CDH23"}],"confidence":{"state":"","who":["user:sanjeevkrn"],"prob":1},"fields":{},"normalizations":{}},{"classId":"e_1","part":"s5s3h1","offsets":[{"start":22,"text":"CDH23"}],"confidence":{"state":"","who":["user:sanjeevkrn"],"prob":1},"fields":{},"normalizations":{}},{"classId":"e_1","part":"s5s3p1","offsets":[{"start":20,"text":"CDH23"}],"confidence":{"state":"","who":["user:sanjeevkrn"],"prob":1},"fields":{},"normalizations":{}},{"classId":"e_2","part":"s5s3p1","offsets":[{"start":96,"text":"p.Pro240Leu"}],"confidence":{"state":"","who":["user:sanjeevkrn"],"prob":1},"fields":{},"normalizations":{}},{"classId":"e_2","part":"s5s3p1","offsets":[{"start":112,"text":"p.Glu1595Lys"}],"confidence":{"state":"","who":["user:sanjeevkrn"],"prob":1},"fields":{},"normalizations":{}},{"classId":"e_2","part":"s5s3p1","offsets":[{"start":150,"text":"p.Asn342Ser"}],"confidence":{"state":"","who":["user:sanjeevkrn"],"prob":1},"fields":{},"normalizations":{}},{"classId":"e_2","part":"s5s3p1","offsets":[{"start":760,"text":"p.Glu1595Lys"}],"confidence":{"state":"","who":["user:sanjeevkrn"],"prob":1},"fields":{},"normalizations":{}},{"classId":"e_1","part":"s5s3p1","offsets":[{"start":890,"text":"CDH23"}],"confidence":{"state":"","who":["user:sanjeevkrn"],"prob":1},"fields":{},"normalizations":{}},{"classId":"e_2","part":"s5s3p1","offsets":[{"start":993,"text":"p.Asn342Ser"}],"confidence":{"state":"","who":["user:sanjeevkrn"],"prob":1},"fields":{},"normalizations":{}},{"classId":"e_2","part":"s5s3p1","offsets":[{"start":1324,"text":"p.Glu1595Lys"}],"confidence":{"state":"","who":["user:sanjeevkrn"],"prob":1},"fields":{},"normalizations":{}},{"classId":"e_2","part":"s5s3p1","offsets":[{"start":1342,"text":"p.Pro240Leu"}],"confidence":{"state":"","who":["user:sanjeevkrn"],"prob":1},"fields":{},"normalizations":{}},{"classId":"e_2","part":"s5s3p1","offsets":[{"start":1630,"text":"p.Pro240Leu"}],"confidence":{"state":"","who":["user:sanjeevkrn"],"prob":1},"fields":{},"normalizations":{}},{"classId":"e_1","part":"s5s3f1p1","offsets":[{"start":21,"text":"CDH23"}],"confidence":{"state":"","who":["user:sanjeevkrn"],"prob":1},"fields":{},"normalizations":{}},{"classId":"e_1","part":"s5s3f1p1","offsets":[{"start":58,"text":"Cadherin-23"}],"confidence":{"state":"","who":["user:sanjeevkrn"],"prob":1},"fields":{},"normalizations":{}},{"classId":"e_2","part":"s5s3f1p1","offsets":[{"start":449,"text":"p.Asn342Ser"}],"confidence":{"state":"","who":["user:sanjeevkrn"],"prob":1},"fields":{},"normalizations":{}},{"classId":"e_2","part":"s5s3f1p1","offsets":[{"start":472,"text":"p.Glu1595Lys"}],"confidence":{"state":"","who":["user:sanjeevkrn"],"prob":1},"fields":{},"normalizations":{}},{"classId":"e_1","part":"s5s4h1","offsets":[{"start":18,"text":"CDH23"}],"confidence":{"state":"","who":["user:sanjeevkrn"],"prob":1},"fields":{},"normalizations":{}},{"classId":"e_1","part":"s5s4p1","offsets":[{"start":92,"text":"CDH23"}],"confidence":{"state":"","who":["user:sanjeevkrn"],"prob":1},"fields":{},"normalizations":{}},{"classId":"e_1","part":"s5s4f1p1","offsets":[{"start":15,"text":"CDH23"}],"confidence":{"state":"","who":["user:sanjeevkrn"],"prob":1},"fields":{},"normalizations":{}},{"classId":"e_1","part":"s6p1","offsets":[{"start":20,"text":"CDH23"}],"confidence":{"state":"","who":["user:sanjeevkrn"],"prob":1},"fields":{},"normalizations":{}},{"classId":"e_2","part":"s6p1","offsets":[{"start":37,"text":"p.Pro240Leu"}],"confidence":{"state":"","who":["user:sanjeevkrn"],"prob":1},"fields":{},"normalizations":{}},{"classId":"e_2","part":"s6p1","offsets":[{"start":50,"text":"p.Glu1595Lys"}],"confidence":{"state":"","who":["user:sanjeevkrn"],"prob":1},"fields":{},"normalizations":{}},{"classId":"e_2","part":"s6p1","offsets":[{"start":68,"text":"p.Asn342Ser"}],"confidence":{"state":"","who":["user:sanjeevkrn"],"prob":1},"fields":{},"normalizations":{}},{"classId":"e_1","part":"s6p1","offsets":[{"start":205,"text":"CDH23"}],"confidence":{"state":"","who":["user:sanjeevkrn"],"prob":1},"fields":{},"normalizations":{}},{"classId":"e_2","part":"s6p1","offsets":[{"start":341,"text":"p.Pro240Leu"}],"confidence":{"state":"","who":["user:sanjeevkrn"],"prob":1},"fields":{},"normalizations":{}},{"classId":"e_2","part":"s6p1","offsets":[{"start":354,"text":"p.Asn342Ser"}],"confidence":{"state":"","who":["user:sanjeevkrn"],"prob":1},"fields":{},"normalizations":{}},{"classId":"e_2","part":"s6p1","offsets":[{"start":370,"text":"p.Glu1595Lys"}],"confidence":{"state":"","who":["user:sanjeevkrn"],"prob":1},"fields":{},"normalizations":{}},{"classId":"e_2","part":"s6p1","offsets":[{"start":432,"text":"p.Arg301Gln"}],"confidence":{"state":"","who":["user:sanjeevkrn"],"prob":1},"fields":{},"normalizations":{}},{"classId":"e_2","part":"s6p1","offsets":[{"start":445,"text":"p.Glu956Lys"}],"confidence":{"state":"","who":["user:sanjeevkrn"],"prob":1},"fields":{},"normalizations":{}},{"classId":"e_2","part":"s6p1","offsets":[{"start":458,"text":"p.Arg1417Trp"}],"confidence":{"state":"","who":["user:sanjeevkrn"],"prob":1},"fields":{},"normalizations":{}},{"classId":"e_2","part":"s6p1","offsets":[{"start":472,"text":"p.Gln1716Pro"}],"confidence":{"state":"","who":["user:sanjeevkrn"],"prob":1},"fields":{},"normalizations":{}},{"classId":"e_2","part":"s6p1","offsets":[{"start":490,"text":"p.Arg2029Trp"}],"confidence":{"state":"","who":["user:sanjeevkrn"],"prob":1},"fields":{},"normalizations":{}},{"classId":"e_2","part":"s6p1","offsets":[{"start":717,"text":"p.Pro240Leu"}],"confidence":{"state":"","who":["user:sanjeevkrn"],"prob":1},"fields":{},"normalizations":{}},{"classId":"e_2","part":"s6p1","offsets":[{"start":733,"text":"p.Glu1595Lys"}],"confidence":{"state":"","who":["user:sanjeevkrn"],"prob":1},"fields":{},"normalizations":{}},{"classId":"e_2","part":"s6p1","offsets":[{"start":783,"text":"p.Pro240Leu"}],"confidence":{"state":"","who":["user:sanjeevkrn"],"prob":1},"fields":{},"normalizations":{}},{"classId":"e_1","part":"s6p1","offsets":[{"start":943,"text":"CDH23"}],"confidence":{"state":"","who":["user:sanjeevkrn"],"prob":1},"fields":{},"normalizations":{}},{"classId":"e_2","part":"s6p1","offsets":[{"start":1014,"text":"p.Pro240Leu"}],"confidence":{"state":"","who":["user:sanjeevkrn"],"prob":1},"fields":{},"normalizations":{}},{"classId":"e_1","part":"s6p1","offsets":[{"start":1069,"text":"CDH23"}],"confidence":{"state":"","who":["user:sanjeevkrn"],"prob":1},"fields":{},"normalizations":{}},{"classId":"e_1","part":"s6p1","offsets":[{"start":1160,"text":"CDH23"}],"confidence":{"state":"","who":["user:sanjeevkrn"],"prob":1},"fields":{},"normalizations":{}},{"classId":"e_2","part":"s6p1","offsets":[{"start":1188,"text":"p.Pro240Leu"}],"confidence":{"state":"","who":["user:sanjeevkrn"],"prob":1},"fields":{},"normalizations":{}},{"classId":"e_2","part":"s6p1","offsets":[{"start":1302,"text":"p.Pro240Leu"}],"confidence":{"state":"","who":["user:sanjeevkrn"],"prob":1},"fields":{},"normalizations":{}},{"classId":"e_1","part":"s6p1","offsets":[{"start":1342,"text":"CDH23"}],"confidence":{"state":"","who":["user:sanjeevkrn"],"prob":1},"fields":{},"normalizations":{}},{"classId":"e_2","part":"s6p1","offsets":[{"start":1388,"text":"p.Glu1595Lys"}],"confidence":{"state":"","who":["user:sanjeevkrn"],"prob":1},"fields":{},"normalizations":{}},{"classId":"e_1","part":"s6p1","offsets":[{"start":1537,"text":"CDH23"}],"confidence":{"state":"","who":["user:sanjeevkrn"],"prob":1},"fields":{},"normalizations":{}},{"classId":"e_1","part":"s6p1","offsets":[{"start":1556,"text":"GJB2"}],"confidence":{"state":"","who":["user:sanjeevkrn"],"prob":1},"fields":{},"normalizations":{}},{"classId":"e_1","part":"s6p1","offsets":[{"start":1565,"text":"SLC26A4"}],"confidence":{"state":"","who":["user:sanjeevkrn"],"prob":1},"fields":{},"normalizations":{}},{"classId":"e_1","part":"s6p1","offsets":[{"start":1634,"text":"CDH23"}],"confidence":{"state":"","who":["user:sanjeevkrn"],"prob":1},"fields":{},"normalizations":{}},{"classId":"e_1","part":"s6p1","offsets":[{"start":1918,"text":"CDH23"}],"confidence":{"state":"","who":["user:sanjeevkrn"],"prob":1},"fields":{},"normalizations":{}},{"classId":"e_1","part":"s6p1","offsets":[{"start":1936,"text":"GJB2"}],"confidence":{"state":"","who":["user:sanjeevkrn"],"prob":1},"fields":{},"normalizations":{}},{"classId":"e_1","part":"s6p1","offsets":[{"start":1945,"text":"SLC26A4"}],"confidence":{"state":"","who":["user:sanjeevkrn"],"prob":1},"fields":{},"normalizations":{}},{"classId":"e_1","part":"s6p2","offsets":[{"start":0,"text":"CDH23"}],"confidence":{"state":"","who":["user:sanjeevkrn"],"prob":1},"fields":{},"normalizations":{}},{"classId":"e_1","part":"s6p2","offsets":[{"start":323,"text":"CDH23"}],"confidence":{"state":"","who":["user:sanjeevkrn"],"prob":1},"fields":{},"normalizations":{}},{"classId":"e_3","part":"s6p2","offsets":[{"start":393,"text":"mice"}],"confidence":{"state":"","who":["user:sanjeevkrn"],"prob":1},"fields":{},"normalizations":{}},{"classId":"e_1","part":"s6p2","offsets":[{"start":476,"text":"CDH23"}],"confidence":{"state":"","who":["user:sanjeevkrn"],"prob":1},"fields":{},"normalizations":{}},{"classId":"e_2","part":"s6p2","offsets":[{"start":676,"text":"p.Glu1595Lys"}],"confidence":{"state":"","who":["user:sanjeevkrn"],"prob":1},"fields":{},"normalizations":{}},{"classId":"e_2","part":"s6p2","offsets":[{"start":693,"text":"p.Asn342Ser"}],"confidence":{"state":"","who":["user:sanjeevkrn"],"prob":1},"fields":{},"normalizations":{}},{"classId":"e_1","part":"s6p2","offsets":[{"start":893,"text":"CDH23"}],"confidence":{"state":"","who":["user:sanjeevkrn"],"prob":1},"fields":{},"normalizations":{}},{"classId":"e_2","part":"s6p2","offsets":[{"start":912,"text":"p.Glu1595Lys"}],"confidence":{"state":"","who":["user:sanjeevkrn"],"prob":1},"fields":{},"normalizations":{}},{"classId":"e_2","part":"s6p2","offsets":[{"start":1146,"text":"p.Glu1595Lys"}],"confidence":{"state":"","who":["user:sanjeevkrn"],"prob":1},"fields":{},"normalizations":{}},{"classId":"e_1","part":"s6p2","offsets":[{"start":1391,"text":"CDH23"}],"confidence":{"state":"","who":["user:sanjeevkrn"],"prob":1},"fields":{},"normalizations":{}},{"classId":"e_1","part":"s6p2","offsets":[{"start":1419,"text":"CDH23"}],"confidence":{"state":"","who":["user:sanjeevkrn"],"prob":1},"fields":{},"normalizations":{}},{"classId":"e_2","part":"s6p2","offsets":[{"start":1458,"text":"p.Asn342Ser"}],"confidence":{"state":"","who":["user:sanjeevkrn"],"prob":1},"fields":{},"normalizations":{}},{"classId":"e_1","part":"s6p3","offsets":[{"start":62,"text":"CDH23"}],"confidence":{"state":"","who":["user:sanjeevkrn"],"prob":1},"fields":{},"normalizations":{}},{"classId":"e_2","part":"s6p3","offsets":[{"start":214,"text":"pGly266fs"}],"confidence":{"state":"","who":["user:sanjeevkrn"],"prob":1},"fields":{},"normalizations":{}},{"classId":"e_2","part":"s6p3","offsets":[{"start":404,"text":"p.Asp428Asn"}],"confidence":{"state":"","who":["user:sanjeevkrn"],"prob":1},"fields":{},"normalizations":{}},{"classId":"e_2","part":"s6p3","offsets":[{"start":570,"text":"p.Val2283Ile"}],"confidence":{"state":"","who":["user:sanjeevkrn"],"prob":1},"fields":{},"normalizations":{}},{"classId":"e_2","part":"s6p3","offsets":[{"start":587,"text":"p.Phe2801Val"}],"confidence":{"state":"","who":["user:sanjeevkrn"],"prob":1},"fields":{},"normalizations":{}},{"classId":"e_1","part":"s6p4","offsets":[{"start":118,"text":"CDH23"}],"confidence":{"state":"","who":["user:sanjeevkrn"],"prob":1},"fields":{},"normalizations":{}},{"classId":"e_2","part":"s6p4","offsets":[{"start":214,"text":"MYO15A"}],"confidence":{"state":"","who":["user:sanjeevkrn"],"prob":1},"fields":{},"normalizations":{}},{"classId":"e_1","part":"s7p1","offsets":[{"start":14,"text":"CDH23"}],"confidence":{"state":"","who":["user:sanjeevkrn"],"prob":1},"fields":{},"normalizations":{}},{"classId":"e_1","part":"s7p1","offsets":[{"start":237,"text":"GJB2"}],"confidence":{"state":"","who":["user:sanjeevkrn"],"prob":1},"fields":{},"normalizations":{}},{"classId":"e_1","part":"s7p1","offsets":[{"start":245,"text":"SLC26A4"}],"confidence":{"state":"","who":["user:sanjeevkrn"],"prob":1},"fields":{},"normalizations":{}},{"classId":"e_1","part":"s7p1","offsets":[{"start":264,"text":"CDH23"}],"confidence":{"state":"","who":["user:sanjeevkrn"],"prob":1},"fields":{},"normalizations":{}}],"relations":[{"classId":"r_5","type":"linked","directed":false,"entities":["s2s3p1|153,164","s2s3p1|36,41"],"confidence":{"state":"","who":["user:sanjeevkrn"],"prob":1}},{"classId":"r_5","type":"linked","directed":false,"entities":["s2s3p1|169,181","s2s3p1|36,41"],"confidence":{"state":"","who":["user:sanjeevkrn"],"prob":1}},{"classId":"r_5","type":"linked","directed":false,"entities":["s2s3p1|214,225","s2s3p1|36,41"],"confidence":{"state":"","who":["user:sanjeevkrn"],"prob":1}},{"classId":"r_5","type":"linked","directed":false,"entities":["s2s3p1|231,242","s2s3p1|36,41"],"confidence":{"state":"","who":["user:sanjeevkrn"],"prob":1}},{"classId":"r_6","type":"linked","directed":false,"entities":["s3p4|428,432","s3p4|159,164"],"confidence":{"state":"","who":["user:sanjeevkrn"],"prob":1}},{"classId":"r_6","type":"linked","directed":false,"entities":["s3p4|437,444","s3p4|159,164"],"confidence":{"state":"","who":["user:sanjeevkrn"],"prob":1}},{"classId":"r_6","type":"linked","directed":false,"entities":["s3p4|464,469","s3p4|159,164"],"confidence":{"state":"","who":["user:sanjeevkrn"],"prob":1}},{"classId":"r_6","type":"linked","directed":false,"entities":["s4s3p1|562,567","s4s3p1|489,494"],"confidence":{"state":"","who":["user:sanjeevkrn"],"prob":1}},{"classId":"r_5","type":"linked","directed":false,"entities":["s5s2p1|251,262","s5s2p1|185,190"],"confidence":{"state":"","who":["user:sanjeevkrn"],"prob":1}},{"classId":"r_5","type":"linked","directed":false,"entities":["s5s2p1|267,279","s5s2p1|185,190"],"confidence":{"state":"","who":["user:sanjeevkrn"],"prob":1}},{"classId":"r_5","type":"linked","directed":false,"entities":["s5s2p1|368,379","s5s2p1|185,190"],"confidence":{"state":"","who":["user:sanjeevkrn"],"prob":1}},{"classId":"r_5","type":"linked","directed":false,"entities":["s5s2p1|624,635","s5s2p1|659,664"],"confidence":{"state":"","who":["user:sanjeevkrn"],"prob":1}},{"classId":"r_5","type":"linked","directed":false,"entities":["s5s2p1|640,651","s5s2p1|659,664"],"confidence":{"state":"","who":["user:sanjeevkrn"],"prob":1}},{"classId":"r_5","type":"linked","directed":false,"entities":["s5s2p1|723,734","s5s2p1|659,664"],"confidence":{"state":"","who":["user:sanjeevkrn"],"prob":1}},{"classId":"r_5","type":"linked","directed":false,"entities":["s5s2p1|976,987","s5s2p1|659,664"],"confidence":{"state":"","who":["user:sanjeevkrn"],"prob":1}},{"classId":"r_5","type":"linked","directed":false,"entities":["s5s2p1|1000,1012","s5s2p1|659,664"],"confidence":{"state":"","who":["user:sanjeevkrn"],"prob":1}},{"classId":"r_5","type":"linked","directed":false,"entities":["s5s2p1|1137,1148","s5s2p1|659,664"],"confidence":{"state":"","who":["user:sanjeevkrn"],"prob":1}},{"classId":"r_5","type":"linked","directed":false,"entities":["s5s2p1|1153,1165","s5s2p1|659,664"],"confidence":{"state":"","who":["user:sanjeevkrn"],"prob":1}},{"classId":"r_5","type":"linked","directed":false,"entities":["s5s2p1|1199,1210","s5s2p1|659,664"],"confidence":{"state":"","who":["user:sanjeevkrn"],"prob":1}},{"classId":"r_5","type":"linked","directed":false,"entities":["s5s2f1p1|206,217","s5s2f1p1|38,43"],"confidence":{"state":"","who":["user:sanjeevkrn"],"prob":1}},{"classId":"r_5","type":"linked","directed":false,"entities":["s5s2f1p1|222,234","s5s2f1p1|38,43"],"confidence":{"state":"","who":["user:sanjeevkrn"],"prob":1}},{"classId":"r_5","type":"linked","directed":false,"entities":["s5s2f1p1|270,281","s5s2f1p1|38,43"],"confidence":{"state":"","who":["user:sanjeevkrn"],"prob":1}},{"classId":"r_5","type":"linked","directed":false,"entities":["s5s2f1p1|375,386","s5s2f1p1|38,43"],"confidence":{"state":"","who":["user:sanjeevkrn"],"prob":1}},{"classId":"r_5","type":"linked","directed":false,"entities":["s5s2f1p1|391,402","s5s2f1p1|38,43"],"confidence":{"state":"","who":["user:sanjeevkrn"],"prob":1}},{"classId":"r_5","type":"linked","directed":false,"entities":["s5s2f1p1|459,470","s5s2f1p1|38,43"],"confidence":{"state":"","who":["user:sanjeevkrn"],"prob":1}},{"classId":"r_5","type":"linked","directed":false,"entities":["s5s3p1|96,107","s5s3p1|20,25"],"confidence":{"state":"","who":["user:sanjeevkrn"],"prob":1}},{"classId":"r_5","type":"linked","directed":false,"entities":["s5s3p1|112,124","s5s3p1|20,25"],"confidence":{"state":"","who":["user:sanjeevkrn"],"prob":1}},{"classId":"r_5","type":"linked","directed":false,"entities":["s5s3p1|150,161","s5s3p1|20,25"],"confidence":{"state":"","who":["user:sanjeevkrn"],"prob":1}},{"classId":"r_5","type":"linked","directed":false,"entities":["s5s3p1|760,772","s5s3p1|890,895"],"confidence":{"state":"","who":["user:sanjeevkrn"],"prob":1}},{"classId":"r_5","type":"linked","directed":false,"entities":["s5s3p1|993,1004","s5s3p1|890,895"],"confidence":{"state":"","who":["user:sanjeevkrn"],"prob":1}},{"classId":"r_5","type":"linked","directed":false,"entities":["s5s3p1|1324,1336","s5s3p1|890,895"],"confidence":{"state":"","who":["user:sanjeevkrn"],"prob":1}},{"classId":"r_5","type":"linked","directed":false,"entities":["s5s3p1|1342,1353","s5s3p1|890,895"],"confidence":{"state":"","who":["user:sanjeevkrn"],"prob":1}},{"classId":"r_5","type":"linked","directed":false,"entities":["s5s3p1|1630,1641","s5s3p1|890,895"],"confidence":{"state":"","who":["user:sanjeevkrn"],"prob":1}},{"classId":"r_5","type":"linked","directed":false,"entities":["s5s3f1p1|449,460","s5s3f1p1|58,69"],"confidence":{"state":"","who":["user:sanjeevkrn"],"prob":1}},{"classId":"r_5","type":"linked","directed":false,"entities":["s5s3f1p1|449,460","s5s3f1p1|21,26"],"confidence":{"state":"","who":["user:sanjeevkrn"],"prob":1}},{"classId":"r_5","type":"linked","directed":false,"entities":["s5s3f1p1|472,484","s5s3f1p1|58,69"],"confidence":{"state":"","who":["user:sanjeevkrn"],"prob":1}},{"classId":"r_5","type":"linked","directed":false,"entities":["s5s3f1p1|472,484","s5s3f1p1|21,26"],"confidence":{"state":"","who":["user:sanjeevkrn"],"prob":1}},{"classId":"r_5","type":"linked","directed":false,"entities":["s6p1|37,48","s6p1|20,25"],"confidence":{"state":"","who":["user:sanjeevkrn"],"prob":1}},{"classId":"r_5","type":"linked","directed":false,"entities":["s6p1|50,62","s6p1|20,25"],"confidence":{"state":"","who":["user:sanjeevkrn"],"prob":1}},{"classId":"r_5","type":"linked","directed":false,"entities":["s6p1|68,79","s6p1|20,25"],"confidence":{"state":"","who":["user:sanjeevkrn"],"prob":1}},{"classId":"r_5","type":"linked","directed":false,"entities":["s6p1|341,352","s6p1|205,210"],"confidence":{"state":"","who":["user:sanjeevkrn"],"prob":1}},{"classId":"r_5","type":"linked","directed":false,"entities":["s6p1|354,365","s6p1|205,210"],"confidence":{"state":"","who":["user:sanjeevkrn"],"prob":1}},{"classId":"r_5","type":"linked","directed":false,"entities":["s6p1|370,382","s6p1|205,210"],"confidence":{"state":"","who":["user:sanjeevkrn"],"prob":1}},{"classId":"r_5","type":"linked","directed":false,"entities":["s6p1|432,443","s6p1|205,210"],"confidence":{"state":"","who":["user:sanjeevkrn"],"prob":1}},{"classId":"r_5","type":"linked","directed":false,"entities":["s6p1|445,456","s6p1|205,210"],"confidence":{"state":"","who":["user:sanjeevkrn"],"prob":1}},{"classId":"r_5","type":"linked","directed":false,"entities":["s6p1|458,470","s6p1|205,210"],"confidence":{"state":"","who":["user:sanjeevkrn"],"prob":1}},{"classId":"r_5","type":"linked","directed":false,"entities":["s6p1|472,484","s6p1|205,210"],"confidence":{"state":"","who":["user:sanjeevkrn"],"prob":1}},{"classId":"r_5","type":"linked","directed":false,"entities":["s6p1|490,502","s6p1|205,210"],"confidence":{"state":"","who":["user:sanjeevkrn"],"prob":1}},{"classId":"r_5","type":"linked","directed":false,"entities":["s6p1|717,728","s6p1|205,210"],"confidence":{"state":"","who":["user:sanjeevkrn"],"prob":1}},{"classId":"r_5","type":"linked","directed":false,"entities":["s6p1|733,745","s6p1|205,210"],"confidence":{"state":"","who":["user:sanjeevkrn"],"prob":1}},{"classId":"r_5","type":"linked","directed":false,"entities":["s6p1|783,794","s6p1|205,210"],"confidence":{"state":"","who":["user:sanjeevkrn"],"prob":1}},{"classId":"r_5","type":"linked","directed":false,"entities":["s6p1|1014,1025","s6p1|1069,1074"],"confidence":{"state":"","who":["user:sanjeevkrn"],"prob":1}},{"classId":"r_5","type":"linked","directed":false,"entities":["s6p1|1160,1165","s6p1|1188,1199"],"confidence":{"state":"","who":["user:sanjeevkrn"],"prob":1}},{"classId":"r_5","type":"linked","directed":false,"entities":["s6p1|1302,1313","s6p1|1342,1347"],"confidence":{"state":"","who":["user:sanjeevkrn"],"prob":1}},{"classId":"r_5","type":"linked","directed":false,"entities":["s6p1|1388,1400","s6p1|1342,1347"],"confidence":{"state":"","who":["user:sanjeevkrn"],"prob":1}},{"classId":"r_5","type":"linked","directed":false,"entities":["s6p2|676,688","s6p2|476,481"],"confidence":{"state":"","who":["user:sanjeevkrn"],"prob":1}},{"classId":"r_5","type":"linked","directed":false,"entities":["s6p2|693,704","s6p2|476,481"],"confidence":{"state":"","who":["user:sanjeevkrn"],"prob":1}},{"classId":"r_5","type":"linked","directed":false,"entities":["s6p2|912,924","s6p2|893,898"],"confidence":{"state":"","who":["user:sanjeevkrn"],"prob":1}},{"classId":"r_5","type":"linked","directed":false,"entities":["s6p2|1146,1158","s6p2|1391,1396"],"confidence":{"state":"","who":["user:sanjeevkrn"],"prob":1}},{"classId":"r_5","type":"linked","directed":false,"entities":["s6p2|1458,1469","s6p2|1419,1424"],"confidence":{"state":"","who":["user:sanjeevkrn"],"prob":1}},{"classId":"r_5","type":"linked","directed":false,"entities":["s6p3|214,223","s6p3|62,67"],"confidence":{"state":"","who":["user:sanjeevkrn"],"prob":1}},{"classId":"r_5","type":"linked","directed":false,"entities":["s6p3|404,415","s6p3|62,67"],"confidence":{"state":"","who":["user:sanjeevkrn"],"prob":1}},{"classId":"r_5","type":"linked","directed":false,"entities":["s6p3|570,582","s6p3|62,67"],"confidence":{"state":"","who":["user:sanjeevkrn"],"prob":1}},{"classId":"r_5","type":"linked","directed":false,"entities":["s6p3|587,599","s6p3|62,67"],"confidence":{"state":"","who":["user:sanjeevkrn"],"prob":1}},{"classId":"r_5","type":"linked","directed":false,"entities":["s6p4|214,220","s6p4|118,123"],"confidence":{"state":"","who":["user:sanjeevkrn"],"prob":1}}],"metas":{"m_4":{"value":true,"confidence":{}}},"annotatable":{"parts":["s1h1","s2h1","s2s1h1","s2s1p1","s2s2h1","s2s2p1","s2s3h1","s2s3p1","s2s4h1","s2s4p1","s3h1","s3p1","s3p2","s3p3","s3p4","s4h1","s4s1h1","s4s1p1","s4s2h1","s4s2p1","s4s3h1","s4s3p1","s5h1","s5s1h1","s5s1p1","s5s1f1p1","s5s2h1","s5s2p1","s5s2f1p1","s5s2f2p1","s5s3h1","s5s3p1","s5s3f1p1","s5s4h1","s5s4p1","s5s4f1p1","s6h1","s6p1","s6p2","s6p3","s6p4","s7h1","s7p1","s11h1"]}}