{"anncomplete":true,"sources":[{"name":"ORIG","id":"PMC2570525","url":"http://www.ncbi.nlm.nih.gov/pmc/articles/PMC2570525/"},{"name":"PMID","id":"18813315","url":"http://www.ncbi.nlm.nih.gov/pubmed/18813315"}],"entities":[{"classId":"e_1","part":"s1h1","offsets":[{"start":8,"text":"AKT3"}],"confidence":{"state":"","who":["user:abojchevski"],"prob":1},"fields":{},"normalizations":{}},{"classId":"e_1","part":"s2p1","offsets":[{"start":40,"text":"AKT1"}],"confidence":{"state":"","who":["user:abojchevski"],"prob":1},"fields":{},"normalizations":{}},{"classId":"e_2","part":"s2p1","offsets":[{"start":46,"text":"E17K"}],"confidence":{"state":"","who":["user:abojchevski"],"prob":1},"fields":{},"normalizations":{}},{"classId":"e_1","part":"s2p1","offsets":[{"start":157,"text":"AKT2"}],"confidence":{"state":"","who":["user:abojchevski"],"prob":1},"fields":{},"normalizations":{}},{"classId":"e_1","part":"s2p1","offsets":[{"start":165,"text":"AKT3"}],"confidence":{"state":"","who":["user:abojchevski"],"prob":1},"fields":{},"normalizations":{}},{"classId":"e_2","part":"s2p1","offsets":[{"start":253,"text":"E17K"}],"confidence":{"state":"","who":["user:abojchevski"],"prob":1},"fields":{},"normalizations":{}},{"classId":"e_3","part":"s2p1","offsets":[{"start":338,"text":"human"}],"confidence":{"state":"","who":["user:abojchevski"],"prob":1},"fields":{},"normalizations":{}},{"classId":"e_3","part":"s2p1","offsets":[{"start":370,"text":"human"}],"confidence":{"state":"","who":["user:abojchevski"],"prob":1},"fields":{},"normalizations":{}},{"classId":"e_1","part":"s2p1","offsets":[{"start":448,"text":"AKT1"}],"confidence":{"state":"","who":["user:abojchevski"],"prob":1},"fields":{},"normalizations":{}},{"classId":"e_1","part":"s2p1","offsets":[{"start":485,"text":"AKT2"}],"confidence":{"state":"","who":["user:abojchevski"],"prob":1},"fields":{},"normalizations":{}},{"classId":"e_1","part":"s2p1","offsets":[{"start":494,"text":"AKT3"}],"confidence":{"state":"","who":["user:abojchevski"],"prob":1},"fields":{},"normalizations":{}},{"classId":"e_1","part":"s2p1","offsets":[{"start":523,"text":"AKT1"}],"confidence":{"state":"","who":["user:abojchevski"],"prob":1},"fields":{},"normalizations":{}},{"classId":"e_2","part":"s2p1","offsets":[{"start":528,"text":"E17K"}],"confidence":{"state":"","who":["user:abojchevski"],"prob":1},"fields":{},"normalizations":{}},{"classId":"e_1","part":"s2p1","offsets":[{"start":581,"text":"AKT3"}],"confidence":{"state":"","who":["user:abojchevski"],"prob":1},"fields":{},"normalizations":{}},{"classId":"e_2","part":"s2p1","offsets":[{"start":586,"text":"E17K"}],"confidence":{"state":"","who":["user:abojchevski"],"prob":1},"fields":{},"normalizations":{}},{"classId":"e_1","part":"s2p1","offsets":[{"start":680,"text":"AKT3"}],"confidence":{"state":"","who":["user:abojchevski"],"prob":1},"fields":{},"normalizations":{}},{"classId":"e_2","part":"s2p1","offsets":[{"start":685,"text":"E17K"}],"confidence":{"state":"","who":["user:abojchevski"],"prob":1},"fields":{},"normalizations":{}},{"classId":"e_3","part":"s2p1","offsets":[{"start":746,"text":"human"}],"confidence":{"state":"","who":["user:abojchevski"],"prob":1},"fields":{},"normalizations":{}},{"classId":"e_1","part":"s2p1","offsets":[{"start":868,"text":"AKT3"}],"confidence":{"state":"","who":["user:abojchevski"],"prob":1},"fields":{},"normalizations":{}},{"classId":"e_3","part":"s2p1","offsets":[{"start":889,"text":"human"}],"confidence":{"state":"","who":["user:abojchevski"],"prob":1},"fields":{},"normalizations":{}},{"classId":"e_3","part":"s2p1","offsets":[{"start":951,"text":"human"}],"confidence":{"state":"","who":["user:abojchevski"],"prob":1},"fields":{},"normalizations":{}},{"classId":"e_2","part":"s2p1","offsets":[{"start":997,"text":"E17K"}],"confidence":{"state":"","who":["user:abojchevski"],"prob":1},"fields":{},"normalizations":{}},{"classId":"e_3","part":"s3s2p1","offsets":[{"start":0,"text":"Human"}],"confidence":{"state":"","who":["user:abojchevski"],"prob":1},"fields":{},"normalizations":{}},{"classId":"e_1","part":"s3s3p1","offsets":[{"start":74,"text":"AKT1"}],"confidence":{"state":"","who":["user:abojchevski"],"prob":1},"fields":{},"normalizations":{}},{"classId":"e_2","part":"s3s3p1","offsets":[{"start":79,"text":"E17K"}],"confidence":{"state":"","who":["user:abojchevski"],"prob":1},"fields":{},"normalizations":{}},{"classId":"e_1","part":"s3s3p1","offsets":[{"start":135,"text":"AKT2"}],"confidence":{"state":"","who":["user:abojchevski"],"prob":1},"fields":{},"normalizations":{}},{"classId":"e_1","part":"s3s3p1","offsets":[{"start":144,"text":"AKT3"}],"confidence":{"state":"","who":["user:abojchevski"],"prob":1},"fields":{},"normalizations":{}},{"classId":"e_1","part":"s3s3p1","offsets":[{"start":229,"text":"AKT1"}],"confidence":{"state":"","who":["user:abojchevski"],"prob":1},"fields":{},"normalizations":{}},{"classId":"e_1","part":"s3s3p1","offsets":[{"start":235,"text":"AKT2"}],"confidence":{"state":"","who":["user:abojchevski"],"prob":1},"fields":{},"normalizations":{}},{"classId":"e_1","part":"s3s3p1","offsets":[{"start":245,"text":"AKT3"}],"confidence":{"state":"","who":["user:abojchevski"],"prob":1},"fields":{},"normalizations":{}},{"classId":"e_3","part":"s3s4p1","offsets":[{"start":0,"text":"Human"}],"confidence":{"state":"","who":["user:abojchevski"],"prob":1},"fields":{},"normalizations":{}},{"classId":"e_1","part":"s3s4p1","offsets":[{"start":6,"text":"AKT3"}],"confidence":{"state":"","who":["user:abojchevski"],"prob":1},"fields":{},"normalizations":{}},{"classId":"e_2","part":"s3s4p1","offsets":[{"start":192,"text":"substitution of lysine for glutamic acid at amino acid 17"}],"confidence":{"state":"","who":["user:abojchevski"],"prob":1},"fields":{},"normalizations":{}},{"classId":"e_3","part":"s3s5p1","offsets":[{"start":9,"text":"human"}],"confidence":{"state":"","who":["user:abojchevski"],"prob":1},"fields":{},"normalizations":{}},{"classId":"e_1","part":"s3s5p1","offsets":[{"start":983,"text":"AKT3"}],"confidence":{"state":"","who":["user:abojchevski"],"prob":1},"fields":{},"normalizations":{}},{"classId":"e_1","part":"s3s5p1","offsets":[{"start":1128,"text":"AKT1"}],"confidence":{"state":"","who":["user:abojchevski"],"prob":1},"fields":{},"normalizations":{}},{"classId":"e_1","part":"s3s5p1","offsets":[{"start":1179,"text":"AKT2"}],"confidence":{"state":"","who":["user:abojchevski"],"prob":1},"fields":{},"normalizations":{}},{"classId":"e_1","part":"s3s5p1","offsets":[{"start":1205,"text":"AKT3"}],"confidence":{"state":"","who":["user:abojchevski"],"prob":1},"fields":{},"normalizations":{}},{"classId":"e_1","part":"s4s1h1","offsets":[{"start":13,"text":"AKT1"}],"confidence":{"state":"","who":["user:abojchevski"],"prob":1},"fields":{},"normalizations":{}},{"classId":"e_2","part":"s4s1h1","offsets":[{"start":18,"text":"E17K"}],"confidence":{"state":"","who":["user:abojchevski"],"prob":1},"fields":{},"normalizations":{}},{"classId":"e_1","part":"s4s1h1","offsets":[{"start":27,"text":"AKT3"}],"confidence":{"state":"","who":["user:abojchevski"],"prob":1},"fields":{},"normalizations":{}},{"classId":"e_2","part":"s4s1h1","offsets":[{"start":32,"text":"E17K"}],"confidence":{"state":"","who":["user:abojchevski"],"prob":1},"fields":{},"normalizations":{}},{"classId":"e_1","part":"s4s1p1","offsets":[{"start":73,"text":"AKT1"}],"confidence":{"state":"","who":["user:abojchevski"],"prob":1},"fields":{},"normalizations":{}},{"classId":"e_1","part":"s4s1p1","offsets":[{"start":79,"text":"AKT2"}],"confidence":{"state":"","who":["user:abojchevski"],"prob":1},"fields":{},"normalizations":{}},{"classId":"e_1","part":"s4s1p1","offsets":[{"start":89,"text":"AKT3"}],"confidence":{"state":"","who":["user:abojchevski"],"prob":1},"fields":{},"normalizations":{}},{"classId":"e_2","part":"s4s1p1","offsets":[{"start":113,"text":"E17K"}],"confidence":{"state":"","who":["user:abojchevski"],"prob":1},"fields":{},"normalizations":{}},{"classId":"e_1","part":"s4s1p1","offsets":[{"start":718,"text":"AKT3"}],"confidence":{"state":"","who":["user:abojchevski"],"prob":1},"fields":{},"normalizations":{}},{"classId":"e_2","part":"s4s1p1","offsets":[{"start":723,"text":"E17K"}],"confidence":{"state":"","who":["user:abojchevski"],"prob":1},"fields":{},"normalizations":{}},{"classId":"e_1","part":"s4s1p1","offsets":[{"start":921,"text":"AKT1"}],"confidence":{"state":"","who":["user:abojchevski"],"prob":1},"fields":{},"normalizations":{}},{"classId":"e_2","part":"s4s1p1","offsets":[{"start":926,"text":"E17K"}],"confidence":{"state":"","who":["user:abojchevski"],"prob":1},"fields":{},"normalizations":{}},{"classId":"e_1","part":"s4s1p1","offsets":[{"start":945,"text":"AKT3"}],"confidence":{"state":"","who":["user:abojchevski"],"prob":1},"fields":{},"normalizations":{}},{"classId":"e_1","part":"s4s1p1","offsets":[{"start":954,"text":"AKT1"}],"confidence":{"state":"","who":["user:abojchevski"],"prob":1},"fields":{},"normalizations":{}},{"classId":"e_2","part":"s4s1p1","offsets":[{"start":958,"text":"E17K"}],"confidence":{"state":"","who":["user:abojchevski"],"prob":1},"fields":{},"normalizations":{}},{"classId":"e_3","part":"s4s1p2","offsets":[{"start":64,"text":"human"}],"confidence":{"state":"","who":["user:abojchevski"],"prob":1},"fields":{},"normalizations":{}},{"classId":"e_1","part":"s4s1p2","offsets":[{"start":156,"text":"AKT1"}],"confidence":{"state":"","who":["user:abojchevski"],"prob":1},"fields":{},"normalizations":{}},{"classId":"e_2","part":"s4s1p2","offsets":[{"start":161,"text":"E17K"}],"confidence":{"state":"","who":["user:abojchevski"],"prob":1},"fields":{},"normalizations":{}},{"classId":"e_1","part":"s4s1p2","offsets":[{"start":169,"text":"AKT2"}],"confidence":{"state":"","who":["user:abojchevski"],"prob":1},"fields":{},"normalizations":{}},{"classId":"e_2","part":"s4s1p2","offsets":[{"start":174,"text":"E17K"}],"confidence":{"state":"","who":["user:abojchevski"],"prob":1},"fields":{},"normalizations":{}},{"classId":"e_1","part":"s4s1p2","offsets":[{"start":233,"text":"AKT3"}],"confidence":{"state":"","who":["user:abojchevski"],"prob":1},"fields":{},"normalizations":{}},{"classId":"e_2","part":"s4s1p2","offsets":[{"start":238,"text":"E17K"}],"confidence":{"state":"","who":["user:abojchevski"],"prob":1},"fields":{},"normalizations":{}},{"classId":"e_1","part":"s4s1p2","offsets":[{"start":563,"text":"MC1R"}],"confidence":{"state":"","who":["user:abojchevski"],"prob":1},"fields":{},"normalizations":{}},{"classId":"e_1","part":"s4s1p2","offsets":[{"start":572,"text":"CDK4"}],"confidence":{"state":"","who":["user:abojchevski"],"prob":1},"fields":{},"normalizations":{}},{"classId":"e_1","part":"s4s2h1","offsets":[{"start":14,"text":"AKT3"}],"confidence":{"state":"","who":["user:abojchevski"],"prob":1},"fields":{},"normalizations":{}},{"classId":"e_2","part":"s4s2h1","offsets":[{"start":26,"text":"E17K"}],"confidence":{"state":"","who":["user:abojchevski"],"prob":1},"fields":{},"normalizations":{}},{"classId":"e_1","part":"s4s2p1","offsets":[{"start":49,"text":"AKT1"}],"confidence":{"state":"","who":["user:abojchevski"],"prob":1},"fields":{},"normalizations":{}},{"classId":"e_2","part":"s4s2p1","offsets":[{"start":54,"text":"E17K"}],"confidence":{"state":"","who":["user:abojchevski"],"prob":1},"fields":{},"normalizations":{}},{"classId":"e_1","part":"s4s2p1","offsets":[{"start":177,"text":"AKT3"}],"confidence":{"state":"","who":["user:abojchevski"],"prob":1},"fields":{},"normalizations":{}},{"classId":"e_2","part":"s4s2p1","offsets":[{"start":182,"text":"E17K"}],"confidence":{"state":"","who":["user:abojchevski"],"prob":1},"fields":{},"normalizations":{}},{"classId":"e_1","part":"s4s2p1","offsets":[{"start":288,"text":"AKT3"}],"confidence":{"state":"","who":["user:abojchevski"],"prob":1},"fields":{},"normalizations":{}},{"classId":"e_1","part":"s4s2p1","offsets":[{"start":322,"text":"AKT3"}],"confidence":{"state":"","who":["user:abojchevski"],"prob":1},"fields":{},"normalizations":{}},{"classId":"e_2","part":"s4s2p1","offsets":[{"start":327,"text":"E17K"}],"confidence":{"state":"","who":["user:abojchevski"],"prob":1},"fields":{},"normalizations":{}},{"classId":"e_3","part":"s4s2p1","offsets":[{"start":422,"text":"human"}],"confidence":{"state":"","who":["user:abojchevski"],"prob":1},"fields":{},"normalizations":{}},{"classId":"e_1","part":"s4s2p1","offsets":[{"start":571,"text":"AKT3"}],"confidence":{"state":"","who":["user:abojchevski"],"prob":1},"fields":{},"normalizations":{}},{"classId":"e_2","part":"s4s2p1","offsets":[{"start":576,"text":"E17K"}],"confidence":{"state":"","who":["user:abojchevski"],"prob":1},"fields":{},"normalizations":{}},{"classId":"e_1","part":"s4s2p1","offsets":[{"start":672,"text":"PIK3CA"}],"confidence":{"state":"","who":["user:abojchevski"],"prob":1},"fields":{},"normalizations":{}},{"classId":"e_1","part":"s4s2p1","offsets":[{"start":683,"text":"N-ras"}],"confidence":{"state":"","who":["user:abojchevski"],"prob":1},"fields":{},"normalizations":{}},{"classId":"e_1","part":"s4s2p1","offsets":[{"start":702,"text":"PTEN"}],"confidence":{"state":"","who":["user:abojchevski"],"prob":1},"fields":{},"normalizations":{}},{"classId":"e_1","part":"s4s2p1","offsets":[{"start":763,"text":"AKT3"}],"confidence":{"state":"","who":["user:abojchevski"],"prob":1},"fields":{},"normalizations":{}},{"classId":"e_2","part":"s4s2p1","offsets":[{"start":768,"text":"E17K"}],"confidence":{"state":"","who":["user:abojchevski"],"prob":1},"fields":{},"normalizations":{}},{"classId":"e_1","part":"s4s2p1","offsets":[{"start":884,"text":"AKT3"}],"confidence":{"state":"","who":["user:abojchevski"],"prob":1},"fields":{},"normalizations":{}},{"classId":"e_2","part":"s5p1","offsets":[{"start":288,"text":"E17K"}],"confidence":{"state":"","who":["user:abojchevski"],"prob":1},"fields":{},"normalizations":{}},{"classId":"e_1","part":"s5p1","offsets":[{"start":297,"text":"AKT1"}],"confidence":{"state":"","who":["user:abojchevski"],"prob":1},"fields":{},"normalizations":{}},{"classId":"e_1","part":"s5p1","offsets":[{"start":551,"text":"AKT1"}],"confidence":{"state":"","who":["user:abojchevski"],"prob":1},"fields":{},"normalizations":{}},{"classId":"e_2","part":"s5p1","offsets":[{"start":556,"text":"E17K"}],"confidence":{"state":"","who":["user:abojchevski"],"prob":1},"fields":{},"normalizations":{}},{"classId":"e_2","part":"s5p1","offsets":[{"start":679,"text":"E17K"}],"confidence":{"state":"","who":["user:abojchevski"],"prob":1},"fields":{},"normalizations":{}},{"classId":"e_1","part":"s5p1","offsets":[{"start":696,"text":"AKT3"}],"confidence":{"state":"","who":["user:abojchevski"],"prob":1},"fields":{},"normalizations":{}},{"classId":"e_3","part":"s5p1","offsets":[{"start":761,"text":"human"}],"confidence":{"state":"","who":["user:abojchevski"],"prob":1},"fields":{},"normalizations":{}},{"classId":"e_1","part":"s5p1","offsets":[{"start":826,"text":"AKT3"}],"confidence":{"state":"","who":["user:abojchevski"],"prob":1},"fields":{},"normalizations":{}},{"classId":"e_1","part":"s5p1","offsets":[{"start":1155,"text":"AKT2"}],"confidence":{"state":"","who":["user:abojchevski"],"prob":1},"fields":{},"normalizations":{}},{"classId":"e_1","part":"s5p1","offsets":[{"start":1163,"text":"AKT3"}],"confidence":{"state":"","who":["user:abojchevski"],"prob":1},"fields":{},"normalizations":{}},{"classId":"e_2","part":"s5p1","offsets":[{"start":1168,"text":"E17K"}],"confidence":{"state":"","who":["user:abojchevski"],"prob":1},"fields":{},"normalizations":{}},{"classId":"e_1","part":"s5p1","offsets":[{"start":1261,"text":"AKT3"}],"confidence":{"state":"","who":["user:abojchevski"],"prob":1},"fields":{},"normalizations":{}},{"classId":"e_3","part":"s5p1","offsets":[{"start":1278,"text":"human"}],"confidence":{"state":"","who":["user:abojchevski"],"prob":1},"fields":{},"normalizations":{}},{"classId":"e_1","part":"s5p2","offsets":[{"start":40,"text":"AKT3"}],"confidence":{"state":"","who":["user:abojchevski"],"prob":1},"fields":{},"normalizations":{}},{"classId":"e_2","part":"s5p2","offsets":[{"start":45,"text":"E17K"}],"confidence":{"state":"","who":["user:abojchevski"],"prob":1},"fields":{},"normalizations":{}},{"classId":"e_1","part":"s5p2","offsets":[{"start":456,"text":"AKT3"}],"confidence":{"state":"","who":["user:abojchevski"],"prob":1},"fields":{},"normalizations":{}},{"classId":"e_2","part":"s5p2","offsets":[{"start":461,"text":"E17K"}],"confidence":{"state":"","who":["user:abojchevski"],"prob":1},"fields":{},"normalizations":{}},{"classId":"e_1","part":"s5p2","offsets":[{"start":812,"text":"AKT3"}],"confidence":{"state":"","who":["user:abojchevski"],"prob":1},"fields":{},"normalizations":{}},{"classId":"e_1","part":"s5p3","offsets":[{"start":20,"text":"AKT3"}],"confidence":{"state":"","who":["user:abojchevski"],"prob":1},"fields":{},"normalizations":{}},{"classId":"e_1","part":"s5p3","offsets":[{"start":192,"text":"AKT3"}],"confidence":{"state":"","who":["user:abojchevski"],"prob":1},"fields":{},"normalizations":{}},{"classId":"e_1","part":"s5p3","offsets":[{"start":214,"text":"AKT1"}],"confidence":{"state":"","who":["user:abojchevski"],"prob":1},"fields":{},"normalizations":{}},{"classId":"e_1","part":"s5p3","offsets":[{"start":222,"text":"AKT2"}],"confidence":{"state":"","who":["user:abojchevski"],"prob":1},"fields":{},"normalizations":{}},{"classId":"e_1","part":"s5p3","offsets":[{"start":418,"text":"AKT3"}],"confidence":{"state":"","who":["user:abojchevski"],"prob":1},"fields":{},"normalizations":{}},{"classId":"e_1","part":"s5p3","offsets":[{"start":729,"text":"AKT3"}],"confidence":{"state":"","who":["user:abojchevski"],"prob":1},"fields":{},"normalizations":{}},{"classId":"e_1","part":"s5p4","offsets":[{"start":69,"text":"AKT3"}],"confidence":{"state":"","who":["user:abojchevski"],"prob":1},"fields":{},"normalizations":{}},{"classId":"e_2","part":"s5p4","offsets":[{"start":74,"text":"E17K"}],"confidence":{"state":"","who":["user:abojchevski"],"prob":1},"fields":{},"normalizations":{}},{"classId":"e_1","part":"s5p4","offsets":[{"start":342,"text":"AKT1"}],"confidence":{"state":"","who":["user:abojchevski"],"prob":1},"fields":{},"normalizations":{}},{"classId":"e_1","part":"s5p4","offsets":[{"start":348,"text":"AKT2"}],"confidence":{"state":"","who":["user:abojchevski"],"prob":1},"fields":{},"normalizations":{}},{"classId":"e_1","part":"s5p4","offsets":[{"start":358,"text":"AKT3"}],"confidence":{"state":"","who":["user:abojchevski"],"prob":1},"fields":{},"normalizations":{}},{"classId":"e_3","part":"s5p4","offsets":[{"start":572,"text":"human"}],"confidence":{"state":"","who":["user:abojchevski"],"prob":1},"fields":{},"normalizations":{}},{"classId":"e_1","part":"s5p4","offsets":[{"start":605,"text":"AKT3"}],"confidence":{"state":"","who":["user:abojchevski"],"prob":1},"fields":{},"normalizations":{}},{"classId":"e_2","part":"s5p4","offsets":[{"start":610,"text":"E17K"}],"confidence":{"state":"","who":["user:abojchevski"],"prob":1},"fields":{},"normalizations":{}},{"classId":"e_3","part":"s5p4","offsets":[{"start":664,"text":"human"}],"confidence":{"state":"","who":["user:abojchevski"],"prob":1},"fields":{},"normalizations":{}},{"classId":"e_2","part":"s5p4","offsets":[{"start":696,"text":"E17K"}],"confidence":{"state":"","who":["user:abojchevski"],"prob":1},"fields":{},"normalizations":{}},{"classId":"e_2","part":"s5p4","offsets":[{"start":916,"text":"E17K"}],"confidence":{"state":"","who":["user:abojchevski"],"prob":1},"fields":{},"normalizations":{}},{"classId":"e_3","part":"s5p4","offsets":[{"start":986,"text":"human"}],"confidence":{"state":"","who":["user:abojchevski"],"prob":1},"fields":{},"normalizations":{}},{"classId":"e_1","part":"s5p4","offsets":[{"start":1101,"text":"AKT3"}],"confidence":{"state":"","who":["user:abojchevski"],"prob":1},"fields":{},"normalizations":{}},{"classId":"e_2","part":"s5p4","offsets":[{"start":1106,"text":"E17K"}],"confidence":{"state":"","who":["user:abojchevski"],"prob":1},"fields":{},"normalizations":{}}],"relations":[{"classId":"r_5","type":"linked","directed":false,"entities":["s2p1|46,50","s2p1|40,44"],"confidence":{"state":"","who":["user:abojchevski"],"prob":1}},{"classId":"r_5","type":"linked","directed":false,"entities":["s2p1|253,257","s2p1|165,169"],"confidence":{"state":"","who":["user:abojchevski"],"prob":1}},{"classId":"r_6","type":"linked","directed":false,"entities":["s2p1|338,343","s2p1|40,44"],"confidence":{"state":"","who":["user:abojchevski"],"prob":1}},{"classId":"r_6","type":"linked","directed":false,"entities":["s2p1|338,343","s2p1|157,161"],"confidence":{"state":"","who":["user:abojchevski"],"prob":1}},{"classId":"r_6","type":"linked","directed":false,"entities":["s2p1|338,343","s2p1|165,169"],"confidence":{"state":"","who":["user:abojchevski"],"prob":1}},{"classId":"r_6","type":"linked","directed":false,"entities":["s2p1|370,375","s2p1|448,452"],"confidence":{"state":"","who":["user:abojchevski"],"prob":1}},{"classId":"r_5","type":"linked","directed":false,"entities":["s2p1|528,532","s2p1|523,527"],"confidence":{"state":"","who":["user:abojchevski"],"prob":1}},{"classId":"r_5","type":"linked","directed":false,"entities":["s2p1|581,585","s2p1|586,590"],"confidence":{"state":"","who":["user:abojchevski"],"prob":1}},{"classId":"r_5","type":"linked","directed":false,"entities":["s2p1|680,684","s2p1|685,689"],"confidence":{"state":"","who":["user:abojchevski"],"prob":1}},{"classId":"r_6","type":"linked","directed":false,"entities":["s2p1|746,751","s2p1|680,684"],"confidence":{"state":"","who":["user:abojchevski"],"prob":1}},{"classId":"r_6","type":"linked","directed":false,"entities":["s2p1|868,872","s2p1|889,894"],"confidence":{"state":"","who":["user:abojchevski"],"prob":1}},{"classId":"r_5","type":"linked","directed":false,"entities":["s2p1|868,872","s2p1|997,1001"],"confidence":{"state":"","who":["user:abojchevski"],"prob":1}},{"classId":"r_5","type":"linked","directed":false,"entities":["s3s3p1|74,78","s3s3p1|79,83"],"confidence":{"state":"","who":["user:abojchevski"],"prob":1}},{"classId":"r_6","type":"linked","directed":false,"entities":["s3s4p1|0,5","s3s4p1|6,10"],"confidence":{"state":"","who":["user:abojchevski"],"prob":1}},{"classId":"r_5","type":"linked","directed":false,"entities":["s3s4p1|6,10","s3s4p1|192,249"],"confidence":{"state":"","who":["user:abojchevski"],"prob":1}},{"classId":"r_5","type":"linked","directed":false,"entities":["s4s1h1|13,17","s4s1h1|18,22"],"confidence":{"state":"","who":["user:abojchevski"],"prob":1}},{"classId":"r_5","type":"linked","directed":false,"entities":["s4s1h1|27,31","s4s1h1|32,36"],"confidence":{"state":"","who":["user:abojchevski"],"prob":1}},{"classId":"r_5","type":"linked","directed":false,"entities":["s4s1p1|73,77","s4s1p1|113,117"],"confidence":{"state":"","who":["user:abojchevski"],"prob":1}},{"classId":"r_5","type":"linked","directed":false,"entities":["s4s1p1|113,117","s4s1p1|89,93"],"confidence":{"state":"","who":["user:abojchevski"],"prob":1}},{"classId":"r_5","type":"linked","directed":false,"entities":["s4s1p1|718,722","s4s1p1|723,727"],"confidence":{"state":"","who":["user:abojchevski"],"prob":1}},{"classId":"r_5","type":"linked","directed":false,"entities":["s4s1p1|921,925","s4s1p1|926,930"],"confidence":{"state":"","who":["user:abojchevski"],"prob":1}},{"classId":"r_5","type":"linked","directed":false,"entities":["s4s1p1|945,949","s4s1p1|958,962"],"confidence":{"state":"","who":["user:abojchevski"],"prob":1}},{"classId":"r_5","type":"linked","directed":false,"entities":["s4s1p1|954,958","s4s1p1|958,962"],"confidence":{"state":"","who":["user:abojchevski"],"prob":1}},{"classId":"r_6","type":"linked","directed":false,"entities":["s4s1p2|64,69","s4s1p2|156,160"],"confidence":{"state":"","who":["user:abojchevski"],"prob":1}},{"classId":"r_6","type":"linked","directed":false,"entities":["s4s1p2|64,69","s4s1p2|169,173"],"confidence":{"state":"","who":["user:abojchevski"],"prob":1}},{"classId":"r_6","type":"linked","directed":false,"entities":["s4s1p2|64,69","s4s1p2|233,237"],"confidence":{"state":"","who":["user:abojchevski"],"prob":1}},{"classId":"r_5","type":"linked","directed":false,"entities":["s4s1p2|156,160","s4s1p2|161,165"],"confidence":{"state":"","who":["user:abojchevski"],"prob":1}},{"classId":"r_5","type":"linked","directed":false,"entities":["s4s1p2|169,173","s4s1p2|174,178"],"confidence":{"state":"","who":["user:abojchevski"],"prob":1}},{"classId":"r_5","type":"linked","directed":false,"entities":["s4s1p2|233,237","s4s1p2|238,242"],"confidence":{"state":"","who":["user:abojchevski"],"prob":1}},{"classId":"r_6","type":"linked","directed":false,"entities":["s4s1p2|563,567","s4s1p2|64,69"],"confidence":{"state":"","who":["user:abojchevski"],"prob":1}},{"classId":"r_6","type":"linked","directed":false,"entities":["s4s1p2|572,576","s4s1p2|64,69"],"confidence":{"state":"","who":["user:abojchevski"],"prob":1}},{"classId":"r_5","type":"linked","directed":false,"entities":["s4s2h1|14,18","s4s2h1|26,30"],"confidence":{"state":"","who":["user:abojchevski"],"prob":1}},{"classId":"r_5","type":"linked","directed":false,"entities":["s4s2p1|49,53","s4s2p1|54,58"],"confidence":{"state":"","who":["user:abojchevski"],"prob":1}},{"classId":"r_5","type":"linked","directed":false,"entities":["s4s2p1|177,181","s4s2p1|182,186"],"confidence":{"state":"","who":["user:abojchevski"],"prob":1}},{"classId":"r_5","type":"linked","directed":false,"entities":["s4s2p1|322,326","s4s2p1|327,331"],"confidence":{"state":"","who":["user:abojchevski"],"prob":1}},{"classId":"r_6","type":"linked","directed":false,"entities":["s4s2p1|422,427","s4s2p1|322,326"],"confidence":{"state":"","who":["user:abojchevski"],"prob":1}},{"classId":"r_6","type":"linked","directed":false,"entities":["s4s2p1|422,427","s4s2p1|49,53"],"confidence":{"state":"","who":["user:abojchevski"],"prob":1}},{"classId":"r_5","type":"linked","directed":false,"entities":["s4s2p1|571,575","s4s2p1|576,580"],"confidence":{"state":"","who":["user:abojchevski"],"prob":1}},{"classId":"r_5","type":"linked","directed":false,"entities":["s4s2p1|763,767","s4s2p1|768,772"],"confidence":{"state":"","who":["user:abojchevski"],"prob":1}},{"classId":"r_5","type":"linked","directed":false,"entities":["s5p1|288,292","s5p1|297,301"],"confidence":{"state":"","who":["user:abojchevski"],"prob":1}},{"classId":"r_5","type":"linked","directed":false,"entities":["s5p1|551,555","s5p1|556,560"],"confidence":{"state":"","who":["user:abojchevski"],"prob":1}},{"classId":"r_6","type":"linked","directed":false,"entities":["s5p1|551,555","s5p1|761,766"],"confidence":{"state":"","who":["user:abojchevski"],"prob":1}},{"classId":"r_5","type":"linked","directed":false,"entities":["s5p1|679,683","s5p1|696,700"],"confidence":{"state":"","who":["user:abojchevski"],"prob":1}},{"classId":"r_6","type":"linked","directed":false,"entities":["s5p1|761,766","s5p1|696,700"],"confidence":{"state":"","who":["user:abojchevski"],"prob":1}},{"classId":"r_5","type":"linked","directed":false,"entities":["s5p1|1163,1167","s5p1|1168,1172"],"confidence":{"state":"","who":["user:abojchevski"],"prob":1}},{"classId":"r_6","type":"linked","directed":false,"entities":["s5p1|1261,1265","s5p1|1278,1283"],"confidence":{"state":"","who":["user:abojchevski"],"prob":1}},{"classId":"r_5","type":"linked","directed":false,"entities":["s5p2|40,44","s5p2|45,49"],"confidence":{"state":"","who":["user:abojchevski"],"prob":1}},{"classId":"r_5","type":"linked","directed":false,"entities":["s5p2|456,460","s5p2|461,465"],"confidence":{"state":"","who":["user:abojchevski"],"prob":1}},{"classId":"r_5","type":"linked","directed":false,"entities":["s5p4|69,73","s5p4|74,78"],"confidence":{"state":"","who":["user:abojchevski"],"prob":1}},{"classId":"r_6","type":"linked","directed":false,"entities":["s5p4|342,346","s5p4|572,577"],"confidence":{"state":"","who":["user:abojchevski"],"prob":1}},{"classId":"r_6","type":"linked","directed":false,"entities":["s5p4|348,352","s5p4|572,577"],"confidence":{"state":"","who":["user:abojchevski"],"prob":1}},{"classId":"r_6","type":"linked","directed":false,"entities":["s5p4|358,362","s5p4|572,577"],"confidence":{"state":"","who":["user:abojchevski"],"prob":1}},{"classId":"r_5","type":"linked","directed":false,"entities":["s5p4|605,609","s5p4|610,614"],"confidence":{"state":"","who":["user:abojchevski"],"prob":1}},{"classId":"r_6","type":"linked","directed":false,"entities":["s5p4|664,669","s5p4|605,609"],"confidence":{"state":"","who":["user:abojchevski"],"prob":1}},{"classId":"r_5","type":"linked","directed":false,"entities":["s5p4|696,700","s5p4|605,609"],"confidence":{"state":"","who":["user:abojchevski"],"prob":1}},{"classId":"r_5","type":"linked","directed":false,"entities":["s5p4|1101,1105","s5p4|916,920"],"confidence":{"state":"","who":["user:abojchevski"],"prob":1}},{"classId":"r_6","type":"linked","directed":false,"entities":["s5p4|1101,1105","s5p4|986,991"],"confidence":{"state":"","who":["user:abojchevski"],"prob":1}}],"metas":{"m_4":{"value":true,"confidence":{}}},"annotatable":{"parts":["s1h1","s2h1","s2p1","s3h1","s3s1h1","s3s1p1","s3s2h1","s3s2p1","s3s3h1","s3s3p1","s3s4h1","s3s4p1","s3s5h1","s3s5p1","s4h1","s4s1h1","s4s1p1","s4s1p2","s4s2h1","s4s2p1","s5h1","s5p1","s5p2","s5p3","s5p4","s6h1"]}}