{"anncomplete":true,"sources":[{"name":"ORIG","id":"PMC3818219","url":"http://www.ncbi.nlm.nih.gov/pmc/articles/PMC3818219/"},{"name":"PMID","id":"24224009","url":"http://www.ncbi.nlm.nih.gov/pubmed/24224009"}],"entities":[{"classId":"e_1","part":"s1h1","offsets":[{"start":19,"text":"ABCB6"}],"confidence":{"state":"","who":["user:abojchevski"],"prob":1},"fields":{},"normalizations":{}},{"classId":"e_1","part":"s2s1p1","offsets":[{"start":211,"text":"ABCB6"}],"confidence":{"state":"","who":["user:abojchevski"],"prob":1},"fields":{},"normalizations":{}},{"classId":"e_1","part":"s2s2p1","offsets":[{"start":155,"text":"ABCB6"}],"confidence":{"state":"","who":["user:abojchevski"],"prob":1},"fields":{},"normalizations":{}},{"classId":"e_1","part":"s2s2p1","offsets":[{"start":497,"text":"ABCB6"}],"confidence":{"state":"","who":["user:abojchevski"],"prob":1},"fields":{},"normalizations":{}},{"classId":"e_2","part":"s2s3p1","offsets":[{"start":396,"text":"c.1663 C>A"}],"confidence":{"state":"","who":["user:abojchevski"],"prob":1},"fields":{},"normalizations":{}},{"classId":"e_2","part":"s2s3p1","offsets":[{"start":408,"text":"p.Gln555Lys"}],"confidence":{"state":"","who":["user:abojchevski"],"prob":1},"fields":{},"normalizations":{}},{"classId":"e_1","part":"s2s3p1","offsets":[{"start":424,"text":"ABCB6"}],"confidence":{"state":"","who":["user:abojchevski"],"prob":1},"fields":{},"normalizations":{}},{"classId":"e_2","part":"s2s3p1","offsets":[{"start":577,"text":"g.776 delC"}],"confidence":{"state":"","who":["user:abojchevski"],"prob":1},"fields":{},"normalizations":{}},{"classId":"e_2","part":"s2s3p1","offsets":[{"start":589,"text":"c.459 delC"}],"confidence":{"state":"","who":["user:abojchevski"],"prob":1},"fields":{},"normalizations":{}},{"classId":"e_1","part":"s2s3p1","offsets":[{"start":604,"text":"ABCB6"}],"confidence":{"state":"","who":["user:abojchevski"],"prob":1},"fields":{},"normalizations":{}},{"classId":"e_1","part":"s2s3p1","offsets":[{"start":669,"text":"ABCB6"}],"confidence":{"state":"","who":["user:abojchevski"],"prob":1},"fields":{},"normalizations":{}},{"classId":"e_1","part":"s2s3p1","offsets":[{"start":836,"text":"ABCB6"}],"confidence":{"state":"","who":["user:abojchevski"],"prob":1},"fields":{},"normalizations":{}},{"classId":"e_1","part":"s2s4p1","offsets":[{"start":47,"text":"ABCB6"}],"confidence":{"state":"","who":["user:abojchevski"],"prob":1},"fields":{},"normalizations":{}},{"classId":"e_1","part":"s3p1","offsets":[{"start":877,"text":"ABCB6"}],"confidence":{"state":"","who":["user:abojchevski"],"prob":1},"fields":{},"normalizations":{}},{"classId":"e_1","part":"s3p1","offsets":[{"start":964,"text":"ABCB6"}],"confidence":{"state":"","who":["user:abojchevski"],"prob":1},"fields":{},"normalizations":{}},{"classId":"e_1","part":"s3p1","offsets":[{"start":1142,"text":"ABCB6"}],"confidence":{"state":"","who":["user:abojchevski"],"prob":1},"fields":{},"normalizations":{}},{"classId":"e_2","part":"s4s2p1","offsets":[{"start":1676,"text":"c.459 delC"}],"confidence":{"state":"","who":["user:abojchevski"],"prob":1},"fields":{},"normalizations":{}},{"classId":"e_2","part":"s4s2f1p1","offsets":[{"start":141,"text":"c.1663C > A"}],"confidence":{"state":"","who":["user:abojchevski"],"prob":1},"fields":{},"normalizations":{}},{"classId":"e_2","part":"s4s2f1p1","offsets":[{"start":222,"text":"c.459 delC"}],"confidence":{"state":"","who":["user:abojchevski"],"prob":1},"fields":{},"normalizations":{}},{"classId":"e_3","part":"s4s4p1","offsets":[{"start":255,"text":"Human"}],"confidence":{"state":"","who":["user:abojchevski"],"prob":1},"fields":{},"normalizations":{}},{"classId":"e_1","part":"s4s6h1","offsets":[{"start":13,"text":"ABCB6"}],"confidence":{"state":"","who":["user:abojchevski"],"prob":1},"fields":{},"normalizations":{}},{"classId":"e_1","part":"s4s6p1","offsets":[{"start":0,"text":"ABCB6"}],"confidence":{"state":"","who":["user:abojchevski"],"prob":1},"fields":{},"normalizations":{}},{"classId":"e_1","part":"s4s6p1","offsets":[{"start":316,"text":"ABCB6"}],"confidence":{"state":"","who":["user:abojchevski"],"prob":1},"fields":{},"normalizations":{}},{"classId":"e_1","part":"s4s6p1","offsets":[{"start":560,"text":"ABCB6"}],"confidence":{"state":"","who":["user:abojchevski"],"prob":1},"fields":{},"normalizations":{}},{"classId":"e_3","part":"s4s6p1","offsets":[{"start":598,"text":"P.troglodytes"}],"confidence":{"state":"","who":["user:abojchevski"],"prob":1},"fields":{},"normalizations":{}},{"classId":"e_3","part":"s4s6p1","offsets":[{"start":657,"text":"F.catus"}],"confidence":{"state":"","who":["user:abojchevski"],"prob":1},"fields":{},"normalizations":{}},{"classId":"e_3","part":"s4s6p1","offsets":[{"start":683,"text":"M.musculus"}],"confidence":{"state":"","who":["user:abojchevski"],"prob":1},"fields":{},"normalizations":{}},{"classId":"e_3","part":"s4s6p1","offsets":[{"start":709,"text":"C.elegants"}],"confidence":{"state":"","who":["user:abojchevski"],"prob":1},"fields":{},"normalizations":{}},{"classId":"e_3","part":"s4s6p1","offsets":[{"start":738,"text":"D.melanogaster"}],"confidence":{"state":"","who":["user:abojchevski"],"prob":1},"fields":{},"normalizations":{}},{"classId":"e_1","part":"s4s7h1","offsets":[{"start":33,"text":"ABCB6"}],"confidence":{"state":"","who":["user:abojchevski"],"prob":1},"fields":{},"normalizations":{}},{"classId":"e_2","part":"s4s7p1","offsets":[{"start":52,"text":"c. 1663 C>A"}],"confidence":{"state":"","who":["user:abojchevski"],"prob":1},"fields":{},"normalizations":{}},{"classId":"e_2","part":"s4s7p1","offsets":[{"start":104,"text":"c.459 delC"}],"confidence":{"state":"","who":["user:abojchevski"],"prob":1},"fields":{},"normalizations":{}},{"classId":"e_1","part":"s4s7p1","offsets":[{"start":286,"text":"ABCB6"}],"confidence":{"state":"","who":["user:abojchevski"],"prob":1},"fields":{},"normalizations":{}},{"classId":"e_1","part":"s4s7p1","offsets":[{"start":556,"text":"ABCB6"}],"confidence":{"state":"","who":["user:abojchevski"],"prob":1},"fields":{},"normalizations":{}},{"classId":"e_1","part":"s5s3p1","offsets":[{"start":726,"text":"USP40"}],"confidence":{"state":"","who":["user:abojchevski"],"prob":1},"fields":{},"normalizations":{}},{"classId":"e_1","part":"s5s3p1","offsets":[{"start":733,"text":"ABCB6"}],"confidence":{"state":"","who":["user:abojchevski"],"prob":1},"fields":{},"normalizations":{}},{"classId":"e_1","part":"s5s3p1","offsets":[{"start":740,"text":"SLC11A1"}],"confidence":{"state":"","who":["user:abojchevski"],"prob":1},"fields":{},"normalizations":{}},{"classId":"e_1","part":"s5s3p1","offsets":[{"start":752,"text":"NCL"}],"confidence":{"state":"","who":["user:abojchevski"],"prob":1},"fields":{},"normalizations":{}},{"classId":"e_1","part":"s5s3p1","offsets":[{"start":843,"text":"USP40"}],"confidence":{"state":"","who":["user:abojchevski"],"prob":1},"fields":{},"normalizations":{}},{"classId":"e_1","part":"s5s3p1","offsets":[{"start":850,"text":"SLC11A1"}],"confidence":{"state":"","who":["user:abojchevski"],"prob":1},"fields":{},"normalizations":{}},{"classId":"e_1","part":"s5s3p1","offsets":[{"start":862,"text":"NCL"}],"confidence":{"state":"","who":["user:abojchevski"],"prob":1},"fields":{},"normalizations":{}},{"classId":"e_1","part":"s5s4h1","offsets":[{"start":37,"text":"ABCB6"}],"confidence":{"state":"","who":["user:abojchevski"],"prob":1},"fields":{},"normalizations":{}},{"classId":"e_2","part":"s5s4p1","offsets":[{"start":20,"text":"g. 5496 C>A"}],"confidence":{"state":"","who":["user:abojchevski"],"prob":1},"fields":{},"normalizations":{}},{"classId":"e_2","part":"s5s4p1","offsets":[{"start":33,"text":"c.1663C > A"}],"confidence":{"state":"","who":["user:abojchevski"],"prob":1},"fields":{},"normalizations":{}},{"classId":"e_2","part":"s5s4p1","offsets":[{"start":46,"text":"p. Gln555Lys"}],"confidence":{"state":"","who":["user:abojchevski"],"prob":1},"fields":{},"normalizations":{}},{"classId":"e_1","part":"s5s4p1","offsets":[{"start":73,"text":"ABCB6"}],"confidence":{"state":"","who":["user:abojchevski"],"prob":1},"fields":{},"normalizations":{}},{"classId":"e_1","part":"s5s4p1","offsets":[{"start":287,"text":"ABCB6"}],"confidence":{"state":"","who":["user:abojchevski"],"prob":1},"fields":{},"normalizations":{}},{"classId":"e_2","part":"s5s4p1","offsets":[{"start":294,"text":"g.776 delC"}],"confidence":{"state":"","who":["user:abojchevski"],"prob":1},"fields":{},"normalizations":{}},{"classId":"e_2","part":"s5s4p1","offsets":[{"start":306,"text":"c.459 delC"}],"confidence":{"state":"","who":["user:abojchevski"],"prob":1},"fields":{},"normalizations":{}},{"classId":"e_1","part":"s5s4p1","offsets":[{"start":430,"text":"ABCB6"}],"confidence":{"state":"","who":["user:abojchevski"],"prob":1},"fields":{},"normalizations":{}},{"classId":"e_2","part":"s5s4p1","offsets":[{"start":486,"text":"c.1663 C>A"}],"confidence":{"state":"","who":["user:abojchevski"],"prob":1},"fields":{},"normalizations":{}},{"classId":"e_2","part":"s5s4p1","offsets":[{"start":501,"text":"c.459 delC"}],"confidence":{"state":"","who":["user:abojchevski"],"prob":1},"fields":{},"normalizations":{}},{"classId":"e_1","part":"s5s4p1","offsets":[{"start":518,"text":"ABCB6"}],"confidence":{"state":"","who":["user:abojchevski"],"prob":1},"fields":{},"normalizations":{}},{"classId":"e_2","part":"s5s4p1","offsets":[{"start":718,"text":"p.Gln555"}],"confidence":{"state":"","who":["user:abojchevski"],"prob":1},"fields":{},"normalizations":{}},{"classId":"e_1","part":"s5s4p1","offsets":[{"start":730,"text":"ABCB6"}],"confidence":{"state":"","who":["user:abojchevski"],"prob":1},"fields":{},"normalizations":{}},{"classId":"e_1","part":"s5s4f1h1","offsets":[{"start":0,"text":"ABCB6"}],"confidence":{"state":"","who":["user:abojchevski"],"prob":1},"fields":{},"normalizations":{}},{"classId":"e_2","part":"s5s4f1p1","offsets":[{"start":30,"text":"c. 1663 C>A"}],"confidence":{"state":"","who":["user:abojchevski"],"prob":1},"fields":{},"normalizations":{}},{"classId":"e_2","part":"s5s4f1p1","offsets":[{"start":65,"text":"c.459 delC"}],"confidence":{"state":"","who":["user:abojchevski"],"prob":1},"fields":{},"normalizations":{}},{"classId":"e_1","part":"s5s4f1p1","offsets":[{"start":129,"text":"ABCB6"}],"confidence":{"state":"","who":["user:abojchevski"],"prob":1},"fields":{},"normalizations":{}},{"classId":"e_1","part":"s5s5h1","offsets":[{"start":24,"text":"ABCB6"}],"confidence":{"state":"","who":["user:abojchevski"],"prob":1},"fields":{},"normalizations":{}},{"classId":"e_1","part":"s5s5p1","offsets":[{"start":94,"text":"ABCB6"}],"confidence":{"state":"","who":["user:abojchevski"],"prob":1},"fields":{},"normalizations":{}},{"classId":"e_1","part":"s5s5f1h1","offsets":[{"start":33,"text":"ABCB6"}],"confidence":{"state":"","who":["user:abojchevski"],"prob":1},"fields":{},"normalizations":{}},{"classId":"e_2","part":"s5s5f1p1","offsets":[{"start":111,"text":"c. 1663 C>A"}],"confidence":{"state":"","who":["user:abojchevski"],"prob":1},"fields":{},"normalizations":{}},{"classId":"e_2","part":"s5s5f1p1","offsets":[{"start":225,"text":"c.459 delC"}],"confidence":{"state":"","who":["user:abojchevski"],"prob":1},"fields":{},"normalizations":{}},{"classId":"e_1","part":"s5s5f1p1","offsets":[{"start":301,"text":"ABCB6"}],"confidence":{"state":"","who":["user:abojchevski"],"prob":1},"fields":{},"normalizations":{}},{"classId":"e_2","part":"s6p1","offsets":[{"start":25,"text":"c. 1663 C>A"}],"confidence":{"state":"","who":["user:abojchevski"],"prob":1},"fields":{},"normalizations":{}},{"classId":"e_2","part":"s6p1","offsets":[{"start":38,"text":"p.Gln555Lys"}],"confidence":{"state":"","who":["user:abojchevski"],"prob":1},"fields":{},"normalizations":{}},{"classId":"e_1","part":"s6p1","offsets":[{"start":75,"text":"ABCB6"}],"confidence":{"state":"","who":["user:abojchevski"],"prob":1},"fields":{},"normalizations":{}},{"classId":"e_2","part":"s6p1","offsets":[{"start":339,"text":"c.776 delC"}],"confidence":{"state":"","who":["user:abojchevski"],"prob":1},"fields":{},"normalizations":{}},{"classId":"e_1","part":"s6p1","offsets":[{"start":354,"text":"ABCB6"}],"confidence":{"state":"","who":["user:abojchevski"],"prob":1},"fields":{},"normalizations":{}},{"classId":"e_2","part":"s6p1","offsets":[{"start":445,"text":"c.1663CA"}],"confidence":{"state":"","who":["user:abojchevski"],"prob":1},"fields":{},"normalizations":{}},{"classId":"e_2","part":"s6p1","offsets":[{"start":458,"text":"c.459 delC"}],"confidence":{"state":"","who":["user:abojchevski"],"prob":1},"fields":{},"normalizations":{}},{"classId":"e_1","part":"s6p1","offsets":[{"start":472,"text":"ABCB6"}],"confidence":{"state":"","who":["user:abojchevski"],"prob":1},"fields":{},"normalizations":{}},{"classId":"e_2","part":"s6p1","offsets":[{"start":609,"text":"c.1663CA"}],"confidence":{"state":"","who":["user:abojchevski"],"prob":1},"fields":{},"normalizations":{}},{"classId":"e_2","part":"s6p1","offsets":[{"start":622,"text":"c.459 delC"}],"confidence":{"state":"","who":["user:abojchevski"],"prob":1},"fields":{},"normalizations":{}},{"classId":"e_1","part":"s6p1","offsets":[{"start":636,"text":"ABCB6"}],"confidence":{"state":"","who":["user:abojchevski"],"prob":1},"fields":{},"normalizations":{}},{"classId":"e_3","part":"s6p2","offsets":[{"start":0,"text":"Human"}],"confidence":{"state":"","who":["user:abojchevski"],"prob":1},"fields":{},"normalizations":{}},{"classId":"e_1","part":"s6p2","offsets":[{"start":6,"text":"ABCB6"}],"confidence":{"state":"","who":["user:abojchevski"],"prob":1},"fields":{},"normalizations":{}},{"classId":"e_1","part":"s6p2","offsets":[{"start":85,"text":"ABCB6"}],"confidence":{"state":"","who":["user:abojchevski"],"prob":1},"fields":{},"normalizations":{}},{"classId":"e_1","part":"s6p2","offsets":[{"start":181,"text":"ABCB6"}],"confidence":{"state":"","who":["user:abojchevski"],"prob":1},"fields":{},"normalizations":{}},{"classId":"e_1","part":"s6p2","offsets":[{"start":339,"text":"ABCB6"}],"confidence":{"state":"","who":["user:abojchevski"],"prob":1},"fields":{},"normalizations":{}},{"classId":"e_1","part":"s6p2","offsets":[{"start":526,"text":"ABCB6"}],"confidence":{"state":"","who":["user:abojchevski"],"prob":1},"fields":{},"normalizations":{}},{"classId":"e_1","part":"s6p2","offsets":[{"start":698,"text":"ABCB6"}],"confidence":{"state":"","who":["user:abojchevski"],"prob":1},"fields":{},"normalizations":{}},{"classId":"e_1","part":"s6p2","offsets":[{"start":1905,"text":"ABCB6"}],"confidence":{"state":"","who":["user:abojchevski"],"prob":1},"fields":{},"normalizations":{}},{"classId":"e_2","part":"s6p2","offsets":[{"start":2260,"text":"c.459 delC"}],"confidence":{"state":"","who":["user:abojchevski"],"prob":1},"fields":{},"normalizations":{}},{"classId":"e_2","part":"s6p2","offsets":[{"start":2540,"text":"c. 1663 C>A"}],"confidence":{"state":"","who":["user:abojchevski"],"prob":1},"fields":{},"normalizations":{}},{"classId":"e_2","part":"s6p2","offsets":[{"start":2667,"text":"c. 1663 C>A"}],"confidence":{"state":"","who":["user:abojchevski"],"prob":1},"fields":{},"normalizations":{}},{"classId":"e_1","part":"s6p3","offsets":[{"start":39,"text":"ABCB6"}],"confidence":{"state":"","who":["user:abojchevski"],"prob":1},"fields":{},"normalizations":{}},{"classId":"e_1","part":"s6p3","offsets":[{"start":151,"text":"ABCB6"}],"confidence":{"state":"","who":["user:abojchevski"],"prob":1},"fields":{},"normalizations":{}},{"classId":"e_3","part":"s6p3","offsets":[{"start":378,"text":"humans"}],"confidence":{"state":"","who":["user:abojchevski"],"prob":1},"fields":{},"normalizations":{}},{"classId":"e_1","part":"s6p3","offsets":[{"start":421,"text":"ABCB6"}],"confidence":{"state":"","who":["user:abojchevski"],"prob":1},"fields":{},"normalizations":{}},{"classId":"e_2","part":"s6p3","offsets":[{"start":428,"text":"p.R375Q"}],"confidence":{"state":"","who":["user:abojchevski"],"prob":1},"fields":{},"normalizations":{}},{"classId":"e_2","part":"s6p3","offsets":[{"start":440,"text":"p.R375W"}],"confidence":{"state":"","who":["user:abojchevski"],"prob":1},"fields":{},"normalizations":{}},{"classId":"e_2","part":"s6p3","offsets":[{"start":618,"text":"p.L811V"}],"confidence":{"state":"","who":["user:abojchevski"],"prob":1},"fields":{},"normalizations":{}},{"classId":"e_2","part":"s6p3","offsets":[{"start":630,"text":"p.A57T"}],"confidence":{"state":"","who":["user:abojchevski"],"prob":1},"fields":{},"normalizations":{}},{"classId":"e_1","part":"s6p3","offsets":[{"start":641,"text":"ABCB6"}],"confidence":{"state":"","who":["user:abojchevski"],"prob":1},"fields":{},"normalizations":{}},{"classId":"e_2","part":"s6p3","offsets":[{"start":778,"text":"p.S170G"}],"confidence":{"state":"","who":["user:abojchevski"],"prob":1},"fields":{},"normalizations":{}},{"classId":"e_2","part":"s6p3","offsets":[{"start":787,"text":"p.L356P"}],"confidence":{"state":"","who":["user:abojchevski"],"prob":1},"fields":{},"normalizations":{}},{"classId":"e_2","part":"s6p3","offsets":[{"start":796,"text":"p.G579E"}],"confidence":{"state":"","who":["user:abojchevski"],"prob":1},"fields":{},"normalizations":{}},{"classId":"e_1","part":"s6p3","offsets":[{"start":807,"text":"ABCB6"}],"confidence":{"state":"","who":["user:abojchevski"],"prob":1},"fields":{},"normalizations":{}},{"classId":"e_2","part":"s6p3","offsets":[{"start":874,"text":"c. 1663 C>A"}],"confidence":{"state":"","who":["user:abojchevski"],"prob":1},"fields":{},"normalizations":{}},{"classId":"e_2","part":"s6p3","offsets":[{"start":890,"text":"c.459 delC"}],"confidence":{"state":"","who":["user:abojchevski"],"prob":1},"fields":{},"normalizations":{}},{"classId":"e_1","part":"s6p3","offsets":[{"start":905,"text":"ABCB6"}],"confidence":{"state":"","who":["user:abojchevski"],"prob":1},"fields":{},"normalizations":{}},{"classId":"e_1","part":"s6p3","offsets":[{"start":1000,"text":"ABCB6"}],"confidence":{"state":"","who":["user:abojchevski"],"prob":1},"fields":{},"normalizations":{}},{"classId":"e_1","part":"s6p3","offsets":[{"start":1021,"text":"ABCB6"}],"confidence":{"state":"","who":["user:abojchevski"],"prob":1},"fields":{},"normalizations":{}},{"classId":"e_2","part":"s6p3","offsets":[{"start":1080,"text":"c. 1663 C>A"}],"confidence":{"state":"","who":["user:abojchevski"],"prob":1},"fields":{},"normalizations":{}},{"classId":"e_2","part":"s6p3","offsets":[{"start":1096,"text":"c.459 delC"}],"confidence":{"state":"","who":["user:abojchevski"],"prob":1},"fields":{},"normalizations":{}},{"classId":"e_1","part":"s6p3","offsets":[{"start":1110,"text":"ABCB6"}],"confidence":{"state":"","who":["user:abojchevski"],"prob":1},"fields":{},"normalizations":{}},{"classId":"e_1","part":"s6p3","offsets":[{"start":1197,"text":"ABCB6"}],"confidence":{"state":"","who":["user:abojchevski"],"prob":1},"fields":{},"normalizations":{}},{"classId":"e_1","part":"s6p3","offsets":[{"start":1320,"text":"ABCB6"}],"confidence":{"state":"","who":["user:abojchevski"],"prob":1},"fields":{},"normalizations":{}},{"classId":"e_1","part":"s6p3","offsets":[{"start":1637,"text":"ABCB6"}],"confidence":{"state":"","who":["user:abojchevski"],"prob":1},"fields":{},"normalizations":{}}],"relations":[{"classId":"r_5","type":"linked","directed":false,"entities":["s2s3p1|408,419","s2s3p1|424,429"],"confidence":{"state":"","who":["user:abojchevski"],"prob":1}},{"classId":"r_5","type":"linked","directed":false,"entities":["s2s3p1|577,587","s2s3p1|604,609"],"confidence":{"state":"","who":["user:abojchevski"],"prob":1}},{"classId":"r_5","type":"linked","directed":false,"entities":["s2s3p1|589,599","s2s3p1|604,609"],"confidence":{"state":"","who":["user:abojchevski"],"prob":1}},{"classId":"r_6","type":"linked","directed":false,"entities":["s4s6p1|560,565","s4s6p1|598,611"],"confidence":{"state":"","who":["user:abojchevski"],"prob":1}},{"classId":"r_6","type":"linked","directed":false,"entities":["s4s6p1|560,565","s4s6p1|683,693"],"confidence":{"state":"","who":["user:abojchevski"],"prob":1}},{"classId":"r_6","type":"linked","directed":false,"entities":["s4s6p1|560,565","s4s6p1|738,752"],"confidence":{"state":"","who":["user:abojchevski"],"prob":1}},{"classId":"r_6","type":"linked","directed":false,"entities":["s4s6p1|657,664","s4s6p1|560,565"],"confidence":{"state":"","who":["user:abojchevski"],"prob":1}},{"classId":"r_6","type":"linked","directed":false,"entities":["s4s6p1|709,719","s4s6p1|560,565"],"confidence":{"state":"","who":["user:abojchevski"],"prob":1}},{"classId":"r_5","type":"linked","directed":false,"entities":["s4s7p1|286,291","s4s7p1|104,114"],"confidence":{"state":"","who":["user:abojchevski"],"prob":1}},{"classId":"r_5","type":"linked","directed":false,"entities":["s4s7p1|286,291","s4s7p1|52,63"],"confidence":{"state":"","who":["user:abojchevski"],"prob":1}},{"classId":"r_5","type":"linked","directed":false,"entities":["s5s4p1|20,31","s5s4p1|73,78"],"confidence":{"state":"","who":["user:abojchevski"],"prob":1}},{"classId":"r_5","type":"linked","directed":false,"entities":["s5s4p1|33,44","s5s4p1|73,78"],"confidence":{"state":"","who":["user:abojchevski"],"prob":1}},{"classId":"r_5","type":"linked","directed":false,"entities":["s5s4p1|46,58","s5s4p1|73,78"],"confidence":{"state":"","who":["user:abojchevski"],"prob":1}},{"classId":"r_5","type":"linked","directed":false,"entities":["s5s4p1|287,292","s5s4p1|294,304"],"confidence":{"state":"","who":["user:abojchevski"],"prob":1}},{"classId":"r_5","type":"linked","directed":false,"entities":["s5s4p1|287,292","s5s4p1|306,316"],"confidence":{"state":"","who":["user:abojchevski"],"prob":1}},{"classId":"r_5","type":"linked","directed":false,"entities":["s5s4p1|501,511","s5s4p1|518,523"],"confidence":{"state":"","who":["user:abojchevski"],"prob":1}},{"classId":"r_5","type":"linked","directed":false,"entities":["s5s4p1|718,726","s5s4p1|730,735"],"confidence":{"state":"","who":["user:abojchevski"],"prob":1}},{"classId":"r_5","type":"linked","directed":false,"entities":["s5s4f1p1|30,41","s5s4f1p1|129,134"],"confidence":{"state":"","who":["user:abojchevski"],"prob":1}},{"classId":"r_5","type":"linked","directed":false,"entities":["s5s4f1p1|65,75","s5s4f1p1|129,134"],"confidence":{"state":"","who":["user:abojchevski"],"prob":1}},{"classId":"r_5","type":"linked","directed":false,"entities":["s5s5f1p1|111,122","s5s5f1p1|301,306"],"confidence":{"state":"","who":["user:abojchevski"],"prob":1}},{"classId":"r_5","type":"linked","directed":false,"entities":["s5s5f1p1|225,235","s5s5f1p1|301,306"],"confidence":{"state":"","who":["user:abojchevski"],"prob":1}},{"classId":"r_5","type":"linked","directed":false,"entities":["s6p1|25,36","s6p1|75,80"],"confidence":{"state":"","who":["user:abojchevski"],"prob":1}},{"classId":"r_5","type":"linked","directed":false,"entities":["s6p1|38,49","s6p1|75,80"],"confidence":{"state":"","who":["user:abojchevski"],"prob":1}},{"classId":"r_5","type":"linked","directed":false,"entities":["s6p1|339,349","s6p1|354,359"],"confidence":{"state":"","who":["user:abojchevski"],"prob":1}},{"classId":"r_5","type":"linked","directed":false,"entities":["s6p1|445,453","s6p1|472,477"],"confidence":{"state":"","who":["user:abojchevski"],"prob":1}},{"classId":"r_5","type":"linked","directed":false,"entities":["s6p1|458,468","s6p1|472,477"],"confidence":{"state":"","who":["user:abojchevski"],"prob":1}},{"classId":"r_5","type":"linked","directed":false,"entities":["s6p1|609,617","s6p1|636,641"],"confidence":{"state":"","who":["user:abojchevski"],"prob":1}},{"classId":"r_5","type":"linked","directed":false,"entities":["s6p1|622,632","s6p1|636,641"],"confidence":{"state":"","who":["user:abojchevski"],"prob":1}},{"classId":"r_6","type":"linked","directed":false,"entities":["s6p2|0,5","s6p2|6,11"],"confidence":{"state":"","who":["user:abojchevski"],"prob":1}},{"classId":"r_5","type":"linked","directed":false,"entities":["s6p2|1905,1910","s6p2|2260,2270"],"confidence":{"state":"","who":["user:abojchevski"],"prob":1}},{"classId":"r_5","type":"linked","directed":false,"entities":["s6p2|2540,2551","s6p2|1905,1910"],"confidence":{"state":"","who":["user:abojchevski"],"prob":1}},{"classId":"r_5","type":"linked","directed":false,"entities":["s6p2|2667,2678","s6p2|1905,1910"],"confidence":{"state":"","who":["user:abojchevski"],"prob":1}},{"classId":"r_6","type":"linked","directed":false,"entities":["s6p3|378,384","s6p3|421,426"],"confidence":{"state":"","who":["user:abojchevski"],"prob":1}},{"classId":"r_5","type":"linked","directed":false,"entities":["s6p3|421,426","s6p3|428,435"],"confidence":{"state":"","who":["user:abojchevski"],"prob":1}},{"classId":"r_5","type":"linked","directed":false,"entities":["s6p3|421,426","s6p3|440,447"],"confidence":{"state":"","who":["user:abojchevski"],"prob":1}},{"classId":"r_5","type":"linked","directed":false,"entities":["s6p3|618,625","s6p3|641,646"],"confidence":{"state":"","who":["user:abojchevski"],"prob":1}},{"classId":"r_5","type":"linked","directed":false,"entities":["s6p3|630,636","s6p3|641,646"],"confidence":{"state":"","who":["user:abojchevski"],"prob":1}},{"classId":"r_5","type":"linked","directed":false,"entities":["s6p3|778,785","s6p3|807,812"],"confidence":{"state":"","who":["user:abojchevski"],"prob":1}},{"classId":"r_5","type":"linked","directed":false,"entities":["s6p3|787,794","s6p3|807,812"],"confidence":{"state":"","who":["user:abojchevski"],"prob":1}},{"classId":"r_5","type":"linked","directed":false,"entities":["s6p3|796,803","s6p3|807,812"],"confidence":{"state":"","who":["user:abojchevski"],"prob":1}},{"classId":"r_5","type":"linked","directed":false,"entities":["s6p3|874,885","s6p3|905,910"],"confidence":{"state":"","who":["user:abojchevski"],"prob":1}},{"classId":"r_5","type":"linked","directed":false,"entities":["s6p3|890,900","s6p3|905,910"],"confidence":{"state":"","who":["user:abojchevski"],"prob":1}},{"classId":"r_5","type":"linked","directed":false,"entities":["s6p3|1080,1091","s6p3|1110,1115"],"confidence":{"state":"","who":["user:abojchevski"],"prob":1}},{"classId":"r_5","type":"linked","directed":false,"entities":["s6p3|1096,1106","s6p3|1110,1115"],"confidence":{"state":"","who":["user:abojchevski"],"prob":1}}],"metas":{"m_4":{"value":true,"confidence":{}}},"annotatable":{"parts":["s1h1","s2h1","s2s1h1","s2s1p1","s2s2h1","s2s2p1","s2s3h1","s2s3p1","s2s4h1","s2s4p1","s3h1","s3p1","s4h1","s4s1h1","s4s1p1","s4s2h1","s4s2p1","s4s2f1h1","s4s2f1p1","s4s3h1","s4s3p1","s4s4h1","s4s4p1","s4s5h1","s4s5p1","s4s6h1","s4s6p1","s4s7h1","s4s7p1","s5h1","s5s1h1","s5s1p1","s5s1f1h1","s5s1f1p1","s5s2h1","s5s2p1","s5s3h1","s5s3p1","s5s4h1","s5s4p1","s5s4f1h1","s5s4f1p1","s5s5h1","s5s5p1","s5s5f1h1","s5s5f1p1","s6h1","s6p1","s6p2","s6p3","s7h1"]}}