{"anncomplete":false,"sources":[{"name":"ORIG","id":"PMC165443","url":"http://www.ncbi.nlm.nih.gov/pmc/articles/PMC165443/"},{"name":"PMID","id":"12783625","url":"http://www.ncbi.nlm.nih.gov/pubmed/12783625"}],"entities":[{"classId":"e_3","part":"s1h1","offsets":[{"start":4,"text":"rat"}],"confidence":{"state":"","who":["user:abojchevski"],"prob":1},"fields":{},"normalizations":{}},{"classId":"e_3","part":"s1h1","offsets":[{"start":116,"text":"rats"}],"confidence":{"state":"","who":["user:abojchevski"],"prob":1},"fields":{},"normalizations":{}},{"classId":"e_3","part":"s2s1p1","offsets":[{"start":87,"text":"rat"}],"confidence":{"state":"","who":["user:abojchevski"],"prob":1},"fields":{},"normalizations":{}},{"classId":"e_3","part":"s2s1p1","offsets":[{"start":142,"text":"rat"}],"confidence":{"state":"","who":["user:abojchevski"],"prob":1},"fields":{},"normalizations":{}},{"classId":"e_3","part":"s2s1p1","offsets":[{"start":181,"text":"rat"}],"confidence":{"state":"","who":["user:abojchevski"],"prob":1},"fields":{},"normalizations":{}},{"classId":"e_3","part":"s2s1p1","offsets":[{"start":267,"text":"rat"}],"confidence":{"state":"","who":["user:abojchevski"],"prob":1},"fields":{},"normalizations":{}},{"classId":"e_3","part":"s2s1p1","offsets":[{"start":326,"text":"rat"}],"confidence":{"state":"","who":["user:abojchevski"],"prob":1},"fields":{},"normalizations":{}},{"classId":"e_3","part":"s2s1p1","offsets":[{"start":341,"text":"rat"}],"confidence":{"state":"","who":["user:abojchevski"],"prob":1},"fields":{},"normalizations":{}},{"classId":"e_1","part":"s2s1p1","offsets":[{"start":347,"text":"ABCG5"}],"confidence":{"state":"","who":["user:abojchevski"],"prob":1},"fields":{},"normalizations":{}},{"classId":"e_1","part":"s2s1p1","offsets":[{"start":357,"text":"ABCG8"}],"confidence":{"state":"","who":["user:abojchevski"],"prob":1},"fields":{},"normalizations":{}},{"classId":"e_1","part":"s2s1p1","offsets":[{"start":373,"text":"sterolin-1"}],"confidence":{"state":"","who":["user:abojchevski"],"prob":1},"fields":{},"normalizations":{}},{"classId":"e_1","part":"s2s1p1","offsets":[{"start":388,"text":"sterolin-2"}],"confidence":{"state":"","who":["user:abojchevski"],"prob":1},"fields":{},"normalizations":{}},{"classId":"e_3","part":"s2s1p1","offsets":[{"start":477,"text":"humans"}],"confidence":{"state":"","who":["user:abojchevski"],"prob":1},"fields":{},"normalizations":{}},{"classId":"e_3","part":"s2s1p1","offsets":[{"start":564,"text":"human"}],"confidence":{"state":"","who":["user:abojchevski"],"prob":1},"fields":{},"normalizations":{}},{"classId":"e_1","part":"s2s2p1","offsets":[{"start":36,"text":"Abcg5"}],"confidence":{"state":"","who":["user:abojchevski"],"prob":1},"fields":{},"normalizations":{}},{"classId":"e_1","part":"s2s2p1","offsets":[{"start":45,"text":"Abcg8"}],"confidence":{"state":"","who":["user:abojchevski"],"prob":1},"fields":{},"normalizations":{}},{"classId":"e_3","part":"s2s2p1","offsets":[{"start":83,"text":"rats"}],"confidence":{"state":"","who":["user:abojchevski"],"prob":1},"fields":{},"normalizations":{}},{"classId":"e_1","part":"s2s2p1","offsets":[{"start":183,"text":"Abcg5"}],"confidence":{"state":"","who":["user:abojchevski"],"prob":1},"fields":{},"normalizations":{}},{"classId":"e_1","part":"s2s2p1","offsets":[{"start":193,"text":"Abcg8"}],"confidence":{"state":"","who":["user:abojchevski"],"prob":1},"fields":{},"normalizations":{}},{"classId":"e_3","part":"s2s2p1","offsets":[{"start":239,"text":"rat"}],"confidence":{"state":"","who":["user:abojchevski"],"prob":1},"fields":{},"normalizations":{}},{"classId":"e_3","part":"s2s3p1","offsets":[{"start":5,"text":"rat"}],"confidence":{"state":"","who":["user:abojchevski"],"prob":1},"fields":{},"normalizations":{}},{"classId":"e_1","part":"s2s3p1","offsets":[{"start":9,"text":"Abcg5"}],"confidence":{"state":"","who":["user:abojchevski"],"prob":1},"fields":{},"normalizations":{}},{"classId":"e_1","part":"s2s3p1","offsets":[{"start":19,"text":"Abcg8"}],"confidence":{"state":"","who":["user:abojchevski"],"prob":1},"fields":{},"normalizations":{}},{"classId":"e_3","part":"s2s3p1","offsets":[{"start":177,"text":"mouse"}],"confidence":{"state":"","who":["user:abojchevski"],"prob":1},"fields":{},"normalizations":{}},{"classId":"e_1","part":"s2s3p1","offsets":[{"start":197,"text":"Abcg5"}],"confidence":{"state":"","who":["user:abojchevski"],"prob":1},"fields":{},"normalizations":{}},{"classId":"e_1","part":"s2s3p1","offsets":[{"start":207,"text":"Abcg8"}],"confidence":{"state":"","who":["user:abojchevski"],"prob":1},"fields":{},"normalizations":{}},{"classId":"e_3","part":"s2s3p1","offsets":[{"start":349,"text":"rat"}],"confidence":{"state":"","who":["user:abojchevski"],"prob":1},"fields":{},"normalizations":{}},{"classId":"e_2","part":"s2s3p1","offsets":[{"start":383,"text":"G to T substitution at nucleotide 1754"}],"confidence":{"state":"","who":["user:abojchevski"],"prob":1},"fields":{},"normalizations":{}},{"classId":"e_2","part":"s2s3p1","offsets":[{"start":454,"text":"Gly583Cys"}],"confidence":{"state":"","who":["user:abojchevski"],"prob":1},"fields":{},"normalizations":{}},{"classId":"e_1","part":"s2s3p1","offsets":[{"start":467,"text":"sterolin-1"}],"confidence":{"state":"","who":["user:abojchevski"],"prob":1},"fields":{},"normalizations":{}},{"classId":"e_3","part":"s2s3p1","offsets":[{"start":486,"text":"rats"}],"confidence":{"state":"","who":["user:abojchevski"],"prob":1},"fields":{},"normalizations":{}},{"classId":"e_3","part":"s2s4p1","offsets":[{"start":4,"text":"rat"}],"confidence":{"state":"","who":["user:abojchevski"],"prob":1},"fields":{},"normalizations":{}},{"classId":"e_1","part":"s2s4p1","offsets":[{"start":73,"text":"Abcg5"}],"confidence":{"state":"","who":["user:abojchevski"],"prob":1},"fields":{},"normalizations":{}},{"classId":"e_2","part":"s2s4p1","offsets":[{"start":80,"text":"Gly583Cys"}],"confidence":{"state":"","who":["user:abojchevski"],"prob":1},"fields":{},"normalizations":{}},{"classId":"e_3","part":"s2s4p1","offsets":[{"start":120,"text":"rat"}],"confidence":{"state":"","who":["user:abojchevski"],"prob":1},"fields":{},"normalizations":{}},{"classId":"e_3","part":"s2s4p1","offsets":[{"start":187,"text":"rat"}],"confidence":{"state":"","who":["user:abojchevski"],"prob":1},"fields":{},"normalizations":{}},{"classId":"e_3","part":"s2s4p1","offsets":[{"start":254,"text":"rat"}],"confidence":{"state":"","who":["user:abojchevski"],"prob":1},"fields":{},"normalizations":{}},{"classId":"e_1","part":"s2s4p1","offsets":[{"start":284,"text":"Abcg5"}],"confidence":{"state":"","who":["user:abojchevski"],"prob":1},"fields":{},"normalizations":{}},{"classId":"e_1","part":"s2s4p1","offsets":[{"start":293,"text":"Abcg8"}],"confidence":{"state":"","who":["user:abojchevski"],"prob":1},"fields":{},"normalizations":{}},{"classId":"e_1","part":"s2s4p1","offsets":[{"start":369,"text":"Abcg5"}],"confidence":{"state":"","who":["user:abojchevski"],"prob":1},"fields":{},"normalizations":{}},{"classId":"e_3","part":"s2s4p1","offsets":[{"start":407,"text":"rat"}],"confidence":{"state":"","who":["user:abojchevski"],"prob":1},"fields":{},"normalizations":{}},{"classId":"e_3","part":"s2s4p1","offsets":[{"start":501,"text":"human"}],"confidence":{"state":"","who":["user:abojchevski"],"prob":1},"fields":{},"normalizations":{}},{"classId":"e_3","part":"s3p1","offsets":[{"start":4,"text":"human"}],"confidence":{"state":"","who":["user:abojchevski"],"prob":1},"fields":{},"normalizations":{}},{"classId":"e_3","part":"s3p1","offsets":[{"start":672,"text":"human"}],"confidence":{"state":"","who":["user:abojchevski"],"prob":1},"fields":{},"normalizations":{}},{"classId":"e_1","part":"s3p1","offsets":[{"start":734,"text":"ATP binding cassette (ABC) half-transporters G5 and G8"}],"confidence":{"state":"","who":["user:abojchevski"],"prob":1},"fields":{},"normalizations":{}},{"classId":"e_1","part":"s3p1","offsets":[{"start":880,"text":"sterolin-1"}],"confidence":{"state":"","who":["user:abojchevski"],"prob":1},"fields":{},"normalizations":{}},{"classId":"e_1","part":"s3p1","offsets":[{"start":895,"text":"sterolin-2"}],"confidence":{"state":"","who":["user:abojchevski"],"prob":1},"fields":{},"normalizations":{}},{"classId":"e_1","part":"s3p1","offsets":[{"start":1092,"text":"sterolin-1"}],"confidence":{"state":"","who":["user:abojchevski"],"prob":1},"fields":{},"normalizations":{}},{"classId":"e_1","part":"s3p1","offsets":[{"start":1106,"text":"sterolin-2"}],"confidence":{"state":"","who":["user:abojchevski"],"prob":1},"fields":{},"normalizations":{}},{"classId":"e_1","part":"s3p1","offsets":[{"start":1302,"text":"ABCG5"}],"confidence":{"state":"","who":["user:abojchevski"],"prob":1},"fields":{},"normalizations":{}},{"classId":"e_1","part":"s3p1","offsets":[{"start":1312,"text":"ABCG8"}],"confidence":{"state":"","who":["user:abojchevski"],"prob":1},"fields":{},"normalizations":{}},{"classId":"e_3","part":"s3p1","offsets":[{"start":1617,"text":"mouse"}],"confidence":{"state":"","who":["user:abojchevski"],"prob":1},"fields":{},"normalizations":{}},{"classId":"e_3","part":"s3p1","offsets":[{"start":1708,"text":"mouse"}],"confidence":{"state":"","who":["user:abojchevski"],"prob":1},"fields":{},"normalizations":{}},{"classId":"e_3","part":"s3p1","offsets":[{"start":1835,"text":"rats"}],"confidence":{"state":"","who":["user:abojchevski"],"prob":1},"fields":{},"normalizations":{}},{"classId":"e_3","part":"s3p1","offsets":[{"start":1989,"text":"rat"}],"confidence":{"state":"","who":["user:abojchevski"],"prob":1},"fields":{},"normalizations":{}},{"classId":"e_1","part":"s3p1","offsets":[{"start":2026,"text":"Abcg5"}],"confidence":{"state":"","who":["user:abojchevski"],"prob":1},"fields":{},"normalizations":{}},{"classId":"e_1","part":"s3p1","offsets":[{"start":2035,"text":"Abcg8"}],"confidence":{"state":"","who":["user:abojchevski"],"prob":1},"fields":{},"normalizations":{}},{"classId":"e_3","part":"s3p1","offsets":[{"start":2108,"text":"rat"}],"confidence":{"state":"","who":["user:abojchevski"],"prob":1},"fields":{},"normalizations":{}},{"classId":"e_3","part":"s3p1","offsets":[{"start":2144,"text":"rat"}],"confidence":{"state":"","who":["user:abojchevski"],"prob":1},"fields":{},"normalizations":{}},{"classId":"e_3","part":"s3p1","offsets":[{"start":2202,"text":"rat"}],"confidence":{"state":"","who":["user:abojchevski"],"prob":1},"fields":{},"normalizations":{}},{"classId":"e_3","part":"s3p1","offsets":[{"start":2263,"text":"rats"}],"confidence":{"state":"","who":["user:abojchevski"],"prob":1},"fields":{},"normalizations":{}},{"classId":"e_3","part":"s3p2","offsets":[{"start":97,"text":"rat"}],"confidence":{"state":"","who":["user:abojchevski"],"prob":1},"fields":{},"normalizations":{}},{"classId":"e_1","part":"s3p2","offsets":[{"start":101,"text":"Abcg5"}],"confidence":{"state":"","who":["user:abojchevski"],"prob":1},"fields":{},"normalizations":{}},{"classId":"e_1","part":"s3p2","offsets":[{"start":111,"text":"Abcg8"}],"confidence":{"state":"","who":["user:abojchevski"],"prob":1},"fields":{},"normalizations":{}},{"classId":"e_3","part":"s3p2","offsets":[{"start":164,"text":"rat"}],"confidence":{"state":"","who":["user:abojchevski"],"prob":1},"fields":{},"normalizations":{}},{"classId":"e_3","part":"s3p2","offsets":[{"start":406,"text":"rat"}],"confidence":{"state":"","who":["user:abojchevski"],"prob":1},"fields":{},"normalizations":{}},{"classId":"e_1","part":"s3p2","offsets":[{"start":619,"text":"Abcg5"}],"confidence":{"state":"","who":["user:abojchevski"],"prob":1},"fields":{},"normalizations":{}},{"classId":"e_3","part":"s4s1h1","offsets":[{"start":15,"text":"rat"}],"confidence":{"state":"","who":["user:abojchevski"],"prob":1},"fields":{},"normalizations":{}},{"classId":"e_3","part":"s4s1p1","offsets":[{"start":35,"text":"rat"}],"confidence":{"state":"","who":["user:abojchevski"],"prob":1},"fields":{},"normalizations":{}},{"classId":"e_3","part":"s4s1p1","offsets":[{"start":470,"text":"rats"}],"confidence":{"state":"","who":["user:abojchevski"],"prob":1},"fields":{},"normalizations":{}},{"classId":"e_3","part":"s4s1p1","offsets":[{"start":579,"text":"rats"}],"confidence":{"state":"","who":["user:abojchevski"],"prob":1},"fields":{},"normalizations":{}},{"classId":"e_1","part":"s4s2p1","offsets":[{"start":14,"text":"Abcg5"}],"confidence":{"state":"","who":["user:abojchevski"],"prob":1},"fields":{},"normalizations":{}},{"classId":"e_1","part":"s4s2p1","offsets":[{"start":24,"text":"Abcg8"}],"confidence":{"state":"","who":["user:abojchevski"],"prob":1},"fields":{},"normalizations":{}},{"classId":"e_3","part":"s4s2p1","offsets":[{"start":115,"text":"rat"}],"confidence":{"state":"","who":["user:abojchevski"],"prob":1},"fields":{},"normalizations":{}},{"classId":"e_3","part":"s4s2p1","offsets":[{"start":193,"text":"mouse"}],"confidence":{"state":"","who":["user:abojchevski"],"prob":1},"fields":{},"normalizations":{}},{"classId":"e_3","part":"s4s2p1","offsets":[{"start":203,"text":"human"}],"confidence":{"state":"","who":["user:abojchevski"],"prob":1},"fields":{},"normalizations":{}},{"classId":"e_1","part":"s4s2p1","offsets":[{"start":259,"text":"Abcg5"}],"confidence":{"state":"","who":["user:abojchevski"],"prob":1},"fields":{},"normalizations":{}},{"classId":"e_1","part":"s4s2p1","offsets":[{"start":324,"text":"ABCG5"}],"confidence":{"state":"","who":["user:abojchevski"],"prob":1},"fields":{},"normalizations":{}},{"classId":"e_1","part":"s4s2p1","offsets":[{"start":370,"text":"ABCG5"}],"confidence":{"state":"","who":["user:abojchevski"],"prob":1},"fields":{},"normalizations":{}},{"classId":"e_1","part":"s4s2p1","offsets":[{"start":412,"text":"Abcg8"}],"confidence":{"state":"","who":["user:abojchevski"],"prob":1},"fields":{},"normalizations":{}},{"classId":"e_3","part":"s4s2p1","offsets":[{"start":536,"text":"rat"}],"confidence":{"state":"","who":["user:abojchevski"],"prob":1},"fields":{},"normalizations":{}},{"classId":"e_1","part":"s4s2p1","offsets":[{"start":540,"text":"Abcg8"}],"confidence":{"state":"","who":["user:abojchevski"],"prob":1},"fields":{},"normalizations":{}},{"classId":"e_3","part":"s4s2p1","offsets":[{"start":632,"text":"rat"}],"confidence":{"state":"","who":["user:abojchevski"],"prob":1},"fields":{},"normalizations":{}},{"classId":"e_3","part":"s4s2p1","offsets":[{"start":647,"text":"rat"}],"confidence":{"state":"","who":["user:abojchevski"],"prob":1},"fields":{},"normalizations":{}},{"classId":"e_3","part":"s4s2p2","offsets":[{"start":67,"text":"rat"}],"confidence":{"state":"","who":["user:abojchevski"],"prob":1},"fields":{},"normalizations":{}},{"classId":"e_3","part":"s4s2p2","offsets":[{"start":111,"text":"rat"}],"confidence":{"state":"","who":["user:abojchevski"],"prob":1},"fields":{},"normalizations":{}},{"classId":"e_3","part":"s4s2p2","offsets":[{"start":194,"text":"mouse"}],"confidence":{"state":"","who":["user:abojchevski"],"prob":1},"fields":{},"normalizations":{}},{"classId":"e_3","part":"s4s2p2","offsets":[{"start":216,"text":"rat"}],"confidence":{"state":"","who":["user:abojchevski"],"prob":1},"fields":{},"normalizations":{}},{"classId":"e_3","part":"s4s2p2","offsets":[{"start":278,"text":"rat"}],"confidence":{"state":"","who":["user:abojchevski"],"prob":1},"fields":{},"normalizations":{}},{"classId":"e_3","part":"s4s2p2","offsets":[{"start":423,"text":"rat"}],"confidence":{"state":"","who":["user:abojchevski"],"prob":1},"fields":{},"normalizations":{}},{"classId":"e_3","part":"s4s3p1","offsets":[{"start":60,"text":"rat"}],"confidence":{"state":"","who":["user:abojchevski"],"prob":1},"fields":{},"normalizations":{}},{"classId":"e_3","part":"s4s3p2","offsets":[{"start":134,"text":"rat"}],"confidence":{"state":"","who":["user:abojchevski"],"prob":1},"fields":{},"normalizations":{}},{"classId":"e_1","part":"s4s3p2","offsets":[{"start":210,"text":"Abcg5"}],"confidence":{"state":"","who":["user:abojchevski"],"prob":1},"fields":{},"normalizations":{}},{"classId":"e_1","part":"s4s3p2","offsets":[{"start":260,"text":"Abcg8"}],"confidence":{"state":"","who":["user:abojchevski"],"prob":1},"fields":{},"normalizations":{}},{"classId":"e_3","part":"s4s3p2","offsets":[{"start":754,"text":"rat"}],"confidence":{"state":"","who":["user:abojchevski"],"prob":1},"fields":{},"normalizations":{}},{"classId":"e_3","part":"s4s3p2","offsets":[{"start":1162,"text":"rat"}],"confidence":{"state":"","who":["user:abojchevski"],"prob":1},"fields":{},"normalizations":{}},{"classId":"e_1","part":"s4s4h1","offsets":[{"start":21,"text":"Abcg5"}],"confidence":{"state":"","who":["user:abojchevski"],"prob":1},"fields":{},"normalizations":{}},{"classId":"e_1","part":"s4s4h1","offsets":[{"start":31,"text":"Abcg8"}],"confidence":{"state":"","who":["user:abojchevski"],"prob":1},"fields":{},"normalizations":{}},{"classId":"e_3","part":"s4s4p1","offsets":[{"start":2,"text":"rat"}],"confidence":{"state":"","who":["user:abojchevski"],"prob":1},"fields":{},"normalizations":{}},{"classId":"e_3","part":"s4s4p1","offsets":[{"start":130,"text":"rat"}],"confidence":{"state":"","who":["user:abojchevski"],"prob":1},"fields":{},"normalizations":{}},{"classId":"e_3","part":"s4s4p1","offsets":[{"start":341,"text":"rat"}],"confidence":{"state":"","who":["user:abojchevski"],"prob":1},"fields":{},"normalizations":{}},{"classId":"e_3","part":"s4s4p1","offsets":[{"start":465,"text":"rat"}],"confidence":{"state":"","who":["user:abojchevski"],"prob":1},"fields":{},"normalizations":{}},{"classId":"e_3","part":"s4s4p1","offsets":[{"start":704,"text":"rat"}],"confidence":{"state":"","who":["user:abojchevski"],"prob":1},"fields":{},"normalizations":{}},{"classId":"e_1","part":"s4s4p1","offsets":[{"start":708,"text":"Abcg5"}],"confidence":{"state":"","who":["user:abojchevski"],"prob":1},"fields":{},"normalizations":{}},{"classId":"e_1","part":"s4s4p1","offsets":[{"start":755,"text":"Abcg8"}],"confidence":{"state":"","who":["user:abojchevski"],"prob":1},"fields":{},"normalizations":{}},{"classId":"e_3","part":"s4s5p1","offsets":[{"start":96,"text":"mouse"}],"confidence":{"state":"","who":["user:abojchevski"],"prob":1},"fields":{},"normalizations":{}},{"classId":"e_3","part":"s4s5p1","offsets":[{"start":322,"text":"rat"}],"confidence":{"state":"","who":["user:abojchevski"],"prob":1},"fields":{},"normalizations":{}},{"classId":"e_3","part":"s4s5f1p1","offsets":[{"start":16,"text":"rat"}],"confidence":{"state":"","who":["user:abojchevski"],"prob":1},"fields":{},"normalizations":{}},{"classId":"e_1","part":"s4s5f1p1","offsets":[{"start":20,"text":"Abcg5"}],"confidence":{"state":"","who":["user:abojchevski"],"prob":1},"fields":{},"normalizations":{}},{"classId":"e_3","part":"s4s5f1p1","offsets":[{"start":30,"text":"rat"}],"confidence":{"state":"","who":["user:abojchevski"],"prob":1},"fields":{},"normalizations":{}},{"classId":"e_1","part":"s4s5f1p1","offsets":[{"start":34,"text":"Abcg8"}],"confidence":{"state":"","who":["user:abojchevski"],"prob":1},"fields":{},"normalizations":{}},{"classId":"e_1","part":"s4s5p2","offsets":[{"start":24,"text":"Abcg5"}],"confidence":{"state":"","who":["user:abojchevski"],"prob":1},"fields":{},"normalizations":{}},{"classId":"e_1","part":"s4s5p2","offsets":[{"start":31,"text":"Abcg8"}],"confidence":{"state":"","who":["user:abojchevski"],"prob":1},"fields":{},"normalizations":{}},{"classId":"e_1","part":"s4s5p2","offsets":[{"start":38,"text":"Cyp7a1"}],"confidence":{"state":"","who":["user:abojchevski"],"prob":1},"fields":{},"normalizations":{}},{"classId":"e_1","part":"s4s5p2","offsets":[{"start":46,"text":"HMG-CoA reductase"}],"confidence":{"state":"","who":["user:abojchevski"],"prob":1},"fields":{},"normalizations":{}},{"classId":"e_1","part":"s4s5p2","offsets":[{"start":69,"text":"Srebp-2"}],"confidence":{"state":"","who":["user:abojchevski"],"prob":1},"fields":{},"normalizations":{}},{"classId":"e_3","part":"s4s5p2","offsets":[{"start":90,"text":"rat"}],"confidence":{"state":"","who":["user:abojchevski"],"prob":1},"fields":{},"normalizations":{}},{"classId":"e_3","part":"s4s7p1","offsets":[{"start":222,"text":"rabbit"}],"confidence":{"state":"","who":["user:abojchevski"],"prob":1},"fields":{},"normalizations":{}},{"classId":"e_3","part":"s4s7p1","offsets":[{"start":292,"text":"rat"}],"confidence":{"state":"","who":["user:abojchevski"],"prob":1},"fields":{},"normalizations":{}},{"classId":"e_1","part":"s4s7p1","offsets":[{"start":296,"text":"sterolin-1"}],"confidence":{"state":"","who":["user:abojchevski"],"prob":1},"fields":{},"normalizations":{}},{"classId":"e_3","part":"s4s7p1","offsets":[{"start":407,"text":"goat"}],"confidence":{"state":"","who":["user:abojchevski"],"prob":1},"fields":{},"normalizations":{}},{"classId":"e_3","part":"s4s7p1","offsets":[{"start":417,"text":"rabbit"}],"confidence":{"state":"","who":["user:abojchevski"],"prob":1},"fields":{},"normalizations":{}},{"classId":"e_3","part":"s4s7p2","offsets":[{"start":12,"text":"rat"}],"confidence":{"state":"","who":["user:abojchevski"],"prob":1},"fields":{},"normalizations":{}},{"classId":"e_3","part":"s4s7p2","offsets":[{"start":368,"text":"goat"}],"confidence":{"state":"","who":["user:abojchevski"],"prob":1},"fields":{},"normalizations":{}},{"classId":"e_3","part":"s4s7p2","offsets":[{"start":527,"text":"goat"}],"confidence":{"state":"","who":["user:abojchevski"],"prob":1},"fields":{},"normalizations":{}},{"classId":"e_3","part":"s4s7p2","offsets":[{"start":537,"text":"rabbit"}],"confidence":{"state":"","who":["user:abojchevski"],"prob":1},"fields":{},"normalizations":{}},{"classId":"e_1","part":"s4s8h1","offsets":[{"start":28,"text":"Abcg5"}],"confidence":{"state":"","who":["user:abojchevski"],"prob":1},"fields":{},"normalizations":{}},{"classId":"e_1","part":"s4s8h1","offsets":[{"start":38,"text":"Abcg8"}],"confidence":{"state":"","who":["user:abojchevski"],"prob":1},"fields":{},"normalizations":{}},{"classId":"e_1","part":"s4s8p1","offsets":[{"start":183,"text":"Abcg5"}],"confidence":{"state":"","who":["user:abojchevski"],"prob":1},"fields":{},"normalizations":{}},{"classId":"e_1","part":"s4s8p1","offsets":[{"start":193,"text":"Abcg8"}],"confidence":{"state":"","who":["user:abojchevski"],"prob":1},"fields":{},"normalizations":{}},{"classId":"e_1","part":"s4s8p1","offsets":[{"start":425,"text":"Abcg5"}],"confidence":{"state":"","who":["user:abojchevski"],"prob":1},"fields":{},"normalizations":{}},{"classId":"e_1","part":"s4s8p1","offsets":[{"start":435,"text":"Abcg8"}],"confidence":{"state":"","who":["user:abojchevski"],"prob":1},"fields":{},"normalizations":{}},{"classId":"e_3","part":"s4s8f1p1","offsets":[{"start":50,"text":"rat"}],"confidence":{"state":"","who":["user:abojchevski"],"prob":1},"fields":{},"normalizations":{}},{"classId":"e_3","part":"s5s1h1","offsets":[{"start":51,"text":"rat"}],"confidence":{"state":"","who":["user:abojchevski"],"prob":1},"fields":{},"normalizations":{}},{"classId":"e_1","part":"s5s1p1","offsets":[{"start":23,"text":"Abcg5"}],"confidence":{"state":"","who":["user:abojchevski"],"prob":1},"fields":{},"normalizations":{}},{"classId":"e_1","part":"s5s1p1","offsets":[{"start":33,"text":"Abcg8"}],"confidence":{"state":"","who":["user:abojchevski"],"prob":1},"fields":{},"normalizations":{}},{"classId":"e_3","part":"s5s1p1","offsets":[{"start":153,"text":"human"}],"confidence":{"state":"","who":["user:abojchevski"],"prob":1},"fields":{},"normalizations":{}},{"classId":"e_3","part":"s5s1p1","offsets":[{"start":261,"text":"rat"}],"confidence":{"state":"","who":["user:abojchevski"],"prob":1},"fields":{},"normalizations":{}},{"classId":"e_3","part":"s5s1p1","offsets":[{"start":466,"text":"human"}],"confidence":{"state":"","who":["user:abojchevski"],"prob":1},"fields":{},"normalizations":{}},{"classId":"e_3","part":"s5s1p1","offsets":[{"start":476,"text":"mouse"}],"confidence":{"state":"","who":["user:abojchevski"],"prob":1},"fields":{},"normalizations":{}},{"classId":"e_3","part":"s5s1p1","offsets":[{"start":497,"text":"rat"}],"confidence":{"state":"","who":["user:abojchevski"],"prob":1},"fields":{},"normalizations":{}},{"classId":"e_1","part":"s5s1p1","offsets":[{"start":501,"text":"Abcg5"}],"confidence":{"state":"","who":["user:abojchevski"],"prob":1},"fields":{},"normalizations":{}},{"classId":"e_1","part":"s5s1p1","offsets":[{"start":511,"text":"Abcg8"}],"confidence":{"state":"","who":["user:abojchevski"],"prob":1},"fields":{},"normalizations":{}},{"classId":"e_3","part":"s5s1p1","offsets":[{"start":826,"text":"human"}],"confidence":{"state":"","who":["user:abojchevski"],"prob":1},"fields":{},"normalizations":{}},{"classId":"e_3","part":"s5s1p1","offsets":[{"start":836,"text":"mouse"}],"confidence":{"state":"","who":["user:abojchevski"],"prob":1},"fields":{},"normalizations":{}},{"classId":"e_3","part":"s5s1p1","offsets":[{"start":1006,"text":"rat"}],"confidence":{"state":"","who":["user:abojchevski"],"prob":1},"fields":{},"normalizations":{}},{"classId":"e_3","part":"s5s1p1","offsets":[{"start":1119,"text":"rat"}],"confidence":{"state":"","who":["user:abojchevski"],"prob":1},"fields":{},"normalizations":{}},{"classId":"e_1","part":"s5s1p1","offsets":[{"start":1198,"text":"Abcg5"}],"confidence":{"state":"","who":["user:abojchevski"],"prob":1},"fields":{},"normalizations":{}},{"classId":"e_1","part":"s5s1p1","offsets":[{"start":1208,"text":"Abcg8"}],"confidence":{"state":"","who":["user:abojchevski"],"prob":1},"fields":{},"normalizations":{}},{"classId":"e_3","part":"s5s1p1","offsets":[{"start":1349,"text":"rat"}],"confidence":{"state":"","who":["user:abojchevski"],"prob":1},"fields":{},"normalizations":{}},{"classId":"e_3","part":"s5s1p1","offsets":[{"start":1384,"text":"human"}],"confidence":{"state":"","who":["user:abojchevski"],"prob":1},"fields":{},"normalizations":{}},{"classId":"e_1","part":"s5s1p1","offsets":[{"start":1390,"text":"ABCG5"}],"confidence":{"state":"","who":["user:abojchevski"],"prob":1},"fields":{},"normalizations":{}},{"classId":"e_1","part":"s5s1p1","offsets":[{"start":1400,"text":"ABCG8"}],"confidence":{"state":"","who":["user:abojchevski"],"prob":1},"fields":{},"normalizations":{}},{"classId":"e_1","part":"s5s1p1","offsets":[{"start":1447,"text":"ABCG5"}],"confidence":{"state":"","who":["user:abojchevski"],"prob":1},"fields":{},"normalizations":{}},{"classId":"e_1","part":"s5s1p1","offsets":[{"start":1454,"text":"ABCG8"}],"confidence":{"state":"","who":["user:abojchevski"],"prob":1},"fields":{},"normalizations":{}},{"classId":"e_1","part":"s5s1p1","offsets":[{"start":1461,"text":"SLC8A1"}],"confidence":{"state":"","who":["user:abojchevski"],"prob":1},"fields":{},"normalizations":{}},{"classId":"e_1","part":"s5s1p1","offsets":[{"start":1469,"text":"PRKR"}],"confidence":{"state":"","who":["user:abojchevski"],"prob":1},"fields":{},"normalizations":{}},{"classId":"e_1","part":"s5s1p1","offsets":[{"start":1475,"text":"GCKR"}],"confidence":{"state":"","who":["user:abojchevski"],"prob":1},"fields":{},"normalizations":{}},{"classId":"e_1","part":"s5s1p1","offsets":[{"start":1481,"text":"KHK"}],"confidence":{"state":"","who":["user:abojchevski"],"prob":1},"fields":{},"normalizations":{}},{"classId":"e_1","part":"s5s1p1","offsets":[{"start":1486,"text":"PPP1CB"}],"confidence":{"state":"","who":["user:abojchevski"],"prob":1},"fields":{},"normalizations":{}},{"classId":"e_1","part":"s5s1p1","offsets":[{"start":1494,"text":"APOB"}],"confidence":{"state":"","who":["user:abojchevski"],"prob":1},"fields":{},"normalizations":{}},{"classId":"e_1","part":"s5s1p1","offsets":[{"start":1500,"text":"POMC1"}],"confidence":{"state":"","who":["user:abojchevski"],"prob":1},"fields":{},"normalizations":{}},{"classId":"e_1","part":"s5s1p1","offsets":[{"start":1507,"text":"SDC1"}],"confidence":{"state":"","who":["user:abojchevski"],"prob":1},"fields":{},"normalizations":{}},{"classId":"e_1","part":"s5s1p1","offsets":[{"start":1513,"text":"MYCN"}],"confidence":{"state":"","who":["user:abojchevski"],"prob":1},"fields":{},"normalizations":{}},{"classId":"e_1","part":"s5s1p1","offsets":[{"start":1519,"text":"DDX1"}],"confidence":{"state":"","who":["user:abojchevski"],"prob":1},"fields":{},"normalizations":{}},{"classId":"e_1","part":"s5s1p1","offsets":[{"start":1525,"text":"VSNL1"}],"confidence":{"state":"","who":["user:abojchevski"],"prob":1},"fields":{},"normalizations":{}},{"classId":"e_1","part":"s5s1p1","offsets":[{"start":1532,"text":"RRM2"}],"confidence":{"state":"","who":["user:abojchevski"],"prob":1},"fields":{},"normalizations":{}},{"classId":"e_1","part":"s5s1p1","offsets":[{"start":1538,"text":"ODC1"}],"confidence":{"state":"","who":["user:abojchevski"],"prob":1},"fields":{},"normalizations":{}},{"classId":"e_1","part":"s5s1p1","offsets":[{"start":1544,"text":"ID2"}],"confidence":{"state":"","who":["user:abojchevski"],"prob":1},"fields":{},"normalizations":{}},{"classId":"e_1","part":"s5s1p1","offsets":[{"start":1549,"text":"TPO"}],"confidence":{"state":"","who":["user:abojchevski"],"prob":1},"fields":{},"normalizations":{}},{"classId":"e_1","part":"s5s1p1","offsets":[{"start":1557,"text":"ACP1"}],"confidence":{"state":"","who":["user:abojchevski"],"prob":1},"fields":{},"normalizations":{}},{"classId":"e_1","part":"s5s1p1","offsets":[{"start":1639,"text":"ABCG5"}],"confidence":{"state":"","who":["user:abojchevski"],"prob":1},"fields":{},"normalizations":{}},{"classId":"e_1","part":"s5s1p1","offsets":[{"start":1649,"text":"ABCG8"}],"confidence":{"state":"","who":["user:abojchevski"],"prob":1},"fields":{},"normalizations":{}},{"classId":"e_3","part":"s5s1f1p1","offsets":[{"start":20,"text":"rat"}],"confidence":{"state":"","who":["user:abojchevski"],"prob":1},"fields":{},"normalizations":{}},{"classId":"e_1","part":"s5s1f1p1","offsets":[{"start":24,"text":"Abcg5"}],"confidence":{"state":"","who":["user:abojchevski"],"prob":1},"fields":{},"normalizations":{}},{"classId":"e_1","part":"s5s1f1p1","offsets":[{"start":34,"text":"Abcg8"}],"confidence":{"state":"","who":["user:abojchevski"],"prob":1},"fields":{},"normalizations":{}},{"classId":"e_1","part":"s5s1f1p1","offsets":[{"start":187,"text":"Abcg5"}],"confidence":{"state":"","who":["user:abojchevski"],"prob":1},"fields":{},"normalizations":{}},{"classId":"e_1","part":"s5s1f1p1","offsets":[{"start":197,"text":"Abcg8"}],"confidence":{"state":"","who":["user:abojchevski"],"prob":1},"fields":{},"normalizations":{}},{"classId":"e_1","part":"s5s1f1p1","offsets":[{"start":317,"text":"Abcg5"}],"confidence":{"state":"","who":["user:abojchevski"],"prob":1},"fields":{},"normalizations":{}},{"classId":"e_1","part":"s5s1f1p1","offsets":[{"start":327,"text":"Abcg8"}],"confidence":{"state":"","who":["user:abojchevski"],"prob":1},"fields":{},"normalizations":{}},{"classId":"e_1","part":"s5s1f1p1","offsets":[{"start":381,"text":"Abcg5"}],"confidence":{"state":"","who":["user:abojchevski"],"prob":1},"fields":{},"normalizations":{}},{"classId":"e_1","part":"s5s1f1p1","offsets":[{"start":391,"text":"Abcg8"}],"confidence":{"state":"","who":["user:abojchevski"],"prob":1},"fields":{},"normalizations":{}},{"classId":"e_1","part":"s5s1f1p1","offsets":[{"start":516,"text":"Abcg5"}],"confidence":{"state":"","who":["user:abojchevski"],"prob":1},"fields":{},"normalizations":{}},{"classId":"e_1","part":"s5s1f1p1","offsets":[{"start":526,"text":"Abcg8"}],"confidence":{"state":"","who":["user:abojchevski"],"prob":1},"fields":{},"normalizations":{}},{"classId":"e_3","part":"s5s1f2p1","offsets":[{"start":104,"text":"rat"}],"confidence":{"state":"","who":["user:abojchevski"],"prob":1},"fields":{},"normalizations":{}},{"classId":"e_1","part":"s5s1f2p1","offsets":[{"start":108,"text":"Abcg5"}],"confidence":{"state":"","who":["user:abojchevski"],"prob":1},"fields":{},"normalizations":{}},{"classId":"e_1","part":"s5s1f2p1","offsets":[{"start":128,"text":"Abcg8"}],"confidence":{"state":"","who":["user:abojchevski"],"prob":1},"fields":{},"normalizations":{}},{"classId":"e_3","part":"s5s1f2p1","offsets":[{"start":221,"text":"rat"}],"confidence":{"state":"","who":["user:abojchevski"],"prob":1},"fields":{},"normalizations":{}},{"classId":"e_1","part":"s5s1f2p1","offsets":[{"start":274,"text":"Abcg5"}],"confidence":{"state":"","who":["user:abojchevski"],"prob":1},"fields":{},"normalizations":{}},{"classId":"e_1","part":"s5s1f2p1","offsets":[{"start":284,"text":"Abcg8"}],"confidence":{"state":"","who":["user:abojchevski"],"prob":1},"fields":{},"normalizations":{}},{"classId":"e_3","part":"s5s2h1","offsets":[{"start":23,"text":"rat"}],"confidence":{"state":"","who":["user:abojchevski"],"prob":1},"fields":{},"normalizations":{}},{"classId":"e_1","part":"s5s2h1","offsets":[{"start":27,"text":"Abcg5"}],"confidence":{"state":"","who":["user:abojchevski"],"prob":1},"fields":{},"normalizations":{}},{"classId":"e_1","part":"s5s2h1","offsets":[{"start":37,"text":"Abcg8"}],"confidence":{"state":"","who":["user:abojchevski"],"prob":1},"fields":{},"normalizations":{}},{"classId":"e_1","part":"s5s2p1","offsets":[{"start":4,"text":"Abcg5"}],"confidence":{"state":"","who":["user:abojchevski"],"prob":1},"fields":{},"normalizations":{}},{"classId":"e_1","part":"s5s2p1","offsets":[{"start":14,"text":"Abcg8"}],"confidence":{"state":"","who":["user:abojchevski"],"prob":1},"fields":{},"normalizations":{}},{"classId":"e_1","part":"s5s2p1","offsets":[{"start":235,"text":"Abcg5"}],"confidence":{"state":"","who":["user:abojchevski"],"prob":1},"fields":{},"normalizations":{}},{"classId":"e_1","part":"s5s2p1","offsets":[{"start":260,"text":"Abcg8"}],"confidence":{"state":"","who":["user:abojchevski"],"prob":1},"fields":{},"normalizations":{}},{"classId":"e_3","part":"s5s2p1","offsets":[{"start":538,"text":"rat"}],"confidence":{"state":"","who":["user:abojchevski"],"prob":1},"fields":{},"normalizations":{}},{"classId":"e_1","part":"s5s2p1","offsets":[{"start":542,"text":"Abcg5"}],"confidence":{"state":"","who":["user:abojchevski"],"prob":1},"fields":{},"normalizations":{}},{"classId":"e_1","part":"s5s2p1","offsets":[{"start":552,"text":"Abcg8"}],"confidence":{"state":"","who":["user:abojchevski"],"prob":1},"fields":{},"normalizations":{}},{"classId":"e_3","part":"s5s2f1p1","offsets":[{"start":23,"text":"rat"}],"confidence":{"state":"","who":["user:abojchevski"],"prob":1},"fields":{},"normalizations":{}},{"classId":"e_1","part":"s5s2f1p1","offsets":[{"start":27,"text":"Abcg5"}],"confidence":{"state":"","who":["user:abojchevski"],"prob":1},"fields":{},"normalizations":{}},{"classId":"e_1","part":"s5s2f1p1","offsets":[{"start":37,"text":"Abcg8"}],"confidence":{"state":"","who":["user:abojchevski"],"prob":1},"fields":{},"normalizations":{}},{"classId":"e_3","part":"s5s2f1p1","offsets":[{"start":110,"text":"rat"}],"confidence":{"state":"","who":["user:abojchevski"],"prob":1},"fields":{},"normalizations":{}},{"classId":"e_1","part":"s5s2f1p1","offsets":[{"start":176,"text":"Abcg5"}],"confidence":{"state":"","who":["user:abojchevski"],"prob":1},"fields":{},"normalizations":{}},{"classId":"e_1","part":"s5s2f1p1","offsets":[{"start":198,"text":"Abcg8"}],"confidence":{"state":"","who":["user:abojchevski"],"prob":1},"fields":{},"normalizations":{}},{"classId":"e_1","part":"s5s2f1p1","offsets":[{"start":343,"text":"Abcg5"}],"confidence":{"state":"","who":["user:abojchevski"],"prob":1},"fields":{},"normalizations":{}},{"classId":"e_1","part":"s5s2f1p1","offsets":[{"start":353,"text":"Abcg8"}],"confidence":{"state":"","who":["user:abojchevski"],"prob":1},"fields":{},"normalizations":{}},{"classId":"e_1","part":"s5s2p2","offsets":[{"start":144,"text":"Abcg8"}],"confidence":{"state":"","who":["user:abojchevski"],"prob":1},"fields":{},"normalizations":{}},{"classId":"e_1","part":"s5s2p2","offsets":[{"start":323,"text":"Abcg8"}],"confidence":{"state":"","who":["user:abojchevski"],"prob":1},"fields":{},"normalizations":{}},{"classId":"e_3","part":"s5s2p2","offsets":[{"start":329,"text":"rat"}],"confidence":{"state":"","who":["user:abojchevski"],"prob":1},"fields":{},"normalizations":{}},{"classId":"e_3","part":"s5s2p2","offsets":[{"start":816,"text":"rats"}],"confidence":{"state":"","who":["user:abojchevski"],"prob":1},"fields":{},"normalizations":{}},{"classId":"e_1","part":"s5s2p2","offsets":[{"start":1137,"text":"sterolin-2"}],"confidence":{"state":"","who":["user:abojchevski"],"prob":1},"fields":{},"normalizations":{}},{"classId":"e_3","part":"s5s2p2","offsets":[{"start":1178,"text":"mouse"}],"confidence":{"state":"","who":["user:abojchevski"],"prob":1},"fields":{},"normalizations":{}},{"classId":"e_3","part":"s5s2p2","offsets":[{"start":1188,"text":"human"}],"confidence":{"state":"","who":["user:abojchevski"],"prob":1},"fields":{},"normalizations":{}},{"classId":"e_3","part":"s5s2p2","offsets":[{"start":1288,"text":"rat"}],"confidence":{"state":"","who":["user:abojchevski"],"prob":1},"fields":{},"normalizations":{}},{"classId":"e_3","part":"s5s2p2","offsets":[{"start":1316,"text":"mouse"}],"confidence":{"state":"","who":["user:abojchevski"],"prob":1},"fields":{},"normalizations":{}},{"classId":"e_3","part":"s5s2p2","offsets":[{"start":1326,"text":"human"}],"confidence":{"state":"","who":["user:abojchevski"],"prob":1},"fields":{},"normalizations":{}},{"classId":"e_1","part":"s5s2p2","offsets":[{"start":1332,"text":"Abcg8"}],"confidence":{"state":"","who":["user:abojchevski"],"prob":1},"fields":{},"normalizations":{}},{"classId":"e_3","part":"s5s2p2","offsets":[{"start":1519,"text":"rat"}],"confidence":{"state":"","who":["user:abojchevski"],"prob":1},"fields":{},"normalizations":{}},{"classId":"e_1","part":"s5s2p2","offsets":[{"start":1555,"text":"Abcg8"}],"confidence":{"state":"","who":["user:abojchevski"],"prob":1},"fields":{},"normalizations":{}},{"classId":"e_3","part":"s5s2p2","offsets":[{"start":1584,"text":"rat"}],"confidence":{"state":"","who":["user:abojchevski"],"prob":1},"fields":{},"normalizations":{}},{"classId":"e_1","part":"s5s2f2p1","offsets":[{"start":24,"text":"Abcg8"}],"confidence":{"state":"","who":["user:abojchevski"],"prob":1},"fields":{},"normalizations":{}},{"classId":"e_3","part":"s5s2f2p1","offsets":[{"start":65,"text":"rats"}],"confidence":{"state":"","who":["user:abojchevski"],"prob":1},"fields":{},"normalizations":{}},{"classId":"e_1","part":"s5s2f2p1","offsets":[{"start":119,"text":"Abcg8"}],"confidence":{"state":"","who":["user:abojchevski"],"prob":1},"fields":{},"normalizations":{}},{"classId":"e_3","part":"s5s2f2p1","offsets":[{"start":226,"text":"rat"}],"confidence":{"state":"","who":["user:abojchevski"],"prob":1},"fields":{},"normalizations":{}},{"classId":"e_3","part":"s5s2f2p1","offsets":[{"start":464,"text":"rats"}],"confidence":{"state":"","who":["user:abojchevski"],"prob":1},"fields":{},"normalizations":{}},{"classId":"e_1","part":"s5s2f2p1","offsets":[{"start":793,"text":"Abcg8"}],"confidence":{"state":"","who":["user:abojchevski"],"prob":1},"fields":{},"normalizations":{}},{"classId":"e_3","part":"s5s3h1","offsets":[{"start":13,"text":"rats"}],"confidence":{"state":"","who":["user:abojchevski"],"prob":1},"fields":{},"normalizations":{}},{"classId":"e_1","part":"s5s3h1","offsets":[{"start":64,"text":"Abcg5"}],"confidence":{"state":"","who":["user:abojchevski"],"prob":1},"fields":{},"normalizations":{}},{"classId":"e_3","part":"s5s3p1","offsets":[{"start":84,"text":"rats"}],"confidence":{"state":"","who":["user:abojchevski"],"prob":1},"fields":{},"normalizations":{}},{"classId":"e_3","part":"s5s3p1","offsets":[{"start":365,"text":"rats"}],"confidence":{"state":"","who":["user:abojchevski"],"prob":1},"fields":{},"normalizations":{}},{"classId":"e_3","part":"s5s3p1","offsets":[{"start":654,"text":"rat"}],"confidence":{"state":"","who":["user:abojchevski"],"prob":1},"fields":{},"normalizations":{}},{"classId":"e_3","part":"s5s3f1p1","offsets":[{"start":51,"text":"rats"}],"confidence":{"state":"","who":["user:abojchevski"],"prob":1},"fields":{},"normalizations":{}},{"classId":"e_1","part":"s5s3p2","offsets":[{"start":119,"text":"Abcg5"}],"confidence":{"state":"","who":["user:abojchevski"],"prob":1},"fields":{},"normalizations":{}},{"classId":"e_1","part":"s5s3p2","offsets":[{"start":129,"text":"Abcg8"}],"confidence":{"state":"","who":["user:abojchevski"],"prob":1},"fields":{},"normalizations":{}},{"classId":"e_3","part":"s5s3p2","offsets":[{"start":193,"text":"rats"}],"confidence":{"state":"","who":["user:abojchevski"],"prob":1},"fields":{},"normalizations":{}},{"classId":"e_1","part":"s5s3p2","offsets":[{"start":325,"text":"Abcg5"}],"confidence":{"state":"","who":["user:abojchevski"],"prob":1},"fields":{},"normalizations":{}},{"classId":"e_1","part":"s5s3p2","offsets":[{"start":361,"text":"Abcg8"}],"confidence":{"state":"","who":["user:abojchevski"],"prob":1},"fields":{},"normalizations":{}},{"classId":"e_2","part":"s5s3p2","offsets":[{"start":420,"text":"G1754T"}],"confidence":{"state":"","who":["user:abojchevski"],"prob":1},"fields":{},"normalizations":{}},{"classId":"e_2","part":"s5s3p2","offsets":[{"start":456,"text":"cysteine substitution for glycine at amino acid 583"}],"confidence":{"state":"","who":["user:abojchevski"],"prob":1},"fields":{},"normalizations":{}},{"classId":"e_2","part":"s5s3p2","offsets":[{"start":509,"text":"Gly583Cys"}],"confidence":{"state":"","who":["user:abojchevski"],"prob":1},"fields":{},"normalizations":{}},{"classId":"e_1","part":"s5s3p2","offsets":[{"start":523,"text":"sterolin-1"}],"confidence":{"state":"","who":["user:abojchevski"],"prob":1},"fields":{},"normalizations":{}},{"classId":"e_3","part":"s5s3p2","offsets":[{"start":616,"text":"rats"}],"confidence":{"state":"","who":["user:abojchevski"],"prob":1},"fields":{},"normalizations":{}},{"classId":"e_1","part":"s5s3p2","offsets":[{"start":993,"text":"Abcg8"}],"confidence":{"state":"","who":["user:abojchevski"],"prob":1},"fields":{},"normalizations":{}},{"classId":"e_2","part":"s5s3f2p1","offsets":[{"start":17,"text":"G1754T"}],"confidence":{"state":"","who":["user:abojchevski"],"prob":1},"fields":{},"normalizations":{}},{"classId":"e_2","part":"s5s3f2p1","offsets":[{"start":25,"text":"Gly583Cys"}],"confidence":{"state":"","who":["user:abojchevski"],"prob":1},"fields":{},"normalizations":{}},{"classId":"e_3","part":"s5s3f2p1","offsets":[{"start":67,"text":"rats"}],"confidence":{"state":"","who":["user:abojchevski"],"prob":1},"fields":{},"normalizations":{}},{"classId":"e_3","part":"s5s3f2p1","offsets":[{"start":162,"text":"rats"}],"confidence":{"state":"","who":["user:abojchevski"],"prob":1},"fields":{},"normalizations":{}},{"classId":"e_3","part":"s5s3f2p1","offsets":[{"start":218,"text":"rats"}],"confidence":{"state":"","who":["user:abojchevski"],"prob":1},"fields":{},"normalizations":{}},{"classId":"e_1","part":"s5s3f2p1","offsets":[{"start":264,"text":"Abcg5"}],"confidence":{"state":"","who":["user:abojchevski"],"prob":1},"fields":{},"normalizations":{}},{"classId":"e_2","part":"s5s3f2p1","offsets":[{"start":292,"text":"G1754T"}],"confidence":{"state":"","who":["user:abojchevski"],"prob":1},"fields":{},"normalizations":{}},{"classId":"e_2","part":"s5s3f2p1","offsets":[{"start":300,"text":"Gly583Cys"}],"confidence":{"state":"","who":["user:abojchevski"],"prob":1},"fields":{},"normalizations":{}},{"classId":"e_3","part":"s5s3f2p1","offsets":[{"start":344,"text":"rats"}],"confidence":{"state":"","who":["user:abojchevski"],"prob":1},"fields":{},"normalizations":{}},{"classId":"e_1","part":"s5s3f2p1","offsets":[{"start":421,"text":"Hae III"}],"confidence":{"state":"","who":["user:abojchevski"],"prob":1},"fields":{},"normalizations":{}},{"classId":"e_3","part":"s5s3f2p1","offsets":[{"start":516,"text":"rat"}],"confidence":{"state":"","who":["user:abojchevski"],"prob":1},"fields":{},"normalizations":{}},{"classId":"e_1","part":"s5s3f2p1","offsets":[{"start":661,"text":"Hae III"}],"confidence":{"state":"","who":["user:abojchevski"],"prob":1},"fields":{},"normalizations":{}},{"classId":"e_1","part":"s5s3f2p1","offsets":[{"start":847,"text":"Hae III"}],"confidence":{"state":"","who":["user:abojchevski"],"prob":1},"fields":{},"normalizations":{}},{"classId":"e_3","part":"s5s3f2p1","offsets":[{"start":1019,"text":"rat"}],"confidence":{"state":"","who":["user:abojchevski"],"prob":1},"fields":{},"normalizations":{}},{"classId":"e_1","part":"s5s3f2p1","offsets":[{"start":1104,"text":"sterolin-1"}],"confidence":{"state":"","who":["user:abojchevski"],"prob":1},"fields":{},"normalizations":{}},{"classId":"e_3","part":"s5s3f2p1","offsets":[{"start":1120,"text":"human"}],"confidence":{"state":"","who":["user:abojchevski"],"prob":1},"fields":{},"normalizations":{}},{"classId":"e_3","part":"s5s3f2p1","offsets":[{"start":1127,"text":"mouse"}],"confidence":{"state":"","who":["user:abojchevski"],"prob":1},"fields":{},"normalizations":{}},{"classId":"e_3","part":"s5s3f2p1","offsets":[{"start":1134,"text":"rat"}],"confidence":{"state":"","who":["user:abojchevski"],"prob":1},"fields":{},"normalizations":{}},{"classId":"e_2","part":"s5s3f2p1","offsets":[{"start":1187,"text":"Gly583Cys"}],"confidence":{"state":"","who":["user:abojchevski"],"prob":1},"fields":{},"normalizations":{}},{"classId":"e_3","part":"s5s3f3p1","offsets":[{"start":62,"text":"rat"}],"confidence":{"state":"","who":["user:abojchevski"],"prob":1},"fields":{},"normalizations":{}},{"classId":"e_2","part":"s5s3p3","offsets":[{"start":15,"text":"G1754T"}],"confidence":{"state":"","who":["user:abojchevski"],"prob":1},"fields":{},"normalizations":{}},{"classId":"e_2","part":"s5s3p3","offsets":[{"start":23,"text":"Gly583Cys"}],"confidence":{"state":"","who":["user:abojchevski"],"prob":1},"fields":{},"normalizations":{}},{"classId":"e_1","part":"s5s3p3","offsets":[{"start":59,"text":"Abcg5"}],"confidence":{"state":"","who":["user:abojchevski"],"prob":1},"fields":{},"normalizations":{}},{"classId":"e_1","part":"s5s3p3","offsets":[{"start":106,"text":"Hae III"}],"confidence":{"state":"","who":["user:abojchevski"],"prob":1},"fields":{},"normalizations":{}},{"classId":"e_3","part":"s5s3p3","offsets":[{"start":282,"text":"rat"}],"confidence":{"state":"","who":["user:abojchevski"],"prob":1},"fields":{},"normalizations":{}},{"classId":"e_1","part":"s5s3p3","offsets":[{"start":397,"text":"sterolin-1"}],"confidence":{"state":"","who":["user:abojchevski"],"prob":1},"fields":{},"normalizations":{}},{"classId":"e_1","part":"s5s3p3","offsets":[{"start":567,"text":"sterolin-1"}],"confidence":{"state":"","who":["user:abojchevski"],"prob":1},"fields":{},"normalizations":{}},{"classId":"e_3","part":"s5s3p3","offsets":[{"start":602,"text":"rat"}],"confidence":{"state":"","who":["user:abojchevski"],"prob":1},"fields":{},"normalizations":{}},{"classId":"e_1","part":"s5s3p3","offsets":[{"start":606,"text":"sterolin-1"}],"confidence":{"state":"","who":["user:abojchevski"],"prob":1},"fields":{},"normalizations":{}},{"classId":"e_1","part":"s5s3p4","offsets":[{"start":3,"text":"Abcg8"}],"confidence":{"state":"","who":["user:abojchevski"],"prob":1},"fields":{},"normalizations":{}},{"classId":"e_2","part":"s5s3p4","offsets":[{"start":135,"text":"2099_2100ins143nt"}],"confidence":{"state":"","who":["user:abojchevski"],"prob":1},"fields":{},"normalizations":{}},{"classId":"e_3","part":"s5s3p4","offsets":[{"start":178,"text":"rats"}],"confidence":{"state":"","who":["user:abojchevski"],"prob":1},"fields":{},"normalizations":{}},{"classId":"e_3","part":"s5s3f4p1","offsets":[{"start":29,"text":"rat"}],"confidence":{"state":"","who":["user:abojchevski"],"prob":1},"fields":{},"normalizations":{}},{"classId":"e_1","part":"s5s3f4p1","offsets":[{"start":33,"text":"Abcg8"}],"confidence":{"state":"","who":["user:abojchevski"],"prob":1},"fields":{},"normalizations":{}},{"classId":"e_1","part":"s5s3f4p1","offsets":[{"start":139,"text":"Abcg8"}],"confidence":{"state":"","who":["user:abojchevski"],"prob":1},"fields":{},"normalizations":{}},{"classId":"e_3","part":"s5s3f4p1","offsets":[{"start":362,"text":"rat"}],"confidence":{"state":"","who":["user:abojchevski"],"prob":1},"fields":{},"normalizations":{}},{"classId":"e_2","part":"s5s3f4p1","offsets":[{"start":449,"text":"143 bp insertion at position 2099"}],"confidence":{"state":"","who":["user:abojchevski"],"prob":1},"fields":{},"normalizations":{}},{"classId":"e_1","part":"s5s3f4p1","offsets":[{"start":500,"text":"Abcg8"}],"confidence":{"state":"","who":["user:abojchevski"],"prob":1},"fields":{},"normalizations":{}},{"classId":"e_1","part":"s5s4h1","offsets":[{"start":28,"text":"Abcg5"}],"confidence":{"state":"","who":["user:abojchevski"],"prob":1},"fields":{},"normalizations":{}},{"classId":"e_1","part":"s5s4h1","offsets":[{"start":38,"text":"Abcg8"}],"confidence":{"state":"","who":["user:abojchevski"],"prob":1},"fields":{},"normalizations":{}},{"classId":"e_3","part":"s5s4h1","offsets":[{"start":60,"text":"rat"}],"confidence":{"state":"","who":["user:abojchevski"],"prob":1},"fields":{},"normalizations":{}},{"classId":"e_1","part":"s5s4p1","offsets":[{"start":21,"text":"Abcg5"}],"confidence":{"state":"","who":["user:abojchevski"],"prob":1},"fields":{},"normalizations":{}},{"classId":"e_1","part":"s5s4p1","offsets":[{"start":31,"text":"Abcg8"}],"confidence":{"state":"","who":["user:abojchevski"],"prob":1},"fields":{},"normalizations":{}},{"classId":"e_3","part":"s5s4p1","offsets":[{"start":46,"text":"rat"}],"confidence":{"state":"","who":["user:abojchevski"],"prob":1},"fields":{},"normalizations":{}},{"classId":"e_1","part":"s5s4p1","offsets":[{"start":381,"text":"Abcg5"}],"confidence":{"state":"","who":["user:abojchevski"],"prob":1},"fields":{},"normalizations":{}},{"classId":"e_1","part":"s5s4p1","offsets":[{"start":391,"text":"Abcg8"}],"confidence":{"state":"","who":["user:abojchevski"],"prob":1},"fields":{},"normalizations":{}},{"classId":"e_1","part":"s5s4p1","offsets":[{"start":499,"text":"Cyp7 a1"}],"confidence":{"state":"","who":["user:abojchevski"],"prob":1},"fields":{},"normalizations":{}},{"classId":"e_1","part":"s5s4p1","offsets":[{"start":535,"text":"HMG CoA reductase"}],"confidence":{"state":"","who":["user:abojchevski"],"prob":1},"fields":{},"normalizations":{}},{"classId":"e_1","part":"s5s4p1","offsets":[{"start":554,"text":"SR-B1"}],"confidence":{"state":"","who":["user:abojchevski"],"prob":1},"fields":{},"normalizations":{}},{"classId":"e_1","part":"s5s4p1","offsets":[{"start":565,"text":"SREBP-2"}],"confidence":{"state":"","who":["user:abojchevski"],"prob":1},"fields":{},"normalizations":{}},{"classId":"e_1","part":"s5s4p1","offsets":[{"start":648,"text":"LDL-R"}],"confidence":{"state":"","who":["user:abojchevski"],"prob":1},"fields":{},"normalizations":{}},{"classId":"e_3","part":"s5s4f1p1","offsets":[{"start":41,"text":"rat"}],"confidence":{"state":"","who":["user:abojchevski"],"prob":1},"fields":{},"normalizations":{}},{"classId":"e_3","part":"s5s4f1p1","offsets":[{"start":184,"text":"rats"}],"confidence":{"state":"","who":["user:abojchevski"],"prob":1},"fields":{},"normalizations":{}},{"classId":"e_1","part":"s5s4f1p1","offsets":[{"start":295,"text":"Srebp-2"}],"confidence":{"state":"","who":["user:abojchevski"],"prob":1},"fields":{},"normalizations":{}},{"classId":"e_1","part":"s5s4f1p1","offsets":[{"start":339,"text":"SR-B1"}],"confidence":{"state":"","who":["user:abojchevski"],"prob":1},"fields":{},"normalizations":{}},{"classId":"e_1","part":"s5s4f1p1","offsets":[{"start":348,"text":"Cyp7a1"}],"confidence":{"state":"","who":["user:abojchevski"],"prob":1},"fields":{},"normalizations":{}},{"classId":"e_1","part":"s5s4f1p1","offsets":[{"start":427,"text":"LDL-R"}],"confidence":{"state":"","who":["user:abojchevski"],"prob":1},"fields":{},"normalizations":{}},{"classId":"e_3","part":"s5s4f1p1","offsets":[{"start":465,"text":"rats"}],"confidence":{"state":"","who":["user:abojchevski"],"prob":1},"fields":{},"normalizations":{}},{"classId":"e_1","part":"s5s4p2","offsets":[{"start":109,"text":"sterolin-1"}],"confidence":{"state":"","who":["user:abojchevski"],"prob":1},"fields":{},"normalizations":{}},{"classId":"e_3","part":"s5s4p2","offsets":[{"start":222,"text":"rats"}],"confidence":{"state":"","who":["user:abojchevski"],"prob":1},"fields":{},"normalizations":{}},{"classId":"e_1","part":"s5s4p2","offsets":[{"start":760,"text":"Abcg5"}],"confidence":{"state":"","who":["user:abojchevski"],"prob":1},"fields":{},"normalizations":{}},{"classId":"e_3","part":"s5s4p2","offsets":[{"start":959,"text":"rabbit"}],"confidence":{"state":"","who":["user:abojchevski"],"prob":1},"fields":{},"normalizations":{}},{"classId":"e_3","part":"s5s4p2","offsets":[{"start":987,"text":"rat"}],"confidence":{"state":"","who":["user:abojchevski"],"prob":1},"fields":{},"normalizations":{}},{"classId":"e_3","part":"s5s4p2","offsets":[{"start":1121,"text":"rat"}],"confidence":{"state":"","who":["user:abojchevski"],"prob":1},"fields":{},"normalizations":{}},{"classId":"e_1","part":"s5s4p2","offsets":[{"start":1261,"text":"Abcg5"}],"confidence":{"state":"","who":["user:abojchevski"],"prob":1},"fields":{},"normalizations":{}},{"classId":"e_1","part":"s5s4f2p1","offsets":[{"start":22,"text":"Abcg5"}],"confidence":{"state":"","who":["user:abojchevski"],"prob":1},"fields":{},"normalizations":{}},{"classId":"e_3","part":"s5s4f2p1","offsets":[{"start":109,"text":"rat"}],"confidence":{"state":"","who":["user:abojchevski"],"prob":1},"fields":{},"normalizations":{}},{"classId":"e_1","part":"s5s4f2p1","offsets":[{"start":190,"text":"Abcg5"}],"confidence":{"state":"","who":["user:abojchevski"],"prob":1},"fields":{},"normalizations":{}},{"classId":"e_1","part":"s5s4f2p1","offsets":[{"start":423,"text":"sterolin-1"}],"confidence":{"state":"","who":["user:abojchevski"],"prob":1},"fields":{},"normalizations":{}},{"classId":"e_1","part":"s5s4f2p1","offsets":[{"start":714,"text":"sterolin-1"}],"confidence":{"state":"","who":["user:abojchevski"],"prob":1},"fields":{},"normalizations":{}},{"classId":"e_3","part":"s5s4f2p1","offsets":[{"start":740,"text":"rat"}],"confidence":{"state":"","who":["user:abojchevski"],"prob":1},"fields":{},"normalizations":{}},{"classId":"e_3","part":"s5s4f2p1","offsets":[{"start":785,"text":"rat"}],"confidence":{"state":"","who":["user:abojchevski"],"prob":1},"fields":{},"normalizations":{}},{"classId":"e_1","part":"s5s4f2p1","offsets":[{"start":812,"text":"sterolin-2"}],"confidence":{"state":"","who":["user:abojchevski"],"prob":1},"fields":{},"normalizations":{}},{"classId":"e_3","part":"s6p1","offsets":[{"start":201,"text":"human"}],"confidence":{"state":"","who":["user:abojchevski"],"prob":1},"fields":{},"normalizations":{}},{"classId":"e_3","part":"s6p1","offsets":[{"start":231,"text":"humans"}],"confidence":{"state":"","who":["user:abojchevski"],"prob":1},"fields":{},"normalizations":{}},{"classId":"e_3","part":"s6p1","offsets":[{"start":538,"text":"human"}],"confidence":{"state":"","who":["user:abojchevski"],"prob":1},"fields":{},"normalizations":{}},{"classId":"e_1","part":"s6p1","offsets":[{"start":945,"text":"ABCG5"}],"confidence":{"state":"","who":["user:abojchevski"],"prob":1},"fields":{},"normalizations":{}},{"classId":"e_1","part":"s6p1","offsets":[{"start":955,"text":"ABCG8"}],"confidence":{"state":"","who":["user:abojchevski"],"prob":1},"fields":{},"normalizations":{}},{"classId":"e_3","part":"s6p1","offsets":[{"start":1029,"text":"human"}],"confidence":{"state":"","who":["user:abojchevski"],"prob":1},"fields":{},"normalizations":{}},{"classId":"e_1","part":"s6p1","offsets":[{"start":1088,"text":"sterolin 1"}],"confidence":{"state":"","who":["user:abojchevski"],"prob":1},"fields":{},"normalizations":{}},{"classId":"e_1","part":"s6p1","offsets":[{"start":1103,"text":"sterolin 2"}],"confidence":{"state":"","who":["user:abojchevski"],"prob":1},"fields":{},"normalizations":{}},{"classId":"e_3","part":"s6p2","offsets":[{"start":87,"text":"human"}],"confidence":{"state":"","who":["user:abojchevski"],"prob":1},"fields":{},"normalizations":{}},{"classId":"e_3","part":"s6p2","offsets":[{"start":158,"text":"rats"}],"confidence":{"state":"","who":["user:abojchevski"],"prob":1},"fields":{},"normalizations":{}},{"classId":"e_3","part":"s6p2","offsets":[{"start":205,"text":"rat"}],"confidence":{"state":"","who":["user:abojchevski"],"prob":1},"fields":{},"normalizations":{}},{"classId":"e_3","part":"s6p2","offsets":[{"start":245,"text":"rats"}],"confidence":{"state":"","who":["user:abojchevski"],"prob":1},"fields":{},"normalizations":{}},{"classId":"e_3","part":"s6p2","offsets":[{"start":262,"text":"rats"}],"confidence":{"state":"","who":["user:abojchevski"],"prob":1},"fields":{},"normalizations":{}},{"classId":"e_3","part":"s6p2","offsets":[{"start":528,"text":"rat"}],"confidence":{"state":"","who":["user:abojchevski"],"prob":1},"fields":{},"normalizations":{}},{"classId":"e_1","part":"s6p2","offsets":[{"start":567,"text":"Abcg5"}],"confidence":{"state":"","who":["user:abojchevski"],"prob":1},"fields":{},"normalizations":{}},{"classId":"e_1","part":"s6p2","offsets":[{"start":576,"text":"Abcg8"}],"confidence":{"state":"","who":["user:abojchevski"],"prob":1},"fields":{},"normalizations":{}},{"classId":"e_3","part":"s6p2","offsets":[{"start":670,"text":"rats"}],"confidence":{"state":"","who":["user:abojchevski"],"prob":1},"fields":{},"normalizations":{}},{"classId":"e_3","part":"s6p3","offsets":[{"start":24,"text":"rat"}],"confidence":{"state":"","who":["user:abojchevski"],"prob":1},"fields":{},"normalizations":{}},{"classId":"e_3","part":"s6p3","offsets":[{"start":103,"text":"rat"}],"confidence":{"state":"","who":["user:abojchevski"],"prob":1},"fields":{},"normalizations":{}},{"classId":"e_3","part":"s6p3","offsets":[{"start":156,"text":"mouse"}],"confidence":{"state":"","who":["user:abojchevski"],"prob":1},"fields":{},"normalizations":{}},{"classId":"e_3","part":"s6p3","offsets":[{"start":166,"text":"human"}],"confidence":{"state":"","who":["user:abojchevski"],"prob":1},"fields":{},"normalizations":{}},{"classId":"e_1","part":"s6p3","offsets":[{"start":187,"text":"Abcg5"}],"confidence":{"state":"","who":["user:abojchevski"],"prob":1},"fields":{},"normalizations":{}},{"classId":"e_1","part":"s6p3","offsets":[{"start":197,"text":"Abcg8"}],"confidence":{"state":"","who":["user:abojchevski"],"prob":1},"fields":{},"normalizations":{}},{"classId":"e_3","part":"s6p3","offsets":[{"start":360,"text":"rat"}],"confidence":{"state":"","who":["user:abojchevski"],"prob":1},"fields":{},"normalizations":{}},{"classId":"e_2","part":"s6p3","offsets":[{"start":558,"text":"G1754T"}],"confidence":{"state":"","who":["user:abojchevski"],"prob":1},"fields":{},"normalizations":{}},{"classId":"e_2","part":"s6p3","offsets":[{"start":622,"text":"Gly583Cys"}],"confidence":{"state":"","who":["user:abojchevski"],"prob":1},"fields":{},"normalizations":{}},{"classId":"e_1","part":"s6p3","offsets":[{"start":635,"text":"sterolin-1"}],"confidence":{"state":"","who":["user:abojchevski"],"prob":1},"fields":{},"normalizations":{}},{"classId":"e_1","part":"s6p3","offsets":[{"start":647,"text":"Abcg5"}],"confidence":{"state":"","who":["user:abojchevski"],"prob":1},"fields":{},"normalizations":{}},{"classId":"e_3","part":"s6p3","offsets":[{"start":685,"text":"rat"}],"confidence":{"state":"","who":["user:abojchevski"],"prob":1},"fields":{},"normalizations":{}},{"classId":"e_1","part":"s6p4","offsets":[{"start":47,"text":"Abcg5"}],"confidence":{"state":"","who":["user:abojchevski"],"prob":1},"fields":{},"normalizations":{}},{"classId":"e_1","part":"s6p4","offsets":[{"start":57,"text":"Abcg8"}],"confidence":{"state":"","who":["user:abojchevski"],"prob":1},"fields":{},"normalizations":{}},{"classId":"e_3","part":"s6p4","offsets":[{"start":76,"text":"rat"}],"confidence":{"state":"","who":["user:abojchevski"],"prob":1},"fields":{},"normalizations":{}},{"classId":"e_3","part":"s6p4","offsets":[{"start":203,"text":"rat"}],"confidence":{"state":"","who":["user:abojchevski"],"prob":1},"fields":{},"normalizations":{}},{"classId":"e_3","part":"s6p4","offsets":[{"start":288,"text":"rats"}],"confidence":{"state":"","who":["user:abojchevski"],"prob":1},"fields":{},"normalizations":{}},{"classId":"e_1","part":"s6p4","offsets":[{"start":341,"text":"sterolin-1"}],"confidence":{"state":"","who":["user:abojchevski"],"prob":1},"fields":{},"normalizations":{}},{"classId":"e_2","part":"s6p4","offsets":[{"start":371,"text":"Gly583Cys"}],"confidence":{"state":"","who":["user:abojchevski"],"prob":1},"fields":{},"normalizations":{}},{"classId":"e_1","part":"s6p4","offsets":[{"start":655,"text":"sterolin-1"}],"confidence":{"state":"","who":["user:abojchevski"],"prob":1},"fields":{},"normalizations":{}},{"classId":"e_1","part":"s6p4","offsets":[{"start":670,"text":"sterolin-2"}],"confidence":{"state":"","who":["user:abojchevski"],"prob":1},"fields":{},"normalizations":{}},{"classId":"e_1","part":"s6p4","offsets":[{"start":725,"text":"sterolin 1"}],"confidence":{"state":"","who":["user:abojchevski"],"prob":1},"fields":{},"normalizations":{}},{"classId":"e_1","part":"s6p4","offsets":[{"start":746,"text":"sterolin 2"}],"confidence":{"state":"","who":["user:abojchevski"],"prob":1},"fields":{},"normalizations":{}},{"classId":"e_1","part":"s6p4","offsets":[{"start":785,"text":"sterolin-1"}],"confidence":{"state":"","who":["user:abojchevski"],"prob":1},"fields":{},"normalizations":{}},{"classId":"e_1","part":"s6p4","offsets":[{"start":930,"text":"sterolin-1"}],"confidence":{"state":"","who":["user:abojchevski"],"prob":1},"fields":{},"normalizations":{}},{"classId":"e_2","part":"s6p4","offsets":[{"start":948,"text":"Gly583Cys"}],"confidence":{"state":"","who":["user:abojchevski"],"prob":1},"fields":{},"normalizations":{}},{"classId":"e_1","part":"s6p4","offsets":[{"start":1046,"text":"sterolin-2"}],"confidence":{"state":"","who":["user:abojchevski"],"prob":1},"fields":{},"normalizations":{}},{"classId":"e_3","part":"s6p4","offsets":[{"start":1165,"text":"rats"}],"confidence":{"state":"","who":["user:abojchevski"],"prob":1},"fields":{},"normalizations":{}},{"classId":"e_1","part":"s6p4","offsets":[{"start":1171,"text":"Abcg5"}],"confidence":{"state":"","who":["user:abojchevski"],"prob":1},"fields":{},"normalizations":{}},{"classId":"e_1","part":"s6p4","offsets":[{"start":1238,"text":"sterolin-1"}],"confidence":{"state":"","who":["user:abojchevski"],"prob":1},"fields":{},"normalizations":{}},{"classId":"e_1","part":"s6p4","offsets":[{"start":1253,"text":"sterolin-2"}],"confidence":{"state":"","who":["user:abojchevski"],"prob":1},"fields":{},"normalizations":{}},{"classId":"e_1","part":"s6p4","offsets":[{"start":1422,"text":"sterolin-1"}],"confidence":{"state":"","who":["user:abojchevski"],"prob":1},"fields":{},"normalizations":{}},{"classId":"e_3","part":"s6p4","offsets":[{"start":1545,"text":"rats"}],"confidence":{"state":"","who":["user:abojchevski"],"prob":1},"fields":{},"normalizations":{}},{"classId":"e_3","part":"s6p4","offsets":[{"start":1627,"text":"rat"}],"confidence":{"state":"","who":["user:abojchevski"],"prob":1},"fields":{},"normalizations":{}},{"classId":"e_1","part":"s6p4","offsets":[{"start":1631,"text":"sterolin-2"}],"confidence":{"state":"","who":["user:abojchevski"],"prob":1},"fields":{},"normalizations":{}},{"classId":"e_1","part":"s6f1p1","offsets":[{"start":33,"text":"Abcg5"}],"confidence":{"state":"","who":["user:abojchevski"],"prob":1},"fields":{},"normalizations":{}},{"classId":"e_3","part":"s6f1p1","offsets":[{"start":77,"text":"rat"}],"confidence":{"state":"","who":["user:abojchevski"],"prob":1},"fields":{},"normalizations":{}},{"classId":"e_3","part":"s6f1p1","offsets":[{"start":513,"text":"rat"}],"confidence":{"state":"","who":["user:abojchevski"],"prob":1},"fields":{},"normalizations":{}},{"classId":"e_3","part":"s6f1p1","offsets":[{"start":667,"text":"rat"}],"confidence":{"state":"","who":["user:abojchevski"],"prob":1},"fields":{},"normalizations":{}},{"classId":"e_2","part":"s6p5","offsets":[{"start":52,"text":"Gly583Cys"}],"confidence":{"state":"","who":["user:abojchevski"],"prob":1},"fields":{},"normalizations":{}},{"classId":"e_1","part":"s6p5","offsets":[{"start":485,"text":"Abcg8"}],"confidence":{"state":"","who":["user:abojchevski"],"prob":1},"fields":{},"normalizations":{}},{"classId":"e_1","part":"s6p5","offsets":[{"start":560,"text":"sterolin-1"}],"confidence":{"state":"","who":["user:abojchevski"],"prob":1},"fields":{},"normalizations":{}},{"classId":"e_2","part":"s6p5","offsets":[{"start":759,"text":"Gly583Cys"}],"confidence":{"state":"","who":["user:abojchevski"],"prob":1},"fields":{},"normalizations":{}},{"classId":"e_3","part":"s6p6","offsets":[{"start":103,"text":"rat"}],"confidence":{"state":"","who":["user:abojchevski"],"prob":1},"fields":{},"normalizations":{}},{"classId":"e_3","part":"s6p6","offsets":[{"start":280,"text":"rats"}],"confidence":{"state":"","who":["user:abojchevski"],"prob":1},"fields":{},"normalizations":{}},{"classId":"e_3","part":"s6p6","offsets":[{"start":330,"text":"rat"}],"confidence":{"state":"","who":["user:abojchevski"],"prob":1},"fields":{},"normalizations":{}},{"classId":"e_3","part":"s6p6","offsets":[{"start":524,"text":"rat"}],"confidence":{"state":"","who":["user:abojchevski"],"prob":1},"fields":{},"normalizations":{}},{"classId":"e_3","part":"s6p6","offsets":[{"start":532,"text":"rat"}],"confidence":{"state":"","who":["user:abojchevski"],"prob":1},"fields":{},"normalizations":{}},{"classId":"e_2","part":"s6p6","offsets":[{"start":618,"text":"Gly583Cys"}],"confidence":{"state":"","who":["user:abojchevski"],"prob":1},"fields":{},"normalizations":{}},{"classId":"e_3","part":"s6p6","offsets":[{"start":715,"text":"rat"}],"confidence":{"state":"","who":["user:abojchevski"],"prob":1},"fields":{},"normalizations":{}},{"classId":"e_3","part":"s6p6","offsets":[{"start":777,"text":"rat"}],"confidence":{"state":"","who":["user:abojchevski"],"prob":1},"fields":{},"normalizations":{}},{"classId":"e_3","part":"s6p7","offsets":[{"start":176,"text":"rats"}],"confidence":{"state":"","who":["user:abojchevski"],"prob":1},"fields":{},"normalizations":{}},{"classId":"e_3","part":"s6p7","offsets":[{"start":663,"text":"rats"}],"confidence":{"state":"","who":["user:abojchevski"],"prob":1},"fields":{},"normalizations":{}},{"classId":"e_3","part":"s6p7","offsets":[{"start":816,"text":"rats"}],"confidence":{"state":"","who":["user:abojchevski"],"prob":1},"fields":{},"normalizations":{}},{"classId":"e_2","part":"s6p7","offsets":[{"start":880,"text":"Gly583Cys"}],"confidence":{"state":"","who":["user:abojchevski"],"prob":1},"fields":{},"normalizations":{}},{"classId":"e_1","part":"s6p7","offsets":[{"start":911,"text":"sterolin-1"}],"confidence":{"state":"","who":["user:abojchevski"],"prob":1},"fields":{},"normalizations":{}},{"classId":"e_3","part":"s6p7","offsets":[{"start":931,"text":"rat"}],"confidence":{"state":"","who":["user:abojchevski"],"prob":1},"fields":{},"normalizations":{}},{"classId":"e_3","part":"s6p7","offsets":[{"start":1134,"text":"rats"}],"confidence":{"state":"","who":["user:abojchevski"],"prob":1},"fields":{},"normalizations":{}},{"classId":"e_3","part":"s6p7","offsets":[{"start":1219,"text":"rats"}],"confidence":{"state":"","who":["user:abojchevski"],"prob":1},"fields":{},"normalizations":{}},{"classId":"e_3","part":"s6p7","offsets":[{"start":1433,"text":"humans"}],"confidence":{"state":"","who":["user:abojchevski"],"prob":1},"fields":{},"normalizations":{}},{"classId":"e_2","part":"s6p8","offsets":[{"start":4,"text":"Gly583Cys"}],"confidence":{"state":"","who":["user:abojchevski"],"prob":1},"fields":{},"normalizations":{}},{"classId":"e_1","part":"s6p8","offsets":[{"start":26,"text":"Abcg5"}],"confidence":{"state":"","who":["user:abojchevski"],"prob":1},"fields":{},"normalizations":{}},{"classId":"e_3","part":"s6p8","offsets":[{"start":896,"text":"rat"}],"confidence":{"state":"","who":["user:abojchevski"],"prob":1},"fields":{},"normalizations":{}},{"classId":"e_3","part":"s6p8","offsets":[{"start":948,"text":"rat"}],"confidence":{"state":"","who":["user:abojchevski"],"prob":1},"fields":{},"normalizations":{}},{"classId":"e_3","part":"s6p8","offsets":[{"start":1094,"text":"rat"}],"confidence":{"state":"","who":["user:abojchevski"],"prob":1},"fields":{},"normalizations":{}},{"classId":"e_2","part":"s6p8","offsets":[{"start":1245,"text":"Gly583Cys"}],"confidence":{"state":"","who":["user:abojchevski"],"prob":1},"fields":{},"normalizations":{}},{"classId":"e_1","part":"s6p8","offsets":[{"start":1276,"text":"Abcg5"}],"confidence":{"state":"","who":["user:abojchevski"],"prob":1},"fields":{},"normalizations":{}},{"classId":"e_1","part":"s6p8","offsets":[{"start":1521,"text":"Abcg8"}],"confidence":{"state":"","who":["user:abojchevski"],"prob":1},"fields":{},"normalizations":{}},{"classId":"e_3","part":"s6p8","offsets":[{"start":1614,"text":"rat"}],"confidence":{"state":"","who":["user:abojchevski"],"prob":1},"fields":{},"normalizations":{}},{"classId":"e_3","part":"s6p8","offsets":[{"start":1712,"text":"rat"}],"confidence":{"state":"","who":["user:abojchevski"],"prob":1},"fields":{},"normalizations":{}},{"classId":"e_3","part":"s6p8","offsets":[{"start":1821,"text":"rat"}],"confidence":{"state":"","who":["user:abojchevski"],"prob":1},"fields":{},"normalizations":{}},{"classId":"e_1","part":"s6p8","offsets":[{"start":1852,"text":"KAT-1"}],"confidence":{"state":"","who":["user:abojchevski"],"prob":1},"fields":{},"normalizations":{}},{"classId":"e_1","part":"s6p8","offsets":[{"start":1859,"text":"kynurenine aminotransferase-1"}],"confidence":{"state":"","who":["user:abojchevski"],"prob":1},"fields":{},"normalizations":{}},{"classId":"e_1","part":"s6p8","offsets":[{"start":1891,"text":"Srebf-1"}],"confidence":{"state":"","who":["user:abojchevski"],"prob":1},"fields":{},"normalizations":{}},{"classId":"e_1","part":"s6p8","offsets":[{"start":1900,"text":"sterol regulatory element binding factor-1"}],"confidence":{"state":"","who":["user:abojchevski"],"prob":1},"fields":{},"normalizations":{}},{"classId":"e_1","part":"s6p8","offsets":[{"start":1948,"text":"CD36"}],"confidence":{"state":"","who":["user:abojchevski"],"prob":1},"fields":{},"normalizations":{}},{"classId":"e_1","part":"s6p8","offsets":[{"start":1954,"text":"fatty acid translocase"}],"confidence":{"state":"","who":["user:abojchevski"],"prob":1},"fields":{},"normalizations":{}},{"classId":"e_1","part":"s6p8","offsets":[{"start":2167,"text":"sterolin-1"}],"confidence":{"state":"","who":["user:abojchevski"],"prob":1},"fields":{},"normalizations":{}},{"classId":"e_2","part":"s6p8","offsets":[{"start":2567,"text":"Gly583Cys"}],"confidence":{"state":"","who":["user:abojchevski"],"prob":1},"fields":{},"normalizations":{}},{"classId":"e_1","part":"s6p8","offsets":[{"start":2591,"text":"Abcg5"}],"confidence":{"state":"","who":["user:abojchevski"],"prob":1},"fields":{},"normalizations":{}},{"classId":"e_3","part":"s6p8","offsets":[{"start":2618,"text":"rats"}],"confidence":{"state":"","who":["user:abojchevski"],"prob":1},"fields":{},"normalizations":{}},{"classId":"e_3","part":"s7p1","offsets":[{"start":6,"text":"rat"}],"confidence":{"state":"","who":["user:abojchevski"],"prob":1},"fields":{},"normalizations":{}},{"classId":"e_2","part":"s7p1","offsets":[{"start":132,"text":"Gly583Cys"}],"confidence":{"state":"","who":["user:abojchevski"],"prob":1},"fields":{},"normalizations":{}},{"classId":"e_1","part":"s7p1","offsets":[{"start":145,"text":"sterolin-1"}],"confidence":{"state":"","who":["user:abojchevski"],"prob":1},"fields":{},"normalizations":{}},{"classId":"e_1","part":"s7p1","offsets":[{"start":168,"text":"Abcg5"}],"confidence":{"state":"","who":["user:abojchevski"],"prob":1},"fields":{},"normalizations":{}},{"classId":"e_3","part":"s7p1","offsets":[{"start":207,"text":"rats"}],"confidence":{"state":"","who":["user:abojchevski"],"prob":1},"fields":{},"normalizations":{}},{"classId":"e_3","part":"s7p1","offsets":[{"start":292,"text":"rat"}],"confidence":{"state":"","who":["user:abojchevski"],"prob":1},"fields":{},"normalizations":{}},{"classId":"e_3","part":"s7p1","offsets":[{"start":302,"text":"rat"}],"confidence":{"state":"","who":["user:abojchevski"],"prob":1},"fields":{},"normalizations":{}},{"classId":"e_1","part":"s7p1","offsets":[{"start":332,"text":"Abcg5"}],"confidence":{"state":"","who":["user:abojchevski"],"prob":1},"fields":{},"normalizations":{}},{"classId":"e_1","part":"s7p1","offsets":[{"start":342,"text":"Abcg8"}],"confidence":{"state":"","who":["user:abojchevski"],"prob":1},"fields":{},"normalizations":{}},{"classId":"e_3","part":"s7p1","offsets":[{"start":357,"text":"rat"}],"confidence":{"state":"","who":["user:abojchevski"],"prob":1},"fields":{},"normalizations":{}},{"classId":"e_3","part":"s7p1","offsets":[{"start":406,"text":"mouse"}],"confidence":{"state":"","who":["user:abojchevski"],"prob":1},"fields":{},"normalizations":{}},{"classId":"e_3","part":"s7p1","offsets":[{"start":416,"text":"human"}],"confidence":{"state":"","who":["user:abojchevski"],"prob":1},"fields":{},"normalizations":{}}],"relations":[{"classId":"r_6","type":"linked","directed":false,"entities":["s2s1p1|347,352","s2s1p1|477,483"],"confidence":{"state":"","who":["user:abojchevski"],"prob":1}},{"classId":"r_6","type":"linked","directed":false,"entities":["s2s1p1|357,362","s2s1p1|477,483"],"confidence":{"state":"","who":["user:abojchevski"],"prob":1}},{"classId":"r_6","type":"linked","directed":false,"entities":["s2s1p1|373,383","s2s1p1|477,483"],"confidence":{"state":"","who":["user:abojchevski"],"prob":1}},{"classId":"r_6","type":"linked","directed":false,"entities":["s2s1p1|388,398","s2s1p1|477,483"],"confidence":{"state":"","who":["user:abojchevski"],"prob":1}},{"classId":"r_6","type":"linked","directed":false,"entities":["s2s2p1|36,41","s2s2p1|83,87"],"confidence":{"state":"","who":["user:abojchevski"],"prob":1}},{"classId":"r_6","type":"linked","directed":false,"entities":["s2s2p1|45,50","s2s2p1|83,87"],"confidence":{"state":"","who":["user:abojchevski"],"prob":1}},{"classId":"r_6","type":"linked","directed":false,"entities":["s2s2p1|239,242","s2s2p1|183,188"],"confidence":{"state":"","who":["user:abojchevski"],"prob":1}},{"classId":"r_6","type":"linked","directed":false,"entities":["s2s2p1|239,242","s2s2p1|193,198"],"confidence":{"state":"","who":["user:abojchevski"],"prob":1}},{"classId":"r_6","type":"linked","directed":false,"entities":["s2s3p1|5,8","s2s3p1|9,14"],"confidence":{"state":"","who":["user:abojchevski"],"prob":1}},{"classId":"r_6","type":"linked","directed":false,"entities":["s2s3p1|5,8","s2s3p1|19,24"],"confidence":{"state":"","who":["user:abojchevski"],"prob":1}},{"classId":"r_5","type":"linked","directed":false,"entities":["s2s3p1|383,421","s2s3p1|467,477"],"confidence":{"state":"","who":["user:abojchevski"],"prob":1}},{"classId":"r_5","type":"linked","directed":false,"entities":["s2s3p1|454,463","s2s3p1|467,477"],"confidence":{"state":"","who":["user:abojchevski"],"prob":1}},{"classId":"r_6","type":"linked","directed":false,"entities":["s2s3p1|467,477","s2s3p1|486,490"],"confidence":{"state":"","who":["user:abojchevski"],"prob":1}},{"classId":"r_6","type":"linked","directed":false,"entities":["s2s4p1|4,7","s2s4p1|73,78"],"confidence":{"state":"","who":["user:abojchevski"],"prob":1}},{"classId":"r_5","type":"linked","directed":false,"entities":["s2s4p1|80,89","s2s4p1|73,78"],"confidence":{"state":"","who":["user:abojchevski"],"prob":1}},{"classId":"r_6","type":"linked","directed":false,"entities":["s2s4p1|254,257","s2s4p1|284,289"],"confidence":{"state":"","who":["user:abojchevski"],"prob":1}},{"classId":"r_6","type":"linked","directed":false,"entities":["s2s4p1|254,257","s2s4p1|293,298"],"confidence":{"state":"","who":["user:abojchevski"],"prob":1}},{"classId":"r_6","type":"linked","directed":false,"entities":["s3p1|672,677","s3p1|734,788"],"confidence":{"state":"","who":["user:abojchevski"],"prob":1}},{"classId":"r_6","type":"linked","directed":false,"entities":["s3p2|97,100","s3p2|101,106"],"confidence":{"state":"","who":["user:abojchevski"],"prob":1}},{"classId":"r_6","type":"linked","directed":false,"entities":["s3p2|97,100","s3p2|111,116"],"confidence":{"state":"","who":["user:abojchevski"],"prob":1}},{"classId":"r_6","type":"linked","directed":false,"entities":["s4s2p1|14,19","s4s2p1|193,198"],"confidence":{"state":"","who":["user:abojchevski"],"prob":1}},{"classId":"r_6","type":"linked","directed":false,"entities":["s4s2p1|14,19","s4s2p1|203,208"],"confidence":{"state":"","who":["user:abojchevski"],"prob":1}},{"classId":"r_6","type":"linked","directed":false,"entities":["s4s2p1|24,29","s4s2p1|193,198"],"confidence":{"state":"","who":["user:abojchevski"],"prob":1}},{"classId":"r_6","type":"linked","directed":false,"entities":["s4s2p1|24,29","s4s2p1|203,208"],"confidence":{"state":"","who":["user:abojchevski"],"prob":1}},{"classId":"r_6","type":"linked","directed":false,"entities":["s4s2p1|115,118","s4s2p1|14,19"],"confidence":{"state":"","who":["user:abojchevski"],"prob":1}},{"classId":"r_6","type":"linked","directed":false,"entities":["s4s2p1|115,118","s4s2p1|24,29"],"confidence":{"state":"","who":["user:abojchevski"],"prob":1}},{"classId":"r_6","type":"linked","directed":false,"entities":["s4s3p2|134,137","s4s3p2|210,215"],"confidence":{"state":"","who":["user:abojchevski"],"prob":1}},{"classId":"r_6","type":"linked","directed":false,"entities":["s4s3p2|134,137","s4s3p2|260,265"],"confidence":{"state":"","who":["user:abojchevski"],"prob":1}},{"classId":"r_6","type":"linked","directed":false,"entities":["s4s4p1|704,707","s4s4p1|708,713"],"confidence":{"state":"","who":["user:abojchevski"],"prob":1}},{"classId":"r_6","type":"linked","directed":false,"entities":["s4s4p1|704,707","s4s4p1|755,760"],"confidence":{"state":"","who":["user:abojchevski"],"prob":1}},{"classId":"r_6","type":"linked","directed":false,"entities":["s4s5f1p1|16,19","s4s5f1p1|20,25"],"confidence":{"state":"","who":["user:abojchevski"],"prob":1}},{"classId":"r_6","type":"linked","directed":false,"entities":["s4s5f1p1|30,33","s4s5f1p1|34,39"],"confidence":{"state":"","who":["user:abojchevski"],"prob":1}},{"classId":"r_6","type":"linked","directed":false,"entities":["s4s5p2|24,29","s4s5p2|90,93"],"confidence":{"state":"","who":["user:abojchevski"],"prob":1}},{"classId":"r_6","type":"linked","directed":false,"entities":["s4s5p2|31,36","s4s5p2|90,93"],"confidence":{"state":"","who":["user:abojchevski"],"prob":1}},{"classId":"r_6","type":"linked","directed":false,"entities":["s4s5p2|38,44","s4s5p2|90,93"],"confidence":{"state":"","who":["user:abojchevski"],"prob":1}},{"classId":"r_6","type":"linked","directed":false,"entities":["s4s5p2|46,63","s4s5p2|90,93"],"confidence":{"state":"","who":["user:abojchevski"],"prob":1}},{"classId":"r_6","type":"linked","directed":false,"entities":["s4s5p2|69,76","s4s5p2|90,93"],"confidence":{"state":"","who":["user:abojchevski"],"prob":1}},{"classId":"r_6","type":"linked","directed":false,"entities":["s4s7p1|292,295","s4s7p1|296,306"],"confidence":{"state":"","who":["user:abojchevski"],"prob":1}},{"classId":"r_6","type":"linked","directed":false,"entities":["s5s1p1|497,500","s5s1p1|501,506"],"confidence":{"state":"","who":["user:abojchevski"],"prob":1}},{"classId":"r_6","type":"linked","directed":false,"entities":["s5s1p1|497,500","s5s1p1|511,516"],"confidence":{"state":"","who":["user:abojchevski"],"prob":1}},{"classId":"r_6","type":"linked","directed":false,"entities":["s5s1p1|1384,1389","s5s1p1|1390,1395"],"confidence":{"state":"","who":["user:abojchevski"],"prob":1}},{"classId":"r_6","type":"linked","directed":false,"entities":["s5s1p1|1384,1389","s5s1p1|1400,1405"],"confidence":{"state":"","who":["user:abojchevski"],"prob":1}},{"classId":"r_6","type":"linked","directed":false,"entities":["s5s1f1p1|20,23","s5s1f1p1|24,29"],"confidence":{"state":"","who":["user:abojchevski"],"prob":1}},{"classId":"r_6","type":"linked","directed":false,"entities":["s5s1f1p1|20,23","s5s1f1p1|34,39"],"confidence":{"state":"","who":["user:abojchevski"],"prob":1}},{"classId":"r_6","type":"linked","directed":false,"entities":["s5s2h1|23,26","s5s2h1|27,32"],"confidence":{"state":"","who":["user:abojchevski"],"prob":1}},{"classId":"r_6","type":"linked","directed":false,"entities":["s5s2h1|23,26","s5s2h1|37,42"],"confidence":{"state":"","who":["user:abojchevski"],"prob":1}},{"classId":"r_5","type":"linked","directed":false,"entities":["s5s3p2|325,330","s5s3p2|420,426"],"confidence":{"state":"","who":["user:abojchevski"],"prob":1}},{"classId":"r_5","type":"linked","directed":false,"entities":["s5s3p2|456,507","s5s3p2|523,533"],"confidence":{"state":"","who":["user:abojchevski"],"prob":1}},{"classId":"r_5","type":"linked","directed":false,"entities":["s5s3f2p1|17,23","s5s3f2p1|264,269"],"confidence":{"state":"","who":["user:abojchevski"],"prob":1}},{"classId":"r_5","type":"linked","directed":false,"entities":["s5s3f2p1|25,34","s5s3f2p1|264,269"],"confidence":{"state":"","who":["user:abojchevski"],"prob":1}},{"classId":"r_6","type":"linked","directed":false,"entities":["s5s3f2p1|218,222","s5s3f2p1|264,269"],"confidence":{"state":"","who":["user:abojchevski"],"prob":1}},{"classId":"r_5","type":"linked","directed":false,"entities":["s5s3f2p1|292,298","s5s3f2p1|264,269"],"confidence":{"state":"","who":["user:abojchevski"],"prob":1}},{"classId":"r_5","type":"linked","directed":false,"entities":["s5s3f2p1|300,309","s5s3f2p1|264,269"],"confidence":{"state":"","who":["user:abojchevski"],"prob":1}},{"classId":"r_6","type":"linked","directed":false,"entities":["s5s3f2p1|661,668","s5s3f2p1|516,519"],"confidence":{"state":"","who":["user:abojchevski"],"prob":1}},{"classId":"r_6","type":"linked","directed":false,"entities":["s5s3f2p1|1104,1114","s5s3f2p1|1120,1125"],"confidence":{"state":"","who":["user:abojchevski"],"prob":1}},{"classId":"r_6","type":"linked","directed":false,"entities":["s5s3f2p1|1104,1114","s5s3f2p1|1127,1132"],"confidence":{"state":"","who":["user:abojchevski"],"prob":1}},{"classId":"r_6","type":"linked","directed":false,"entities":["s5s3f2p1|1104,1114","s5s3f2p1|1134,1137"],"confidence":{"state":"","who":["user:abojchevski"],"prob":1}},{"classId":"r_5","type":"linked","directed":false,"entities":["s5s3f2p1|1187,1196","s5s3f2p1|1104,1114"],"confidence":{"state":"","who":["user:abojchevski"],"prob":1}},{"classId":"r_5","type":"linked","directed":false,"entities":["s5s3p3|15,21","s5s3p3|59,64"],"confidence":{"state":"","who":["user:abojchevski"],"prob":1}},{"classId":"r_5","type":"linked","directed":false,"entities":["s5s3p3|23,32","s5s3p3|59,64"],"confidence":{"state":"","who":["user:abojchevski"],"prob":1}},{"classId":"r_6","type":"linked","directed":false,"entities":["s5s3p3|282,285","s5s3p3|397,407"],"confidence":{"state":"","who":["user:abojchevski"],"prob":1}},{"classId":"r_6","type":"linked","directed":false,"entities":["s5s3p3|602,605","s5s3p3|606,616"],"confidence":{"state":"","who":["user:abojchevski"],"prob":1}},{"classId":"r_5","type":"linked","directed":false,"entities":["s5s3p4|3,8","s5s3p4|135,152"],"confidence":{"state":"","who":["user:abojchevski"],"prob":1}},{"classId":"r_6","type":"linked","directed":false,"entities":["s5s3p4|3,8","s5s3p4|178,182"],"confidence":{"state":"","who":["user:abojchevski"],"prob":1}},{"classId":"r_6","type":"linked","directed":false,"entities":["s5s3f4p1|29,32","s5s3f4p1|33,38"],"confidence":{"state":"","who":["user:abojchevski"],"prob":1}},{"classId":"r_6","type":"linked","directed":false,"entities":["s5s3f4p1|362,365","s5s3f4p1|500,505"],"confidence":{"state":"","who":["user:abojchevski"],"prob":1}},{"classId":"r_5","type":"linked","directed":false,"entities":["s5s3f4p1|449,482","s5s3f4p1|500,505"],"confidence":{"state":"","who":["user:abojchevski"],"prob":1}},{"classId":"r_6","type":"linked","directed":false,"entities":["s5s4h1|28,33","s5s4h1|60,63"],"confidence":{"state":"","who":["user:abojchevski"],"prob":1}},{"classId":"r_6","type":"linked","directed":false,"entities":["s5s4h1|38,43","s5s4h1|60,63"],"confidence":{"state":"","who":["user:abojchevski"],"prob":1}},{"classId":"r_5","type":"linked","directed":false,"entities":["s6p3|558,564","s6p3|647,652"],"confidence":{"state":"","who":["user:abojchevski"],"prob":1}},{"classId":"r_5","type":"linked","directed":false,"entities":["s6p3|622,631","s6p3|635,645"],"confidence":{"state":"","who":["user:abojchevski"],"prob":1}},{"classId":"r_6","type":"linked","directed":false,"entities":["s6p3|685,688","s6p3|635,645"],"confidence":{"state":"","who":["user:abojchevski"],"prob":1}},{"classId":"r_6","type":"linked","directed":false,"entities":["s6p3|685,688","s6p3|647,652"],"confidence":{"state":"","who":["user:abojchevski"],"prob":1}},{"classId":"r_5","type":"linked","directed":false,"entities":["s6p4|341,351","s6p4|371,380"],"confidence":{"state":"","who":["user:abojchevski"],"prob":1}},{"classId":"r_6","type":"linked","directed":false,"entities":["s6p4|341,351","s6p4|288,292"],"confidence":{"state":"","who":["user:abojchevski"],"prob":1}},{"classId":"r_5","type":"linked","directed":false,"entities":["s6p4|930,940","s6p4|948,957"],"confidence":{"state":"","who":["user:abojchevski"],"prob":1}},{"classId":"r_6","type":"linked","directed":false,"entities":["s6p4|930,940","s6p4|1165,1169"],"confidence":{"state":"","who":["user:abojchevski"],"prob":1}},{"classId":"r_5","type":"linked","directed":false,"entities":["s6p5|52,61","s6p5|560,570"],"confidence":{"state":"","who":["user:abojchevski"],"prob":1}},{"classId":"r_5","type":"linked","directed":false,"entities":["s6p5|560,570","s6p5|759,768"],"confidence":{"state":"","who":["user:abojchevski"],"prob":1}},{"classId":"r_6","type":"linked","directed":false,"entities":["s6p7|816,820","s6p7|911,921"],"confidence":{"state":"","who":["user:abojchevski"],"prob":1}},{"classId":"r_5","type":"linked","directed":false,"entities":["s6p7|911,921","s6p7|880,889"],"confidence":{"state":"","who":["user:abojchevski"],"prob":1}},{"classId":"r_5","type":"linked","directed":false,"entities":["s6p8|4,13","s6p8|26,31"],"confidence":{"state":"","who":["user:abojchevski"],"prob":1}},{"classId":"r_6","type":"linked","directed":false,"entities":["s6p8|26,31","s6p8|896,899"],"confidence":{"state":"","who":["user:abojchevski"],"prob":1}},{"classId":"r_6","type":"linked","directed":false,"entities":["s6p8|1094,1097","s6p8|1276,1281"],"confidence":{"state":"","who":["user:abojchevski"],"prob":1}},{"classId":"r_5","type":"linked","directed":false,"entities":["s6p8|1245,1254","s6p8|1276,1281"],"confidence":{"state":"","who":["user:abojchevski"],"prob":1}},{"classId":"r_5","type":"linked","directed":false,"entities":["s6p8|2567,2576","s6p8|2591,2596"],"confidence":{"state":"","who":["user:abojchevski"],"prob":1}},{"classId":"r_6","type":"linked","directed":false,"entities":["s6p8|2591,2596","s6p8|2618,2622"],"confidence":{"state":"","who":["user:abojchevski"],"prob":1}},{"classId":"r_6","type":"linked","directed":false,"entities":["s7p1|6,9","s7p1|145,155"],"confidence":{"state":"","who":["user:abojchevski"],"prob":1}},{"classId":"r_5","type":"linked","directed":false,"entities":["s7p1|132,141","s7p1|145,155"],"confidence":{"state":"","who":["user:abojchevski"],"prob":1}}],"metas":{"m_4":{"value":true,"confidence":{}}},"annotatable":{"parts":["s1h1","s2h1","s2s1h1","s2s1p1","s2s2h1","s2s2p1","s2s3h1","s2s3p1","s2s4h1","s2s4p1","s3h1","s3p1","s3p2","s4h1","s4s1h1","s4s1p1","s4s2h1","s4s2p1","s4s2p2","s4s3h1","s4s3p1","s4s3p2","s4s4h1","s4s4p1","s4s5h1","s4s5p1","s4s5f1p1","s4s5p2","s4s6h1","s4s6p1","s4s7h1","s4s7p1","s4s7p2","s4s8h1","s4s8p1","s4s8f1p1","s5h1","s5s1h1","s5s1p1","s5s1f1p1","s5s1f2p1","s5s2h1","s5s2p1","s5s2f1p1","s5s2p2","s5s2f2p1","s5s3h1","s5s3p1","s5s3f1p1","s5s3p2","s5s3f2p1","s5s3f3p1","s5s3p3","s5s3p4","s5s3f4p1","s5s4h1","s5s4p1","s5s4f1p1","s5s4p2","s5s4f2p1","s6h1","s6p1","s6p2","s6p3","s6p4","s6f1p1","s6p5","s6p6","s6p7","s6p8","s7h1","s7p1","s11h1"]}}