{"anncomplete":false,"sources":[{"name":"ORIG","id":"PMC2743849","url":"http://www.ncbi.nlm.nih.gov/pmc/articles/PMC2743849/"},{"name":"PMID","id":"18977788","url":"http://www.ncbi.nlm.nih.gov/pubmed/18977788"}],"entities":[{"classId":"e_1","part":"s1h1","offsets":[{"start":13,"text":"ABCA4"}],"confidence":{"state":"","who":["user:abojchevski"],"prob":1},"fields":{},"normalizations":{}},{"classId":"e_1","part":"s2s1p1","offsets":[{"start":38,"text":"ABCA4"}],"confidence":{"state":"","who":["user:abojchevski"],"prob":1},"fields":{},"normalizations":{}},{"classId":"e_2","part":"s2s2p1","offsets":[{"start":179,"text":"p.Arg1129Leu"}],"confidence":{"state":"","who":["user:abojchevski"],"prob":1},"fields":{},"normalizations":{}},{"classId":"e_2","part":"s2s3p1","offsets":[{"start":48,"text":"p.Arg1129Leu"}],"confidence":{"state":"","who":["user:abojchevski"],"prob":1},"fields":{},"normalizations":{}},{"classId":"e_1","part":"s2s4p1","offsets":[{"start":45,"text":"ABCA4"}],"confidence":{"state":"","who":["user:abojchevski"],"prob":1},"fields":{},"normalizations":{}},{"classId":"e_2","part":"s3s4s1p1","offsets":[{"start":48,"text":"p.Arg1129Leu"}],"confidence":{"state":"","who":["user:abojchevski"],"prob":1},"fields":{},"normalizations":{}},{"classId":"e_1","part":"s3s4s1p1","offsets":[{"start":344,"text":"ABCA4"}],"confidence":{"state":"","who":["user:abojchevski"],"prob":1},"fields":{},"normalizations":{}},{"classId":"e_1","part":"s3s4s2p1","offsets":[{"start":60,"text":"ABCA4"}],"confidence":{"state":"","who":["user:abojchevski"],"prob":1},"fields":{},"normalizations":{}},{"classId":"e_1","part":"s3s6p1","offsets":[{"start":135,"text":"ABCA4"}],"confidence":{"state":"","who":["user:abojchevski"],"prob":1},"fields":{},"normalizations":{}},{"classId":"e_2","part":"s4s1p2","offsets":[{"start":607,"text":"p.Arg1129Leu"}],"confidence":{"state":"","who":["user:abojchevski"],"prob":1},"fields":{},"normalizations":{}},{"classId":"e_2","part":"s4s1p2","offsets":[{"start":621,"text":"c.3386G>T"}],"confidence":{"state":"","who":["user:abojchevski"],"prob":1},"fields":{},"normalizations":{}},{"classId":"e_1","part":"s4s1f1p1","offsets":[{"start":16,"text":"ABCA4"}],"confidence":{"state":"","who":["user:abojchevski"],"prob":1},"fields":{},"normalizations":{}},{"classId":"e_2","part":"s4s1f1p1","offsets":[{"start":155,"text":"p.Arg1129Leu"}],"confidence":{"state":"","who":["user:abojchevski"],"prob":1},"fields":{},"normalizations":{}},{"classId":"e_2","part":"s4s2s1p1","offsets":[{"start":102,"text":"p.Arg1129Leu"}],"confidence":{"state":"","who":["user:abojchevski"],"prob":1},"fields":{},"normalizations":{}},{"classId":"e_1","part":"s4s2s1p1","offsets":[{"start":323,"text":"ABCA4"}],"confidence":{"state":"","who":["user:abojchevski"],"prob":1},"fields":{},"normalizations":{}},{"classId":"e_2","part":"s4s2s1p1","offsets":[{"start":416,"text":"p.Arg1129Leu"}],"confidence":{"state":"","who":["user:abojchevski"],"prob":1},"fields":{},"normalizations":{}},{"classId":"e_1","part":"s4s2s2f1p1","offsets":[{"start":0,"text":"ABCA4"}],"confidence":{"state":"","who":["user:abojchevski"],"prob":1},"fields":{},"normalizations":{}},{"classId":"e_2","part":"s4s3s1p1","offsets":[{"start":72,"text":"p.Arg1129Leu"}],"confidence":{"state":"","who":["user:abojchevski"],"prob":1},"fields":{},"normalizations":{}},{"classId":"e_2","part":"s4s3s3h1","offsets":[{"start":36,"text":"p.Arg1129Leu"}],"confidence":{"state":"","who":["user:abojchevski"],"prob":1},"fields":{},"normalizations":{}},{"classId":"e_2","part":"s4s3s3p1","offsets":[{"start":30,"text":"p.Arg1129Leu"}],"confidence":{"state":"","who":["user:abojchevski"],"prob":1},"fields":{},"normalizations":{}},{"classId":"e_1","part":"s5p2","offsets":[{"start":121,"text":"ABCA4"}],"confidence":{"state":"","who":["user:abojchevski"],"prob":1},"fields":{},"normalizations":{}},{"classId":"e_2","part":"s5p2","offsets":[{"start":287,"text":"p.Arg1129Leu"}],"confidence":{"state":"","who":["user:abojchevski"],"prob":1},"fields":{},"normalizations":{}},{"classId":"e_1","part":"s5p2","offsets":[{"start":1241,"text":"ABCA4"}],"confidence":{"state":"","who":["user:abojchevski"],"prob":1},"fields":{},"normalizations":{}},{"classId":"e_2","part":"s5p3","offsets":[{"start":245,"text":"p.Arg1129Leu"}],"confidence":{"state":"","who":["user:abojchevski"],"prob":1},"fields":{},"normalizations":{}},{"classId":"e_2","part":"s5p3","offsets":[{"start":658,"text":"p.Arg1129Leu"}],"confidence":{"state":"","who":["user:abojchevski"],"prob":1},"fields":{},"normalizations":{}},{"classId":"e_1","part":"s5p3","offsets":[{"start":1039,"text":"ABCR"}],"confidence":{"state":"","who":["user:abojchevski"],"prob":1},"fields":{},"normalizations":{}},{"classId":"e_2","part":"s5p3","offsets":[{"start":1061,"text":"p.Arg1129Leu"}],"confidence":{"state":"","who":["user:abojchevski"],"prob":1},"fields":{},"normalizations":{}},{"classId":"e_2","part":"s5p3","offsets":[{"start":1219,"text":"p.Arg1129Leu"}],"confidence":{"state":"","who":["user:abojchevski"],"prob":1},"fields":{},"normalizations":{}},{"classId":"e_1","part":"s5p3","offsets":[{"start":1346,"text":"ABCA4"}],"confidence":{"state":"","who":["user:abojchevski"],"prob":1},"fields":{},"normalizations":{}},{"classId":"e_1","part":"s5p3","offsets":[{"start":1377,"text":"ABCA4"}],"confidence":{"state":"","who":["user:abojchevski"],"prob":1},"fields":{},"normalizations":{}},{"classId":"e_1","part":"s5p4","offsets":[{"start":107,"text":"ABCA4"}],"confidence":{"state":"","who":["user:abojchevski"],"prob":1},"fields":{},"normalizations":{}},{"classId":"e_2","part":"s5p5","offsets":[{"start":421,"text":"p.Arg1129Leu"}],"confidence":{"state":"","who":["user:abojchevski"],"prob":1},"fields":{},"normalizations":{}},{"classId":"e_2","part":"s5p5","offsets":[{"start":493,"text":"p.Arg1129Leu"}],"confidence":{"state":"","who":["user:abojchevski"],"prob":1},"fields":{},"normalizations":{}},{"classId":"e_1","part":"s5p6","offsets":[{"start":506,"text":"ABCA4"}],"confidence":{"state":"","who":["user:abojchevski"],"prob":1},"fields":{},"normalizations":{}},{"classId":"e_2","part":"s5p6","offsets":[{"start":756,"text":"c.2588G>C"}],"confidence":{"state":"","who":["user:abojchevski"],"prob":1},"fields":{},"normalizations":{}},{"classId":"e_2","part":"s5p7","offsets":[{"start":392,"text":"c.2888delG"}],"confidence":{"state":"","who":["user:abojchevski"],"prob":1},"fields":{},"normalizations":{}},{"classId":"e_1","part":"s5p8","offsets":[{"start":189,"text":"ABCA4"}],"confidence":{"state":"","who":["user:abojchevski"],"prob":1},"fields":{},"normalizations":{}},{"classId":"e_1","part":"s5p8","offsets":[{"start":572,"text":"ABCA4"}],"confidence":{"state":"","who":["user:abojchevski"],"prob":1},"fields":{},"normalizations":{}},{"classId":"e_1","part":"s5f1p1","offsets":[{"start":47,"text":"ABCA4"}],"confidence":{"state":"","who":["user:abojchevski"],"prob":1},"fields":{},"normalizations":{}},{"classId":"e_1","part":"s5p9","offsets":[{"start":943,"text":"ABCA4"}],"confidence":{"state":"","who":["user:abojchevski"],"prob":1},"fields":{},"normalizations":{}},{"classId":"e_1","part":"s5p9","offsets":[{"start":1009,"text":"ABCA4"}],"confidence":{"state":"","who":["user:abojchevski"],"prob":1},"fields":{},"normalizations":{}},{"classId":"e_1","part":"s5p10","offsets":[{"start":44,"text":"ABCA4"}],"confidence":{"state":"","who":["user:abojchevski"],"prob":1},"fields":{},"normalizations":{}}],"relations":[{"classId":"r_5","type":"linked","directed":false,"entities":["s3s4s1p1|48,60","s3s4s1p1|344,349"],"confidence":{"state":"","who":["user:abojchevski"],"prob":1}},{"classId":"r_5","type":"linked","directed":false,"entities":["s4s1f1p1|16,21","s4s1f1p1|155,167"],"confidence":{"state":"","who":["user:abojchevski"],"prob":1}},{"classId":"r_5","type":"linked","directed":false,"entities":["s4s2s1p1|102,114","s4s2s1p1|323,328"],"confidence":{"state":"","who":["user:abojchevski"],"prob":1}},{"classId":"r_5","type":"linked","directed":false,"entities":["s4s2s1p1|416,428","s4s2s1p1|323,328"],"confidence":{"state":"","who":["user:abojchevski"],"prob":1}},{"classId":"r_5","type":"linked","directed":false,"entities":["s5p2|287,299","s5p2|121,126"],"confidence":{"state":"","who":["user:abojchevski"],"prob":1}},{"classId":"r_5","type":"linked","directed":false,"entities":["s5p3|1039,1043","s5p3|1061,1073"],"confidence":{"state":"","who":["user:abojchevski"],"prob":1}},{"classId":"r_5","type":"linked","directed":false,"entities":["s5p3|1039,1043","s5p3|658,670"],"confidence":{"state":"","who":["user:abojchevski"],"prob":1}},{"classId":"r_5","type":"linked","directed":false,"entities":["s5p3|1039,1043","s5p3|245,257"],"confidence":{"state":"","who":["user:abojchevski"],"prob":1}},{"classId":"r_5","type":"linked","directed":false,"entities":["s5p3|1219,1231","s5p3|1346,1351"],"confidence":{"state":"","who":["user:abojchevski"],"prob":1}},{"classId":"r_5","type":"linked","directed":false,"entities":["s5p6|506,511","s5p6|756,765"],"confidence":{"state":"","who":["user:abojchevski"],"prob":1}}],"metas":{"m_4":{"value":true,"confidence":{}}},"annotatable":{"parts":["s1h1","s2h1","s2s1h1","s2s1p1","s2s2h1","s2s2p1","s2s3h1","s2s3p1","s2s4h1","s2s4p1","s3h1","s3p1","s3s1h1","s3s1p1","s3s2h1","s3s2p1","s3s3h1","s3s3p1","s3s4h1","s3s4p1","s3s4f1p1","s3s4s1h1","s3s4s1p1","s3s4s2h1","s3s4s2p1","s3s5h1","s3s5s1h1","s3s5s1p1","s3s6h1","s3s6p1","s3s7h1","s3s7p1","s3s8h1","s3s8p1","s4h1","s4s1h1","s4s1p1","s4s1p2","s4s1f1p1","s4s2h1","s4s2s1h1","s4s2s1p1","s4s2s2h1","s4s2s2p1","s4s2s2f1p1","s4s3h1","s4s3s1h1","s4s3s1p1","s4s3s2h1","s4s3s2p1","s4s3s3h1","s4s3s3p1","s5h1","s5p1","s5p2","s5p3","s5p4","s5p5","s5p6","s5p7","s5p8","s5f1p1","s5p9","s5p10"]}}