{"anncomplete":false,"sources":[{"name":"ORIG","id":"11342563","url":"http://www.ncbi.nlm.nih.gov/pubmed/11342563"},{"name":"PMID","id":"11342563","url":"http://www.ncbi.nlm.nih.gov/pubmed/11342563"}],"entities":[{"classId":"e_1","part":"s1h1","offsets":[{"start":25,"text":"INAD"}],"confidence":{"state":"","who":["user:abojchevski"],"prob":1},"fields":{},"normalizations":{}},{"classId":"e_1","part":"s2p1","offsets":[{"start":0,"text":"INAD"}],"confidence":{"state":"","who":["user:abojchevski"],"prob":1},"fields":{},"normalizations":{}},{"classId":"e_1","part":"s2p1","offsets":[{"start":102,"text":"NORPA"}],"confidence":{"state":"","who":["user:abojchevski"],"prob":1},"fields":{},"normalizations":{}},{"classId":"e_1","part":"s2p1","offsets":[{"start":109,"text":"phospholipase Cbeta(4)"}],"confidence":{"state":"","who":["user:abojchevski"],"prob":1},"fields":{},"normalizations":{}},{"classId":"e_1","part":"s2p1","offsets":[{"start":163,"text":"eye-PKC"}],"confidence":{"state":"","who":["user:abojchevski"],"prob":1},"fields":{},"normalizations":{}},{"classId":"e_3","part":"s2p1","offsets":[{"start":174,"text":"Drosophila"}],"confidence":{"state":"","who":["user:abojchevski"],"prob":1},"fields":{},"normalizations":{}},{"classId":"e_1","part":"s2p1","offsets":[{"start":227,"text":"eye-PKC"}],"confidence":{"state":"","who":["user:abojchevski"],"prob":1},"fields":{},"normalizations":{}},{"classId":"e_1","part":"s2p1","offsets":[{"start":283,"text":"INAD"}],"confidence":{"state":"","who":["user:abojchevski"],"prob":1},"fields":{},"normalizations":{}},{"classId":"e_1","part":"s2p1","offsets":[{"start":428,"text":"eye-PKC"}],"confidence":{"state":"","who":["user:abojchevski"],"prob":1},"fields":{},"normalizations":{}},{"classId":"e_2","part":"s2p1","offsets":[{"start":514,"text":"Replacement of Ile(-3)"}],"confidence":{"state":"","who":["user:abojchevski"],"prob":1},"fields":{},"normalizations":{}},{"classId":"e_1","part":"s2p1","offsets":[{"start":540,"text":"eye-PKC"}],"confidence":{"state":"","who":["user:abojchevski"],"prob":1},"fields":{},"normalizations":{}},{"classId":"e_2","part":"s2p1","offsets":[{"start":627,"text":"Substitution of a conserved His with Arg at the second alpha-helix of PDZ2"}],"confidence":{"state":"","who":["user:abojchevski"],"prob":1},"fields":{},"normalizations":{}},{"classId":"e_2","part":"s2p1","offsets":[{"start":739,"text":"Leu replacement"}],"confidence":{"state":"","who":["user:abojchevski"],"prob":1},"fields":{},"normalizations":{}},{"classId":"e_1","part":"s2p1","offsets":[{"start":779,"text":"eye-PKC"}],"confidence":{"state":"","who":["user:abojchevski"],"prob":1},"fields":{},"normalizations":{}},{"classId":"e_2","part":"s2p1","offsets":[{"start":981,"text":"three SNPs affecting residues, 282, 319, and 333"}],"confidence":{"state":"","who":["user:abojchevski"],"prob":1},"fields":{},"normalizations":{}},{"classId":"e_1","part":"s2p1","offsets":[{"start":1033,"text":"INAD"}],"confidence":{"state":"","who":["user:abojchevski"],"prob":1},"fields":{},"normalizations":{}},{"classId":"e_1","part":"s2p1","offsets":[{"start":1166,"text":"eye-PKC"}],"confidence":{"state":"","who":["user:abojchevski"],"prob":1},"fields":{},"normalizations":{}},{"classId":"e_1","part":"s2p1","offsets":[{"start":1227,"text":"eye-PKC"}],"confidence":{"state":"","who":["user:abojchevski"],"prob":1},"fields":{},"normalizations":{}},{"classId":"e_1","part":"s2p1","offsets":[{"start":1306,"text":"INAD"}],"confidence":{"state":"","who":["user:abojchevski"],"prob":1},"fields":{},"normalizations":{}},{"classId":"e_1","part":"s2p1","offsets":[{"start":1348,"text":"eye-PKC"}],"confidence":{"state":"","who":["user:abojchevski"],"prob":1},"fields":{},"normalizations":{}}],"relations":[{"classId":"r_6","type":"linked","directed":false,"entities":["s2p1|174,184","s2p1|283,287"],"confidence":{"state":"","who":["user:abojchevski"],"prob":1}},{"classId":"r_6","type":"linked","directed":false,"entities":["s2p1|174,184","s2p1|163,170"],"confidence":{"state":"","who":["user:abojchevski"],"prob":1}}],"metas":{},"annotatable":{"parts":["s1h1","s2h1","s2p1"]}}