{"anncomplete":true,"sources":[{"name":"ORIG","id":"12663043","url":"http://www.ncbi.nlm.nih.gov/pubmed/12663043"},{"name":"PMID","id":"12663043","url":"http://www.ncbi.nlm.nih.gov/pubmed/12663043"}],"entities":[{"classId":"e_2","part":"s1h1","offsets":[{"start":11,"text":"D3.49A"}],"confidence":{"state":"","who":["user:abojchevski"],"prob":1},"fields":{},"normalizations":{}},{"classId":"e_2","part":"s1h1","offsets":[{"start":19,"text":"R3.50A"}],"confidence":{"state":"","who":["user:abojchevski"],"prob":1},"fields":{},"normalizations":{}},{"classId":"e_2","part":"s1h1","offsets":[{"start":31,"text":"A6.34E"}],"confidence":{"state":"","who":["user:abojchevski"],"prob":1},"fields":{},"normalizations":{}},{"classId":"e_1","part":"s1h1","offsets":[{"start":88,"text":"cannabinoid-2"}],"confidence":{"state":"","who":["user:abojchevski"],"prob":1},"fields":{},"normalizations":{}},{"classId":"e_1","part":"s1h1","offsets":[{"start":103,"text":"CB2"}],"confidence":{"state":"","who":["user:abojchevski"],"prob":1},"fields":{},"normalizations":{}},{"classId":"e_1","part":"s2p1","offsets":[{"start":292,"text":"cannabinoid-2"}],"confidence":{"state":"","who":["user:abojchevski"],"prob":1},"fields":{},"normalizations":{}},{"classId":"e_1","part":"s2p1","offsets":[{"start":307,"text":"CB2"}],"confidence":{"state":"","who":["user:abojchevski"],"prob":1},"fields":{},"normalizations":{}},{"classId":"e_2","part":"s2p1","offsets":[{"start":513,"text":"R3.50A"}],"confidence":{"state":"","who":["user:abojchevski"],"prob":1},"fields":{},"normalizations":{}},{"classId":"e_2","part":"s2p1","offsets":[{"start":521,"text":"D3.49A"}],"confidence":{"state":"","who":["user:abojchevski"],"prob":1},"fields":{},"normalizations":{}},{"classId":"e_2","part":"s2p1","offsets":[{"start":533,"text":"A6.34E"}],"confidence":{"state":"","who":["user:abojchevski"],"prob":1},"fields":{},"normalizations":{}},{"classId":"e_3","part":"s2p1","offsets":[{"start":557,"text":"human"}],"confidence":{"state":"","who":["user:abojchevski"],"prob":1},"fields":{},"normalizations":{}},{"classId":"e_1","part":"s2p1","offsets":[{"start":563,"text":"CB2"}],"confidence":{"state":"","who":["user:abojchevski"],"prob":1},"fields":{},"normalizations":{}},{"classId":"e_3","part":"s2p1","offsets":[{"start":668,"text":"human"}],"confidence":{"state":"","who":["user:abojchevski"],"prob":1},"fields":{},"normalizations":{}},{"classId":"e_1","part":"s2p1","offsets":[{"start":807,"text":"CB2"}],"confidence":{"state":"","who":["user:abojchevski"],"prob":1},"fields":{},"normalizations":{}},{"classId":"e_1","part":"s2p1","offsets":[{"start":899,"text":"CB2"}],"confidence":{"state":"","who":["user:abojchevski"],"prob":1},"fields":{},"normalizations":{}},{"classId":"e_2","part":"s2p1","offsets":[{"start":1000,"text":"D3.49A"}],"confidence":{"state":"","who":["user:abojchevski"],"prob":1},"fields":{},"normalizations":{}},{"classId":"e_2","part":"s2p1","offsets":[{"start":1011,"text":"A6.34E"}],"confidence":{"state":"","who":["user:abojchevski"],"prob":1},"fields":{},"normalizations":{}},{"classId":"e_1","part":"s2p1","offsets":[{"start":1127,"text":"CB2"}],"confidence":{"state":"","who":["user:abojchevski"],"prob":1},"fields":{},"normalizations":{}}],"relations":[{"classId":"r_5","type":"linked","directed":false,"entities":["s1h1|88,101","s1h1|11,17"],"confidence":{"state":"","who":["user:abojchevski"],"prob":1}},{"classId":"r_5","type":"linked","directed":false,"entities":["s1h1|88,101","s1h1|19,25"],"confidence":{"state":"","who":["user:abojchevski"],"prob":1}},{"classId":"r_5","type":"linked","directed":false,"entities":["s1h1|88,101","s1h1|31,37"],"confidence":{"state":"","who":["user:abojchevski"],"prob":1}},{"classId":"r_5","type":"linked","directed":false,"entities":["s1h1|103,106","s1h1|11,17"],"confidence":{"state":"","who":["user:abojchevski"],"prob":1}},{"classId":"r_5","type":"linked","directed":false,"entities":["s1h1|103,106","s1h1|19,25"],"confidence":{"state":"","who":["user:abojchevski"],"prob":1}},{"classId":"r_5","type":"linked","directed":false,"entities":["s1h1|103,106","s1h1|31,37"],"confidence":{"state":"","who":["user:abojchevski"],"prob":1}},{"classId":"r_5","type":"linked","directed":false,"entities":["s2p1|513,519","s2p1|563,566"],"confidence":{"state":"","who":["user:abojchevski"],"prob":1}},{"classId":"r_5","type":"linked","directed":false,"entities":["s2p1|521,527","s2p1|563,566"],"confidence":{"state":"","who":["user:abojchevski"],"prob":1}},{"classId":"r_5","type":"linked","directed":false,"entities":["s2p1|533,539","s2p1|563,566"],"confidence":{"state":"","who":["user:abojchevski"],"prob":1}},{"classId":"r_6","type":"linked","directed":false,"entities":["s2p1|557,562","s2p1|563,566"],"confidence":{"state":"","who":["user:abojchevski"],"prob":1}},{"classId":"r_6","type":"linked","directed":false,"entities":["s2p1|668,673","s2p1|807,810"],"confidence":{"state":"","who":["user:abojchevski"],"prob":1}},{"classId":"r_5","type":"linked","directed":false,"entities":["s2p1|1000,1006","s2p1|1127,1130"],"confidence":{"state":"","who":["user:abojchevski"],"prob":1}},{"classId":"r_5","type":"linked","directed":false,"entities":["s2p1|1011,1017","s2p1|1127,1130"],"confidence":{"state":"","who":["user:abojchevski"],"prob":1}}],"metas":{},"annotatable":{"parts":["s1h1","s2h1","s2p1"]}}