{"anncomplete":true,"sources":[{"name":"ORIG","id":"PMC4014284","url":"http://www.ncbi.nlm.nih.gov/pmc/articles/PMC4014284/"},{"name":"PMID","id":"24637012","url":"http://www.ncbi.nlm.nih.gov/pubmed/24637012"}],"entities":[{"classId":"e_1","part":"s1h1","offsets":[{"start":66,"text":"Serotonin 2A Receptor"}],"confidence":{"state":"","who":["user:abojchevski"],"prob":1},"fields":{},"normalizations":{}},{"classId":"e_1","part":"s2p1","offsets":[{"start":14,"text":"5-HT2A"}],"confidence":{"state":"","who":["user:abojchevski"],"prob":1},"fields":{},"normalizations":{}},{"classId":"e_1","part":"s2p1","offsets":[{"start":253,"text":"5-HT2A"}],"confidence":{"state":"","who":["user:abojchevski"],"prob":1},"fields":{},"normalizations":{}},{"classId":"e_1","part":"s2p1","offsets":[{"start":736,"text":"5-HT2A"}],"confidence":{"state":"","who":["user:abojchevski"],"prob":1},"fields":{},"normalizations":{}},{"classId":"e_1","part":"s2p1","offsets":[{"start":889,"text":"5-HT2A"}],"confidence":{"state":"","who":["user:abojchevski"],"prob":1},"fields":{},"normalizations":{}},{"classId":"e_1","part":"s2p1","offsets":[{"start":1135,"text":"5-HT2A"}],"confidence":{"state":"","who":["user:abojchevski"],"prob":1},"fields":{},"normalizations":{}},{"classId":"e_3","part":"s2p1","offsets":[{"start":1466,"text":"mice"}],"confidence":{"state":"","who":["user:abojchevski"],"prob":1},"fields":{},"normalizations":{}},{"classId":"e_1","part":"s2p1","offsets":[{"start":1504,"text":"5-HT2A"}],"confidence":{"state":"","who":["user:abojchevski"],"prob":1},"fields":{},"normalizations":{}},{"classId":"e_2","part":"s2p1","offsets":[{"start":1724,"text":"mutation of Ser280 to aspartic acid"}],"confidence":{"state":"","who":["user:abojchevski"],"prob":1},"fields":{},"normalizations":{}},{"classId":"e_1","part":"s2p1","offsets":[{"start":2002,"text":"5-HT2A"}],"confidence":{"state":"","who":["user:abojchevski"],"prob":1},"fields":{},"normalizations":{}},{"classId":"e_3","part":"s3s1s1s1p1","offsets":[{"start":0,"text":"Human"}],"confidence":{"state":"","who":["user:abojchevski"],"prob":1},"fields":{},"normalizations":{}},{"classId":"e_3","part":"s3s1s1s1p2","offsets":[{"start":4,"text":"rabbit"}],"confidence":{"state":"","who":["user:abojchevski"],"prob":1},"fields":{},"normalizations":{}},{"classId":"e_1","part":"s3s1s1s1p2","offsets":[{"start":16,"text":"phospho-Thr202/Tyr204"}],"confidence":{"state":"","who":["user:abojchevski"],"prob":1},"fields":{},"normalizations":{}},{"classId":"e_1","part":"s3s1s1s1p2","offsets":[{"start":38,"text":"Erk1,2"}],"confidence":{"state":"","who":["user:abojchevski"],"prob":1},"fields":{},"normalizations":{}},{"classId":"e_1","part":"s3s1s1s1p2","offsets":[{"start":61,"text":"Erk1,2"}],"confidence":{"state":"","who":["user:abojchevski"],"prob":1},"fields":{},"normalizations":{}},{"classId":"e_3","part":"s3s1s1s1p2","offsets":[{"start":134,"text":"rabbit"}],"confidence":{"state":"","who":["user:abojchevski"],"prob":1},"fields":{},"normalizations":{}},{"classId":"e_1","part":"s3s1s1s1p2","offsets":[{"start":146,"text":"Hemagglutinin"}],"confidence":{"state":"","who":["user:abojchevski"],"prob":1},"fields":{},"normalizations":{}},{"classId":"e_1","part":"s3s1s1s1p2","offsets":[{"start":161,"text":"HA"}],"confidence":{"state":"","who":["user:abojchevski"],"prob":1},"fields":{},"normalizations":{}},{"classId":"e_3","part":"s3s1s1s1p2","offsets":[{"start":234,"text":"rabbit"}],"confidence":{"state":"","who":["user:abojchevski"],"prob":1},"fields":{},"normalizations":{}},{"classId":"e_1","part":"s3s1s1s1p2","offsets":[{"start":246,"text":"GFP"}],"confidence":{"state":"","who":["user:abojchevski"],"prob":1},"fields":{},"normalizations":{}},{"classId":"e_3","part":"s3s1s1s1p2","offsets":[{"start":287,"text":"rabbit"}],"confidence":{"state":"","who":["user:abojchevski"],"prob":1},"fields":{},"normalizations":{}},{"classId":"e_1","part":"s3s1s1s1p2","offsets":[{"start":299,"text":"5-HT2A"}],"confidence":{"state":"","who":["user:abojchevski"],"prob":1},"fields":{},"normalizations":{}},{"classId":"e_3","part":"s3s1s1s1p2","offsets":[{"start":361,"text":"mouse"}],"confidence":{"state":"","who":["user:abojchevski"],"prob":1},"fields":{},"normalizations":{}},{"classId":"e_1","part":"s3s1s1s1p2","offsets":[{"start":372,"text":"HA"}],"confidence":{"state":"","who":["user:abojchevski"],"prob":1},"fields":{},"normalizations":{}},{"classId":"e_1","part":"s3s1s1s1p2","offsets":[{"start":455,"text":"5-HT2A"}],"confidence":{"state":"","who":["user:abojchevski"],"prob":1},"fields":{},"normalizations":{}},{"classId":"e_3","part":"s3s1s1s1p2","offsets":[{"start":508,"text":"rabbits"}],"confidence":{"state":"","who":["user:abojchevski"],"prob":1},"fields":{},"normalizations":{}},{"classId":"e_1","part":"s3s1s1s1p3","offsets":[{"start":27,"text":"HA"}],"confidence":{"state":"","who":["user:abojchevski"],"prob":1},"fields":{},"normalizations":{}},{"classId":"e_1","part":"s3s1s1s1p3","offsets":[{"start":37,"text":"5-HT2A"}],"confidence":{"state":"","who":["user:abojchevski"],"prob":1},"fields":{},"normalizations":{}},{"classId":"e_1","part":"s3s1s1s1p3","offsets":[{"start":359,"text":"HA"}],"confidence":{"state":"","who":["user:abojchevski"],"prob":1},"fields":{},"normalizations":{}},{"classId":"e_1","part":"s3s1s1s1p3","offsets":[{"start":369,"text":"5-HT2A"}],"confidence":{"state":"","who":["user:abojchevski"],"prob":1},"fields":{},"normalizations":{}},{"classId":"e_2","part":"s3s1s1s1p3","offsets":[{"start":394,"text":"S280A"}],"confidence":{"state":"","who":["user:abojchevski"],"prob":1},"fields":{},"normalizations":{}},{"classId":"e_2","part":"s3s1s1s1p3","offsets":[{"start":404,"text":"S280D"}],"confidence":{"state":"","who":["user:abojchevski"],"prob":1},"fields":{},"normalizations":{}},{"classId":"e_3","part":"s3s1s1s2p2","offsets":[{"start":153,"text":"mouse"}],"confidence":{"state":"","who":["user:abojchevski"],"prob":1},"fields":{},"normalizations":{}},{"classId":"e_1","part":"s3s1s1s2p2","offsets":[{"start":741,"text":"HA"}],"confidence":{"state":"","who":["user:abojchevski"],"prob":1},"fields":{},"normalizations":{}},{"classId":"e_1","part":"s3s1s1s2p2","offsets":[{"start":751,"text":"5-HT2A"}],"confidence":{"state":"","who":["user:abojchevski"],"prob":1},"fields":{},"normalizations":{}},{"classId":"e_1","part":"s3s1s1s3p1","offsets":[{"start":62,"text":"5-HT2A"}],"confidence":{"state":"","who":["user:abojchevski"],"prob":1},"fields":{},"normalizations":{}},{"classId":"e_3","part":"s3s1s1s3p3","offsets":[{"start":389,"text":"human"}],"confidence":{"state":"","who":["user:abojchevski"],"prob":1},"fields":{},"normalizations":{}},{"classId":"e_1","part":"s3s1s1s4h1","offsets":[{"start":21,"text":"5-HT2A"}],"confidence":{"state":"","who":["user:abojchevski"],"prob":1},"fields":{},"normalizations":{}},{"classId":"e_1","part":"s3s1s1s4p1","offsets":[{"start":37,"text":"HA"}],"confidence":{"state":"","who":["user:abojchevski"],"prob":1},"fields":{},"normalizations":{}},{"classId":"e_1","part":"s3s1s1s4p1","offsets":[{"start":47,"text":"5-HT2A"}],"confidence":{"state":"","who":["user:abojchevski"],"prob":1},"fields":{},"normalizations":{}},{"classId":"e_1","part":"s3s1s1s4p1","offsets":[{"start":346,"text":"5-HT2A"}],"confidence":{"state":"","who":["user:abojchevski"],"prob":1},"fields":{},"normalizations":{}},{"classId":"e_1","part":"s3s1s1s4p1","offsets":[{"start":420,"text":"HA"}],"confidence":{"state":"","who":["user:abojchevski"],"prob":1},"fields":{},"normalizations":{}},{"classId":"e_1","part":"s3s1s1s4p1","offsets":[{"start":468,"text":"HA"}],"confidence":{"state":"","who":["user:abojchevski"],"prob":1},"fields":{},"normalizations":{}},{"classId":"e_1","part":"s3s1s1s4p1","offsets":[{"start":471,"text":"5-HT2A"}],"confidence":{"state":"","who":["user:abojchevski"],"prob":1},"fields":{},"normalizations":{}},{"classId":"e_3","part":"s3s1s1s4p1","offsets":[{"start":774,"text":"human"}],"confidence":{"state":"","who":["user:abojchevski"],"prob":1},"fields":{},"normalizations":{}},{"classId":"e_1","part":"s3s1s1s5p1","offsets":[{"start":194,"text":"5-HT2A"}],"confidence":{"state":"","who":["user:abojchevski"],"prob":1},"fields":{},"normalizations":{}},{"classId":"e_1","part":"s3s1s1s5p1","offsets":[{"start":223,"text":"phospho-Thr202/Tyr204"}],"confidence":{"state":"","who":["user:abojchevski"],"prob":1},"fields":{},"normalizations":{}},{"classId":"e_1","part":"s3s1s1s5p1","offsets":[{"start":245,"text":"Erk1,2"}],"confidence":{"state":"","who":["user:abojchevski"],"prob":1},"fields":{},"normalizations":{}},{"classId":"e_1","part":"s3s1s1s5p1","offsets":[{"start":266,"text":"Erk1,2"}],"confidence":{"state":"","who":["user:abojchevski"],"prob":1},"fields":{},"normalizations":{}},{"classId":"e_1","part":"s3s1s1s5p1","offsets":[{"start":287,"text":"HA"}],"confidence":{"state":"","who":["user:abojchevski"],"prob":1},"fields":{},"normalizations":{}},{"classId":"e_1","part":"s3s1s1s5p1","offsets":[{"start":304,"text":"GFP"}],"confidence":{"state":"","who":["user:abojchevski"],"prob":1},"fields":{},"normalizations":{}},{"classId":"e_1","part":"s3s1s1s5p1","offsets":[{"start":322,"text":"RSK2"}],"confidence":{"state":"","who":["user:abojchevski"],"prob":1},"fields":{},"normalizations":{}},{"classId":"e_3","part":"s3s1s1s5p1","offsets":[{"start":362,"text":"mouse"}],"confidence":{"state":"","who":["user:abojchevski"],"prob":1},"fields":{},"normalizations":{}},{"classId":"e_3","part":"s3s1s1s5p1","offsets":[{"start":376,"text":"rabbit"}],"confidence":{"state":"","who":["user:abojchevski"],"prob":1},"fields":{},"normalizations":{}},{"classId":"e_3","part":"s3s1s1s6h1","offsets":[{"start":38,"text":"Mice"}],"confidence":{"state":"","who":["user:abojchevski"],"prob":1},"fields":{},"normalizations":{}},{"classId":"e_1","part":"s3s1s1s6p1","offsets":[{"start":43,"text":"5-HT2A"}],"confidence":{"state":"","who":["user:abojchevski"],"prob":1},"fields":{},"normalizations":{}},{"classId":"e_3","part":"s3s1s1s6p1","offsets":[{"start":69,"text":"mice"}],"confidence":{"state":"","who":["user:abojchevski"],"prob":1},"fields":{},"normalizations":{}},{"classId":"e_3","part":"s3s1s1s6p1","offsets":[{"start":245,"text":"Mice"}],"confidence":{"state":"","who":["user:abojchevski"],"prob":1},"fields":{},"normalizations":{}},{"classId":"e_3","part":"s3s1s1s6p1","offsets":[{"start":411,"text":"mice"}],"confidence":{"state":"","who":["user:abojchevski"],"prob":1},"fields":{},"normalizations":{}},{"classId":"e_3","part":"s3s1s1s6p1","offsets":[{"start":930,"text":"goat"}],"confidence":{"state":"","who":["user:abojchevski"],"prob":1},"fields":{},"normalizations":{}},{"classId":"e_1","part":"s3s1s1s6p1","offsets":[{"start":1054,"text":"5HT2A"}],"confidence":{"state":"","who":["user:abojchevski"],"prob":1},"fields":{},"normalizations":{}},{"classId":"e_1","part":"s3s1s1s6p1","offsets":[{"start":1084,"text":"5-HT2A"}],"confidence":{"state":"","who":["user:abojchevski"],"prob":1},"fields":{},"normalizations":{}},{"classId":"e_3","part":"s3s1s1s6p1","offsets":[{"start":1204,"text":"rabbit"}],"confidence":{"state":"","who":["user:abojchevski"],"prob":1},"fields":{},"normalizations":{}},{"classId":"e_1","part":"s3s1s1s8p1","offsets":[{"start":37,"text":"HA"}],"confidence":{"state":"","who":["user:abojchevski"],"prob":1},"fields":{},"normalizations":{}},{"classId":"e_1","part":"s3s1s1s8p1","offsets":[{"start":47,"text":"5-HT2A"}],"confidence":{"state":"","who":["user:abojchevski"],"prob":1},"fields":{},"normalizations":{}},{"classId":"e_3","part":"s3s1s1s8p1","offsets":[{"start":119,"text":"rabbit"}],"confidence":{"state":"","who":["user:abojchevski"],"prob":1},"fields":{},"normalizations":{}},{"classId":"e_1","part":"s3s1s1s8p1","offsets":[{"start":131,"text":"HA"}],"confidence":{"state":"","who":["user:abojchevski"],"prob":1},"fields":{},"normalizations":{}},{"classId":"e_3","part":"s3s1s1s8p1","offsets":[{"start":428,"text":"rabbit"}],"confidence":{"state":"","who":["user:abojchevski"],"prob":1},"fields":{},"normalizations":{}},{"classId":"e_3","part":"s3s1s1s8p1","offsets":[{"start":480,"text":"goat"}],"confidence":{"state":"","who":["user:abojchevski"],"prob":1},"fields":{},"normalizations":{}},{"classId":"e_3","part":"s3s1s1s8p1","offsets":[{"start":589,"text":"goat"}],"confidence":{"state":"","who":["user:abojchevski"],"prob":1},"fields":{},"normalizations":{}},{"classId":"e_3","part":"s3s1s1s8p1","offsets":[{"start":665,"text":"goat"}],"confidence":{"state":"","who":["user:abojchevski"],"prob":1},"fields":{},"normalizations":{}},{"classId":"e_3","part":"s3s1s1s8p1","offsets":[{"start":759,"text":"rabbit"}],"confidence":{"state":"","who":["user:abojchevski"],"prob":1},"fields":{},"normalizations":{}},{"classId":"e_3","part":"s3s1s1s8p1","offsets":[{"start":811,"text":"goat"}],"confidence":{"state":"","who":["user:abojchevski"],"prob":1},"fields":{},"normalizations":{}},{"classId":"e_1","part":"s4s1s1s1p1","offsets":[{"start":64,"text":"5-HT2A"}],"confidence":{"state":"","who":["user:abojchevski"],"prob":1},"fields":{},"normalizations":{}},{"classId":"e_1","part":"s4s1s1s1p1","offsets":[{"start":596,"text":"5-HT2A"}],"confidence":{"state":"","who":["user:abojchevski"],"prob":1},"fields":{},"normalizations":{}},{"classId":"e_1","part":"s4s1s1s1p1","offsets":[{"start":689,"text":"5-HT2A"}],"confidence":{"state":"","who":["user:abojchevski"],"prob":1},"fields":{},"normalizations":{}},{"classId":"e_1","part":"s4s1s1s1p1","offsets":[{"start":1073,"text":"Erk1,2"}],"confidence":{"state":"","who":["user:abojchevski"],"prob":1},"fields":{},"normalizations":{}},{"classId":"e_1","part":"s4s1s1s1p1","offsets":[{"start":1313,"text":"Erk1,2"}],"confidence":{"state":"","who":["user:abojchevski"],"prob":1},"fields":{},"normalizations":{}},{"classId":"e_1","part":"s4s1s1s1p1","offsets":[{"start":1516,"text":"Erk1,2"}],"confidence":{"state":"","who":["user:abojchevski"],"prob":1},"fields":{},"normalizations":{}},{"classId":"e_1","part":"s4s1s1s1p2","offsets":[{"start":665,"text":"5-HT2A"}],"confidence":{"state":"","who":["user:abojchevski"],"prob":1},"fields":{},"normalizations":{}},{"classId":"e_1","part":"s4s1s1s1f1p1","offsets":[{"start":75,"text":"5-HT2A"}],"confidence":{"state":"","who":["user:abojchevski"],"prob":1},"fields":{},"normalizations":{}},{"classId":"e_1","part":"s4s1s1s1f1p1","offsets":[{"start":298,"text":"5-HT2A"}],"confidence":{"state":"","who":["user:abojchevski"],"prob":1},"fields":{},"normalizations":{}},{"classId":"e_1","part":"s4s1s1s1f1p1","offsets":[{"start":597,"text":"HA"}],"confidence":{"state":"","who":["user:abojchevski"],"prob":1},"fields":{},"normalizations":{}},{"classId":"e_1","part":"s4s1s1s1f1p1","offsets":[{"start":607,"text":"5-HT2A"}],"confidence":{"state":"","who":["user:abojchevski"],"prob":1},"fields":{},"normalizations":{}},{"classId":"e_1","part":"s4s1s1s1f1p1","offsets":[{"start":793,"text":"HA"}],"confidence":{"state":"","who":["user:abojchevski"],"prob":1},"fields":{},"normalizations":{}},{"classId":"e_1","part":"s4s1s1s2h1","offsets":[{"start":56,"text":"5-HT2A"}],"confidence":{"state":"","who":["user:abojchevski"],"prob":1},"fields":{},"normalizations":{}},{"classId":"e_1","part":"s4s1s1s2p1","offsets":[{"start":394,"text":"5-HT2A"}],"confidence":{"state":"","who":["user:abojchevski"],"prob":1},"fields":{},"normalizations":{}},{"classId":"e_1","part":"s4s1s1s2f1h1","offsets":[{"start":57,"text":"5-HT2A"}],"confidence":{"state":"","who":["user:abojchevski"],"prob":1},"fields":{},"normalizations":{}},{"classId":"e_1","part":"s4s1s1s2f1h1","offsets":[{"start":129,"text":"HA"}],"confidence":{"state":"","who":["user:abojchevski"],"prob":1},"fields":{},"normalizations":{}},{"classId":"e_1","part":"s4s1s1s2f1h1","offsets":[{"start":139,"text":"5-HT2A"}],"confidence":{"state":"","who":["user:abojchevski"],"prob":1},"fields":{},"normalizations":{}},{"classId":"e_1","part":"s4s1s1s2f1h1","offsets":[{"start":308,"text":"HA"}],"confidence":{"state":"","who":["user:abojchevski"],"prob":1},"fields":{},"normalizations":{}},{"classId":"e_3","part":"s4s1s1s2p2","offsets":[{"start":202,"text":"rabbit"}],"confidence":{"state":"","who":["user:abojchevski"],"prob":1},"fields":{},"normalizations":{}},{"classId":"e_1","part":"s4s1s1s2p2","offsets":[{"start":593,"text":"5-HT2A"}],"confidence":{"state":"","who":["user:abojchevski"],"prob":1},"fields":{},"normalizations":{}},{"classId":"e_1","part":"s4s1s1s2p2","offsets":[{"start":841,"text":"5-HT2A"}],"confidence":{"state":"","who":["user:abojchevski"],"prob":1},"fields":{},"normalizations":{}},{"classId":"e_2","part":"s4s1s1s2p2","offsets":[{"start":877,"text":"S280A"}],"confidence":{"state":"","who":["user:abojchevski"],"prob":1},"fields":{},"normalizations":{}},{"classId":"e_1","part":"s4s1s1s2p2","offsets":[{"start":1022,"text":"5-HT2A"}],"confidence":{"state":"","who":["user:abojchevski"],"prob":1},"fields":{},"normalizations":{}},{"classId":"e_1","part":"s4s1s1s2f2p1","offsets":[{"start":97,"text":"5-HT2A"}],"confidence":{"state":"","who":["user:abojchevski"],"prob":1},"fields":{},"normalizations":{}},{"classId":"e_1","part":"s4s1s1s2f2p1","offsets":[{"start":257,"text":"HA"}],"confidence":{"state":"","who":["user:abojchevski"],"prob":1},"fields":{},"normalizations":{}},{"classId":"e_1","part":"s4s1s1s2f2p1","offsets":[{"start":260,"text":"5-HT2A"}],"confidence":{"state":"","who":["user:abojchevski"],"prob":1},"fields":{},"normalizations":{}},{"classId":"e_1","part":"s4s1s1s2f2p1","offsets":[{"start":350,"text":"HA"}],"confidence":{"state":"","who":["user:abojchevski"],"prob":1},"fields":{},"normalizations":{}},{"classId":"e_1","part":"s4s1s1s2f2p1","offsets":[{"start":459,"text":"HA"}],"confidence":{"state":"","who":["user:abojchevski"],"prob":1},"fields":{},"normalizations":{}},{"classId":"e_1","part":"s4s1s1s2f2p1","offsets":[{"start":462,"text":"5-HT2A"}],"confidence":{"state":"","who":["user:abojchevski"],"prob":1},"fields":{},"normalizations":{}},{"classId":"e_1","part":"s4s1s1s2f2p1","offsets":[{"start":552,"text":"HA"}],"confidence":{"state":"","who":["user:abojchevski"],"prob":1},"fields":{},"normalizations":{}},{"classId":"e_1","part":"s4s1s1s2f2p1","offsets":[{"start":1301,"text":"5-HT2A"}],"confidence":{"state":"","who":["user:abojchevski"],"prob":1},"fields":{},"normalizations":{}},{"classId":"e_1","part":"s4s1s1s2f2p1","offsets":[{"start":1320,"text":"5-HT2A"}],"confidence":{"state":"","who":["user:abojchevski"],"prob":1},"fields":{},"normalizations":{}},{"classId":"e_1","part":"s4s1s1s2f2p1","offsets":[{"start":1378,"text":"5-HT2A"}],"confidence":{"state":"","who":["user:abojchevski"],"prob":1},"fields":{},"normalizations":{}},{"classId":"e_3","part":"s4s1s1s2f2p1","offsets":[{"start":1404,"text":"mice"}],"confidence":{"state":"","who":["user:abojchevski"],"prob":1},"fields":{},"normalizations":{}},{"classId":"e_3","part":"s4s1s1s2f2p1","offsets":[{"start":1415,"text":"mice"}],"confidence":{"state":"","who":["user:abojchevski"],"prob":1},"fields":{},"normalizations":{}},{"classId":"e_1","part":"s4s1s1s2p3","offsets":[{"start":26,"text":"5-HT2A"}],"confidence":{"state":"","who":["user:abojchevski"],"prob":1},"fields":{},"normalizations":{}},{"classId":"e_3","part":"s4s1s1s2p3","offsets":[{"start":86,"text":"mice"}],"confidence":{"state":"","who":["user:abojchevski"],"prob":1},"fields":{},"normalizations":{}},{"classId":"e_1","part":"s4s1s1s2p3","offsets":[{"start":132,"text":"5-HT2A"}],"confidence":{"state":"","who":["user:abojchevski"],"prob":1},"fields":{},"normalizations":{}},{"classId":"e_3","part":"s4s1s1s2p3","offsets":[{"start":326,"text":"mice"}],"confidence":{"state":"","who":["user:abojchevski"],"prob":1},"fields":{},"normalizations":{}},{"classId":"e_3","part":"s4s1s1s2p3","offsets":[{"start":360,"text":"mice"}],"confidence":{"state":"","who":["user:abojchevski"],"prob":1},"fields":{},"normalizations":{}},{"classId":"e_1","part":"s4s1s1s2p3","offsets":[{"start":624,"text":"5-HT2A"}],"confidence":{"state":"","who":["user:abojchevski"],"prob":1},"fields":{},"normalizations":{}},{"classId":"e_1","part":"s4s1s1s2p3","offsets":[{"start":780,"text":"5-HT2A"}],"confidence":{"state":"","who":["user:abojchevski"],"prob":1},"fields":{},"normalizations":{}},{"classId":"e_1","part":"s4s1s1s2p3","offsets":[{"start":871,"text":"5-HT2A"}],"confidence":{"state":"","who":["user:abojchevski"],"prob":1},"fields":{},"normalizations":{}},{"classId":"e_3","part":"s4s1s1s2p3","offsets":[{"start":896,"text":"mice"}],"confidence":{"state":"","who":["user:abojchevski"],"prob":1},"fields":{},"normalizations":{}},{"classId":"e_1","part":"s4s1s1s3h1","offsets":[{"start":19,"text":"5-HT2A"}],"confidence":{"state":"","who":["user:abojchevski"],"prob":1},"fields":{},"normalizations":{}},{"classId":"e_1","part":"s4s1s1s4h1","offsets":[{"start":93,"text":"5-HT2A"}],"confidence":{"state":"","who":["user:abojchevski"],"prob":1},"fields":{},"normalizations":{}},{"classId":"e_1","part":"s4s1s1s4p1","offsets":[{"start":25,"text":"5-HT2A"}],"confidence":{"state":"","who":["user:abojchevski"],"prob":1},"fields":{},"normalizations":{}},{"classId":"e_1","part":"s4s1s1s4p1","offsets":[{"start":103,"text":"5-HT2A"}],"confidence":{"state":"","who":["user:abojchevski"],"prob":1},"fields":{},"normalizations":{}},{"classId":"e_1","part":"s4s1s1s4p1","offsets":[{"start":1271,"text":"5-HT2A"}],"confidence":{"state":"","who":["user:abojchevski"],"prob":1},"fields":{},"normalizations":{}},{"classId":"e_1","part":"s4s1s1s4p1","offsets":[{"start":1296,"text":"Erk1,2"}],"confidence":{"state":"","who":["user:abojchevski"],"prob":1},"fields":{},"normalizations":{}},{"classId":"e_1","part":"s4s1s1s4p1","offsets":[{"start":1432,"text":"5-HT2A"}],"confidence":{"state":"","who":["user:abojchevski"],"prob":1},"fields":{},"normalizations":{}},{"classId":"e_1","part":"s4s1s1s4f1p1","offsets":[{"start":73,"text":"5-HT2A"}],"confidence":{"state":"","who":["user:abojchevski"],"prob":1},"fields":{},"normalizations":{}},{"classId":"e_1","part":"s4s1s1s4f1p1","offsets":[{"start":173,"text":"5-HT2A"}],"confidence":{"state":"","who":["user:abojchevski"],"prob":1},"fields":{},"normalizations":{}},{"classId":"e_1","part":"s4s1s1s4f1p1","offsets":[{"start":824,"text":"Erk1,2"}],"confidence":{"state":"","who":["user:abojchevski"],"prob":1},"fields":{},"normalizations":{}},{"classId":"e_1","part":"s4s1s1s4f1p1","offsets":[{"start":926,"text":"Erk1,2"}],"confidence":{"state":"","who":["user:abojchevski"],"prob":1},"fields":{},"normalizations":{}},{"classId":"e_1","part":"s4s1s1s4f1p1","offsets":[{"start":977,"text":"Erk1,2"}],"confidence":{"state":"","who":["user:abojchevski"],"prob":1},"fields":{},"normalizations":{}},{"classId":"e_1","part":"s4s1s1s4f1p1","offsets":[{"start":1154,"text":"Erk1,2"}],"confidence":{"state":"","who":["user:abojchevski"],"prob":1},"fields":{},"normalizations":{}},{"classId":"e_1","part":"s4s1s1s4p2","offsets":[{"start":344,"text":"5-HT2A"}],"confidence":{"state":"","who":["user:abojchevski"],"prob":1},"fields":{},"normalizations":{}},{"classId":"e_1","part":"s4s1s1s4p2","offsets":[{"start":784,"text":"β-arrestin2"}],"confidence":{"state":"","who":["user:abojchevski"],"prob":1},"fields":{},"normalizations":{}},{"classId":"e_1","part":"s4s1s1s4p2","offsets":[{"start":825,"text":"5-HT2A"}],"confidence":{"state":"","who":["user:abojchevski"],"prob":1},"fields":{},"normalizations":{}},{"classId":"e_1","part":"s4s1s1s4p2","offsets":[{"start":870,"text":"β-arrestin2"}],"confidence":{"state":"","who":["user:abojchevski"],"prob":1},"fields":{},"normalizations":{}},{"classId":"e_1","part":"s4s1s1s4f2p1","offsets":[{"start":73,"text":"5-HT2A"}],"confidence":{"state":"","who":["user:abojchevski"],"prob":1},"fields":{},"normalizations":{}},{"classId":"e_1","part":"s4s1s1s4f2p1","offsets":[{"start":131,"text":"HA"}],"confidence":{"state":"","who":["user:abojchevski"],"prob":1},"fields":{},"normalizations":{}},{"classId":"e_1","part":"s4s1s1s4f2p1","offsets":[{"start":141,"text":"5-HT2A"}],"confidence":{"state":"","who":["user:abojchevski"],"prob":1},"fields":{},"normalizations":{}},{"classId":"e_3","part":"s4s1s1s4f2p1","offsets":[{"start":198,"text":"rabbit"}],"confidence":{"state":"","who":["user:abojchevski"],"prob":1},"fields":{},"normalizations":{}},{"classId":"e_1","part":"s4s1s1s4f2p1","offsets":[{"start":210,"text":"HA"}],"confidence":{"state":"","who":["user:abojchevski"],"prob":1},"fields":{},"normalizations":{}},{"classId":"e_1","part":"s4s1s1s4f2p1","offsets":[{"start":396,"text":"HA"}],"confidence":{"state":"","who":["user:abojchevski"],"prob":1},"fields":{},"normalizations":{}},{"classId":"e_1","part":"s4s1s1s4f2p1","offsets":[{"start":487,"text":"HA"}],"confidence":{"state":"","who":["user:abojchevski"],"prob":1},"fields":{},"normalizations":{}},{"classId":"e_1","part":"s4s1s1s4f2p1","offsets":[{"start":1108,"text":"β-arrestin2"}],"confidence":{"state":"","who":["user:abojchevski"],"prob":1},"fields":{},"normalizations":{}},{"classId":"e_1","part":"s4s1s1s4f2p1","offsets":[{"start":1127,"text":"5-HT2A"}],"confidence":{"state":"","who":["user:abojchevski"],"prob":1},"fields":{},"normalizations":{}},{"classId":"e_1","part":"s4s1s1s4f2p1","offsets":[{"start":1203,"text":"HA"}],"confidence":{"state":"","who":["user:abojchevski"],"prob":1},"fields":{},"normalizations":{}},{"classId":"e_1","part":"s4s1s1s4f2p1","offsets":[{"start":1213,"text":"5-HT2A"}],"confidence":{"state":"","who":["user:abojchevski"],"prob":1},"fields":{},"normalizations":{}},{"classId":"e_1","part":"s4s1s1s4f2p1","offsets":[{"start":1244,"text":"β-arrestin2"}],"confidence":{"state":"","who":["user:abojchevski"],"prob":1},"fields":{},"normalizations":{}},{"classId":"e_1","part":"s4s1s1s4f3p1","offsets":[{"start":46,"text":"5-HT2A"}],"confidence":{"state":"","who":["user:abojchevski"],"prob":1},"fields":{},"normalizations":{}},{"classId":"e_2","part":"s4s1s1s4f3p1","offsets":[{"start":260,"text":"S280A"}],"confidence":{"state":"","who":["user:abojchevski"],"prob":1},"fields":{},"normalizations":{}},{"classId":"e_2","part":"s4s1s1s4f3p1","offsets":[{"start":269,"text":"S280D"}],"confidence":{"state":"","who":["user:abojchevski"],"prob":1},"fields":{},"normalizations":{}},{"classId":"e_1","part":"s4s1s1s4f3p1","offsets":[{"start":275,"text":"5-HT2A"}],"confidence":{"state":"","who":["user:abojchevski"],"prob":1},"fields":{},"normalizations":{}},{"classId":"e_2","part":"s4s1s1s4f3p1","offsets":[{"start":768,"text":"S280A"}],"confidence":{"state":"","who":["user:abojchevski"],"prob":1},"fields":{},"normalizations":{}},{"classId":"e_2","part":"s4s1s1s4f3p1","offsets":[{"start":777,"text":"S280D"}],"confidence":{"state":"","who":["user:abojchevski"],"prob":1},"fields":{},"normalizations":{}},{"classId":"e_1","part":"s4s1s1s4f3p1","offsets":[{"start":783,"text":"5-HT2A"}],"confidence":{"state":"","who":["user:abojchevski"],"prob":1},"fields":{},"normalizations":{}},{"classId":"e_2","part":"s4s1s1s4f3p1","offsets":[{"start":1015,"text":"S280A"}],"confidence":{"state":"","who":["user:abojchevski"],"prob":1},"fields":{},"normalizations":{}},{"classId":"e_2","part":"s4s1s1s4f3p1","offsets":[{"start":1024,"text":"S280D"}],"confidence":{"state":"","who":["user:abojchevski"],"prob":1},"fields":{},"normalizations":{}},{"classId":"e_1","part":"s4s1s1s4f3p1","offsets":[{"start":1030,"text":"5-HT2A"}],"confidence":{"state":"","who":["user:abojchevski"],"prob":1},"fields":{},"normalizations":{}},{"classId":"e_1","part":"s4s1s1s5h1","offsets":[{"start":69,"text":"5-HT2A"}],"confidence":{"state":"","who":["user:abojchevski"],"prob":1},"fields":{},"normalizations":{}},{"classId":"e_1","part":"s4s1s1s5p1","offsets":[{"start":68,"text":"5HT2A"}],"confidence":{"state":"","who":["user:abojchevski"],"prob":1},"fields":{},"normalizations":{}},{"classId":"e_2","part":"s4s1s1s5p1","offsets":[{"start":217,"text":"S280A"}],"confidence":{"state":"","who":["user:abojchevski"],"prob":1},"fields":{},"normalizations":{}},{"classId":"e_2","part":"s4s1s1s5p1","offsets":[{"start":227,"text":"S280D"}],"confidence":{"state":"","who":["user:abojchevski"],"prob":1},"fields":{},"normalizations":{}},{"classId":"e_1","part":"s4s1s1s5p1","offsets":[{"start":233,"text":"5-HT2A"}],"confidence":{"state":"","who":["user:abojchevski"],"prob":1},"fields":{},"normalizations":{}},{"classId":"e_1","part":"s4s1s1s5p1","offsets":[{"start":311,"text":"Erk1,2"}],"confidence":{"state":"","who":["user:abojchevski"],"prob":1},"fields":{},"normalizations":{}},{"classId":"e_2","part":"s4s1s1s5p1","offsets":[{"start":513,"text":"S280A"}],"confidence":{"state":"","who":["user:abojchevski"],"prob":1},"fields":{},"normalizations":{}},{"classId":"e_2","part":"s4s1s1s5p1","offsets":[{"start":522,"text":"S280D"}],"confidence":{"state":"","who":["user:abojchevski"],"prob":1},"fields":{},"normalizations":{}},{"classId":"e_1","part":"s4s1s1s5p1","offsets":[{"start":528,"text":"5-HT2A"}],"confidence":{"state":"","who":["user:abojchevski"],"prob":1},"fields":{},"normalizations":{}},{"classId":"e_1","part":"s4s1s1s5p1","offsets":[{"start":648,"text":"Erk1,2"}],"confidence":{"state":"","who":["user:abojchevski"],"prob":1},"fields":{},"normalizations":{}},{"classId":"e_2","part":"s4s1s1s5p1","offsets":[{"start":689,"text":"S280A"}],"confidence":{"state":"","who":["user:abojchevski"],"prob":1},"fields":{},"normalizations":{}},{"classId":"e_2","part":"s4s1s1s5p1","offsets":[{"start":954,"text":"S280D"}],"confidence":{"state":"","who":["user:abojchevski"],"prob":1},"fields":{},"normalizations":{}},{"classId":"e_1","part":"s4s1s1s5p1","offsets":[{"start":960,"text":"5-HT2A"}],"confidence":{"state":"","who":["user:abojchevski"],"prob":1},"fields":{},"normalizations":{}},{"classId":"e_1","part":"s5p1","offsets":[{"start":268,"text":"5-HT2A"}],"confidence":{"state":"","who":["user:abojchevski"],"prob":1},"fields":{},"normalizations":{}},{"classId":"e_1","part":"s5p1","offsets":[{"start":831,"text":"5-HT2A"}],"confidence":{"state":"","who":["user:abojchevski"],"prob":1},"fields":{},"normalizations":{}},{"classId":"e_1","part":"s5p1","offsets":[{"start":974,"text":"5-HT2A"}],"confidence":{"state":"","who":["user:abojchevski"],"prob":1},"fields":{},"normalizations":{}},{"classId":"e_3","part":"s5p2","offsets":[{"start":788,"text":"mice"}],"confidence":{"state":"","who":["user:abojchevski"],"prob":1},"fields":{},"normalizations":{}},{"classId":"e_3","part":"s5p2","offsets":[{"start":955,"text":"mice"}],"confidence":{"state":"","who":["user:abojchevski"],"prob":1},"fields":{},"normalizations":{}},{"classId":"e_3","part":"s5p3","offsets":[{"start":325,"text":"mouse"}],"confidence":{"state":"","who":["user:abojchevski"],"prob":1},"fields":{},"normalizations":{}},{"classId":"e_1","part":"s5p3","offsets":[{"start":634,"text":"RSK2"}],"confidence":{"state":"","who":["user:abojchevski"],"prob":1},"fields":{},"normalizations":{}},{"classId":"e_1","part":"s5p3","offsets":[{"start":772,"text":"5-HT2A"}],"confidence":{"state":"","who":["user:abojchevski"],"prob":1},"fields":{},"normalizations":{}},{"classId":"e_1","part":"s5p3","offsets":[{"start":805,"text":"RSK2"}],"confidence":{"state":"","who":["user:abojchevski"],"prob":1},"fields":{},"normalizations":{}},{"classId":"e_1","part":"s5p3","offsets":[{"start":984,"text":"5-HT2A"}],"confidence":{"state":"","who":["user:abojchevski"],"prob":1},"fields":{},"normalizations":{}},{"classId":"e_1","part":"s5p3","offsets":[{"start":1310,"text":"5-HT2A"}],"confidence":{"state":"","who":["user:abojchevski"],"prob":1},"fields":{},"normalizations":{}},{"classId":"e_1","part":"s5p4","offsets":[{"start":607,"text":"5-HT2A"}],"confidence":{"state":"","who":["user:abojchevski"],"prob":1},"fields":{},"normalizations":{}},{"classId":"e_1","part":"s5p4","offsets":[{"start":902,"text":"5-HT2A"}],"confidence":{"state":"","who":["user:abojchevski"],"prob":1},"fields":{},"normalizations":{}},{"classId":"e_1","part":"s5p5","offsets":[{"start":131,"text":"5-HT2A"}],"confidence":{"state":"","who":["user:abojchevski"],"prob":1},"fields":{},"normalizations":{}},{"classId":"e_1","part":"s5p5","offsets":[{"start":361,"text":"5-HT2A"}],"confidence":{"state":"","who":["user:abojchevski"],"prob":1},"fields":{},"normalizations":{}},{"classId":"e_1","part":"s5p5","offsets":[{"start":533,"text":"5-HT2A"}],"confidence":{"state":"","who":["user:abojchevski"],"prob":1},"fields":{},"normalizations":{}},{"classId":"e_2","part":"s5p5","offsets":[{"start":988,"text":"S280A"}],"confidence":{"state":"","who":["user:abojchevski"],"prob":1},"fields":{},"normalizations":{}},{"classId":"e_2","part":"s5p5","offsets":[{"start":1186,"text":"Ser280D"}],"confidence":{"state":"","who":["user:abojchevski"],"prob":1},"fields":{},"normalizations":{}},{"classId":"e_1","part":"s5p5","offsets":[{"start":1925,"text":"5-HT2A"}],"confidence":{"state":"","who":["user:abojchevski"],"prob":1},"fields":{},"normalizations":{}},{"classId":"e_1","part":"s5p5","offsets":[{"start":2308,"text":"5-HT2A"}],"confidence":{"state":"","who":["user:abojchevski"],"prob":1},"fields":{},"normalizations":{}},{"classId":"e_1","part":"s5p5","offsets":[{"start":2590,"text":"5-HT2A"}],"confidence":{"state":"","who":["user:abojchevski"],"prob":1},"fields":{},"normalizations":{}},{"classId":"e_1","part":"s5p6","offsets":[{"start":19,"text":"5-HT2A"}],"confidence":{"state":"","who":["user:abojchevski"],"prob":1},"fields":{},"normalizations":{}},{"classId":"e_1","part":"s5p7","offsets":[{"start":92,"text":"5-HT2A"}],"confidence":{"state":"","who":["user:abojchevski"],"prob":1},"fields":{},"normalizations":{}},{"classId":"e_1","part":"s5p7","offsets":[{"start":482,"text":"5-HT2A"}],"confidence":{"state":"","who":["user:abojchevski"],"prob":1},"fields":{},"normalizations":{}},{"classId":"e_1","part":"s5p7","offsets":[{"start":712,"text":"5-HT2A"}],"confidence":{"state":"","who":["user:abojchevski"],"prob":1},"fields":{},"normalizations":{}}],"relations":[{"classId":"r_6","type":"linked","directed":false,"entities":["s2p1|1466,1470","s2p1|1504,1510"],"confidence":{"state":"","who":["user:abojchevski"],"prob":1}},{"classId":"r_5","type":"linked","directed":false,"entities":["s2p1|1724,1759","s2p1|2002,2008"],"confidence":{"state":"","who":["user:abojchevski"],"prob":1}},{"classId":"r_6","type":"linked","directed":false,"entities":["s3s1s1s1p2|4,10","s3s1s1s1p2|16,37"],"confidence":{"state":"","who":["user:abojchevski"],"prob":1}},{"classId":"r_6","type":"linked","directed":false,"entities":["s3s1s1s1p2|4,10","s3s1s1s1p2|61,67"],"confidence":{"state":"","who":["user:abojchevski"],"prob":1}},{"classId":"r_6","type":"linked","directed":false,"entities":["s3s1s1s1p2|134,140","s3s1s1s1p2|146,159"],"confidence":{"state":"","who":["user:abojchevski"],"prob":1}},{"classId":"r_6","type":"linked","directed":false,"entities":["s3s1s1s1p2|234,240","s3s1s1s1p2|246,249"],"confidence":{"state":"","who":["user:abojchevski"],"prob":1}},{"classId":"r_6","type":"linked","directed":false,"entities":["s3s1s1s1p2|287,293","s3s1s1s1p2|299,305"],"confidence":{"state":"","who":["user:abojchevski"],"prob":1}},{"classId":"r_6","type":"linked","directed":false,"entities":["s3s1s1s1p2|361,366","s3s1s1s1p2|372,374"],"confidence":{"state":"","who":["user:abojchevski"],"prob":1}},{"classId":"r_6","type":"linked","directed":false,"entities":["s3s1s1s1p2|455,461","s3s1s1s1p2|508,515"],"confidence":{"state":"","who":["user:abojchevski"],"prob":1}},{"classId":"r_5","type":"linked","directed":false,"entities":["s3s1s1s1p3|369,375","s3s1s1s1p3|394,399"],"confidence":{"state":"","who":["user:abojchevski"],"prob":1}},{"classId":"r_5","type":"linked","directed":false,"entities":["s3s1s1s1p3|404,409","s3s1s1s1p3|369,375"],"confidence":{"state":"","who":["user:abojchevski"],"prob":1}},{"classId":"r_6","type":"linked","directed":false,"entities":["s3s1s1s6p1|43,49","s3s1s1s6p1|69,73"],"confidence":{"state":"","who":["user:abojchevski"],"prob":1}},{"classId":"r_6","type":"linked","directed":false,"entities":["s3s1s1s8p1|119,125","s3s1s1s8p1|131,133"],"confidence":{"state":"","who":["user:abojchevski"],"prob":1}},{"classId":"r_5","type":"linked","directed":false,"entities":["s4s1s1s2p2|877,882","s4s1s1s2p2|841,847"],"confidence":{"state":"","who":["user:abojchevski"],"prob":1}},{"classId":"r_6","type":"linked","directed":false,"entities":["s4s1s1s2f2p1|1378,1384","s4s1s1s2f2p1|1404,1408"],"confidence":{"state":"","who":["user:abojchevski"],"prob":1}},{"classId":"r_6","type":"linked","directed":false,"entities":["s4s1s1s4f2p1|198,204","s4s1s1s4f2p1|210,212"],"confidence":{"state":"","who":["user:abojchevski"],"prob":1}},{"classId":"r_5","type":"linked","directed":false,"entities":["s4s1s1s4f3p1|260,265","s4s1s1s4f3p1|275,281"],"confidence":{"state":"","who":["user:abojchevski"],"prob":1}},{"classId":"r_5","type":"linked","directed":false,"entities":["s4s1s1s4f3p1|269,274","s4s1s1s4f3p1|275,281"],"confidence":{"state":"","who":["user:abojchevski"],"prob":1}},{"classId":"r_5","type":"linked","directed":false,"entities":["s4s1s1s4f3p1|768,773","s4s1s1s4f3p1|783,789"],"confidence":{"state":"","who":["user:abojchevski"],"prob":1}},{"classId":"r_5","type":"linked","directed":false,"entities":["s4s1s1s4f3p1|777,782","s4s1s1s4f3p1|783,789"],"confidence":{"state":"","who":["user:abojchevski"],"prob":1}},{"classId":"r_5","type":"linked","directed":false,"entities":["s4s1s1s4f3p1|1015,1020","s4s1s1s4f3p1|1030,1036"],"confidence":{"state":"","who":["user:abojchevski"],"prob":1}},{"classId":"r_5","type":"linked","directed":false,"entities":["s4s1s1s4f3p1|1024,1029","s4s1s1s4f3p1|1030,1036"],"confidence":{"state":"","who":["user:abojchevski"],"prob":1}},{"classId":"r_5","type":"linked","directed":false,"entities":["s4s1s1s5p1|217,222","s4s1s1s5p1|233,239"],"confidence":{"state":"","who":["user:abojchevski"],"prob":1}},{"classId":"r_5","type":"linked","directed":false,"entities":["s4s1s1s5p1|227,232","s4s1s1s5p1|233,239"],"confidence":{"state":"","who":["user:abojchevski"],"prob":1}},{"classId":"r_5","type":"linked","directed":false,"entities":["s4s1s1s5p1|513,518","s4s1s1s5p1|528,534"],"confidence":{"state":"","who":["user:abojchevski"],"prob":1}},{"classId":"r_5","type":"linked","directed":false,"entities":["s4s1s1s5p1|522,527","s4s1s1s5p1|528,534"],"confidence":{"state":"","who":["user:abojchevski"],"prob":1}},{"classId":"r_5","type":"linked","directed":false,"entities":["s4s1s1s5p1|689,694","s4s1s1s5p1|528,534"],"confidence":{"state":"","who":["user:abojchevski"],"prob":1}},{"classId":"r_5","type":"linked","directed":false,"entities":["s4s1s1s5p1|954,959","s4s1s1s5p1|960,966"],"confidence":{"state":"","who":["user:abojchevski"],"prob":1}},{"classId":"r_5","type":"linked","directed":false,"entities":["s5p5|988,993","s5p5|533,539"],"confidence":{"state":"","who":["user:abojchevski"],"prob":1}},{"classId":"r_5","type":"linked","directed":false,"entities":["s5p5|1186,1193","s5p5|533,539"],"confidence":{"state":"","who":["user:abojchevski"],"prob":1}}],"metas":{"m_4":{"value":false,"confidence":{}}},"annotatable":{"parts":["s1h1","s2h1","s2p1","s3h1","s3s1s1s1h1","s3s1s1s1p1","s3s1s1s1p2","s3s1s1s1p3","s3s1s1s2h1","s3s1s1s2p1","s3s1s1s2p2","s3s1s1s3h1","s3s1s1s3p1","s3s1s1s3p2","s3s1s1s3p3","s3s1s1s4h1","s3s1s1s4p1","s3s1s1s5h1","s3s1s1s5p1","s3s1s1s6h1","s3s1s1s6p1","s3s1s1s7h1","s3s1s1s7p1","s3s1s1s8h1","s3s1s1s8p1","s3s1s1s9h1","s3s1s1s9p1","s4h1","s4s1s1s1h1","s4s1s1s1p1","s4s1s1s1p2","s4s1s1s1f1p1","s4s1s1s2h1","s4s1s1s2p1","s4s1s1s2f1h1","s4s1s1s2p2","s4s1s1s2f2p1","s4s1s1s2p3","s4s1s1s3h1","s4s1s1s3p1","s4s1s1s4h1","s4s1s1s4p1","s4s1s1s4f1p1","s4s1s1s4p2","s4s1s1s4f2p1","s4s1s1s4f3p1","s4s1s1s5h1","s4s1s1s5p1","s5h1","s5p1","s5p2","s5p3","s5p4","s5p5","s5p6","s5p7","s6h1"]}}