{"anncomplete":false,"sources":[{"name":"ORIG","id":"PMC3030776","url":"http://www.ncbi.nlm.nih.gov/pmc/articles/PMC3030776/"},{"name":"PMID","id":"20978020","url":"http://www.ncbi.nlm.nih.gov/pubmed/20978020"}],"entities":[{"classId":"e_1","part":"s1h1","offsets":[{"start":8,"text":"NGF"}],"confidence":{"state":"","who":["user:Shpendi"],"prob":1},"fields":{},"normalizations":{}},{"classId":"e_1","part":"s2s1p1","offsets":[{"start":0,"text":"Nerve growth factor β"}],"confidence":{"state":"","who":["user:Shpendi"],"prob":1},"fields":{},"normalizations":{}},{"classId":"e_1","part":"s2s1p1","offsets":[{"start":23,"text":"NGFβ"}],"confidence":{"state":"","who":["user:Shpendi"],"prob":1},"fields":{},"normalizations":{}},{"classId":"e_1","part":"s2s1p1","offsets":[{"start":33,"text":"tyrosine kinase receptor type A"}],"confidence":{"state":"","who":["user:Shpendi"],"prob":1},"fields":{},"normalizations":{}},{"classId":"e_1","part":"s2s1p1","offsets":[{"start":66,"text":"TRKA"}],"confidence":{"state":"","who":["user:Shpendi"],"prob":1},"fields":{},"normalizations":{}},{"classId":"e_1","part":"s2s1p1","offsets":[{"start":240,"text":"NGF"}],"confidence":{"state":"","who":["user:Shpendi"],"prob":1},"fields":{},"normalizations":{}},{"classId":"e_2","part":"s2s1p1","offsets":[{"start":254,"text":"c.661C>T"}],"confidence":{"state":"","who":["user:Shpendi"],"prob":1},"fields":{},"normalizations":{}},{"classId":"e_1","part":"s2s1p1","offsets":[{"start":327,"text":"TRKA"}],"confidence":{"state":"","who":["user:Shpendi"],"prob":1},"fields":{},"normalizations":{}},{"classId":"e_1","part":"s2s1p1","offsets":[{"start":338,"text":"NTRK1"}],"confidence":{"state":"","who":["user:Shpendi"],"prob":1},"fields":{},"normalizations":{}},{"classId":"e_1","part":"s2s1p1","offsets":[{"start":680,"text":"NGF"}],"confidence":{"state":"","who":["user:Shpendi"],"prob":1},"fields":{},"normalizations":{}},{"classId":"e_2","part":"s2s1p1","offsets":[{"start":690,"text":"c.[680C>A]+[681_682delGG]"}],"confidence":{"state":"","who":["user:Shpendi"],"prob":1},"fields":{},"normalizations":{}},{"classId":"e_2","part":"s2s3p1","offsets":[{"start":45,"text":"V232fs"}],"confidence":{"state":"","who":["user:Shpendi"],"prob":1},"fields":{},"normalizations":{}},{"classId":"e_2","part":"s2s3p1","offsets":[{"start":97,"text":"V232fs"}],"confidence":{"state":"","who":["user:Shpendi"],"prob":1},"fields":{},"normalizations":{}},{"classId":"e_1","part":"s2s3p1","offsets":[{"start":142,"text":"NGFβ"}],"confidence":{"state":"","who":["user:Shpendi"],"prob":1},"fields":{},"normalizations":{}},{"classId":"e_2","part":"s2s4p1","offsets":[{"start":53,"text":"c.[680C>A]+[681_682delGG]"}],"confidence":{"state":"","who":["user:Shpendi"],"prob":1},"fields":{},"normalizations":{}},{"classId":"e_1","part":"s2s4p1","offsets":[{"start":79,"text":"NGF"}],"confidence":{"state":"","who":["user:Shpendi"],"prob":1},"fields":{},"normalizations":{}},{"classId":"e_1","part":"s2s4p1","offsets":[{"start":299,"text":"NGF"}],"confidence":{"state":"","who":["user:Shpendi"],"prob":1},"fields":{},"normalizations":{}},{"classId":"e_1","part":"s2s4p1","offsets":[{"start":303,"text":"TRKA"}],"confidence":{"state":"","who":["user:Shpendi"],"prob":1},"fields":{},"normalizations":{}},{"classId":"e_3","part":"s4s3p1","offsets":[{"start":0,"text":"Rat"}],"confidence":{"state":"","who":["user:Shpendi"],"prob":1},"fields":{},"normalizations":{}},{"classId":"e_3","part":"s4s3p1","offsets":[{"start":36,"text":"Simian"}],"confidence":{"state":"","who":["user:Shpendi"],"prob":1},"fields":{},"normalizations":{}},{"classId":"e_1","part":"s4s4p1","offsets":[{"start":12,"text":"NGF"}],"confidence":{"state":"","who":["user:Shpendi"],"prob":1},"fields":{},"normalizations":{}},{"classId":"e_1","part":"s4s4p1","offsets":[{"start":104,"text":"pIRES2"}],"confidence":{"state":"","who":["user:Shpendi"],"prob":1},"fields":{},"normalizations":{}},{"classId":"e_1","part":"s4s4p1","offsets":[{"start":111,"text":"AcGFP1"}],"confidence":{"state":"","who":["user:Shpendi"],"prob":1},"fields":{},"normalizations":{}},{"classId":"e_2","part":"s4s4p1","offsets":[{"start":142,"text":"c.661C>T"}],"confidence":{"state":"","who":["user:Shpendi"],"prob":1},"fields":{},"normalizations":{}},{"classId":"e_1","part":"s4s4p1","offsets":[{"start":182,"text":"NGF"}],"confidence":{"state":"","who":["user:Shpendi"],"prob":1},"fields":{},"normalizations":{}},{"classId":"e_1","part":"s4s4p1","offsets":[{"start":186,"text":"pIRES2"}],"confidence":{"state":"","who":["user:Shpendi"],"prob":1},"fields":{},"normalizations":{}},{"classId":"e_1","part":"s4s4p1","offsets":[{"start":193,"text":"AcGFP1"}],"confidence":{"state":"","who":["user:Shpendi"],"prob":1},"fields":{},"normalizations":{}},{"classId":"e_1","part":"s4s4p1","offsets":[{"start":229,"text":"NGF"}],"confidence":{"state":"","who":["user:Shpendi"],"prob":1},"fields":{},"normalizations":{}},{"classId":"e_1","part":"s4s5p1","offsets":[{"start":121,"text":"NGF"}],"confidence":{"state":"","who":["user:Shpendi"],"prob":1},"fields":{},"normalizations":{}},{"classId":"e_1","part":"s4s5p1","offsets":[{"start":217,"text":"NGF"}],"confidence":{"state":"","who":["user:Shpendi"],"prob":1},"fields":{},"normalizations":{}},{"classId":"e_1","part":"s4s6p1","offsets":[{"start":226,"text":"NGF"}],"confidence":{"state":"","who":["user:Shpendi"],"prob":1},"fields":{},"normalizations":{}},{"classId":"e_1","part":"s5s1p1","offsets":[{"start":715,"text":"histamine"}],"confidence":{"state":"","who":["user:Shpendi"],"prob":1},"fields":{},"normalizations":{}},{"classId":"e_1","part":"s5s1f1p1","offsets":[{"start":185,"text":"NGF"}],"confidence":{"state":"","who":["user:Shpendi"],"prob":1},"fields":{},"normalizations":{}},{"classId":"e_2","part":"s5s1f1p1","offsets":[{"start":189,"text":"c.[680C>A]+[681_682delGG]"}],"confidence":{"state":"","who":["user:Shpendi"],"prob":1},"fields":{},"normalizations":{}},{"classId":"e_2","part":"s5s1f1p1","offsets":[{"start":225,"text":"CAdGG"}],"confidence":{"state":"","who":["user:Shpendi"],"prob":1},"fields":{},"normalizations":{}},{"classId":"e_2","part":"s5s1f1p1","offsets":[{"start":774,"text":"R221W"}],"confidence":{"state":"","who":["user:Shpendi"],"prob":1},"fields":{},"normalizations":{}},{"classId":"e_2","part":"s5s1f1p1","offsets":[{"start":800,"text":"V232fs"}],"confidence":{"state":"","who":["user:Shpendi"],"prob":1},"fields":{},"normalizations":{}},{"classId":"e_1","part":"s5s1f1p1","offsets":[{"start":830,"text":"NGF"}],"confidence":{"state":"","who":["user:Shpendi"],"prob":1},"fields":{},"normalizations":{}},{"classId":"e_1","part":"s5s2p1","offsets":[{"start":12,"text":"NTRK1"}],"confidence":{"state":"","who":["user:Shpendi"],"prob":1},"fields":{},"normalizations":{}},{"classId":"e_2","part":"s5s2p1","offsets":[{"start":186,"text":"single nucleotide polymorphism (SNP) haplotypes"}],"confidence":{"state":"","who":["user:Shpendi"],"prob":1},"fields":{},"normalizations":{}},{"classId":"e_1","part":"s5s2p1","offsets":[{"start":412,"text":"GTP cyclohydrolase"}],"confidence":{"state":"","who":["user:Shpendi"],"prob":1},"fields":{},"normalizations":{}},{"classId":"e_1","part":"s5s2p1","offsets":[{"start":432,"text":"GCH1"}],"confidence":{"state":"","who":["user:Shpendi"],"prob":1},"fields":{},"normalizations":{}},{"classId":"e_1","part":"s5s2p1","offsets":[{"start":463,"text":"NGF"}],"confidence":{"state":"","who":["user:Shpendi"],"prob":1},"fields":{},"normalizations":{}},{"classId":"e_1","part":"s5s2p2","offsets":[{"start":14,"text":"NGF"}],"confidence":{"state":"","who":["user:Shpendi"],"prob":1},"fields":{},"normalizations":{}},{"classId":"e_2","part":"s5s2p2","offsets":[{"start":50,"text":"c.[680C>A]+[681_682delGG]"}],"confidence":{"state":"","who":["user:Shpendi"],"prob":1},"fields":{},"normalizations":{}},{"classId":"e_2","part":"s5s2p2","offsets":[{"start":102,"text":"CAdGG"}],"confidence":{"state":"","who":["user:Shpendi"],"prob":1},"fields":{},"normalizations":{}},{"classId":"e_3","part":"s5s2p2","offsets":[{"start":246,"text":"human"}],"confidence":{"state":"","who":["user:Shpendi"],"prob":1},"fields":{},"normalizations":{}},{"classId":"e_2","part":"s5s2p2","offsets":[{"start":275,"text":"mutation occurs in the single translated exon of NGF and leads to the bases ‘CGG’ being changed to ‘A’"}],"confidence":{"state":"","who":["user:Shpendi"],"prob":1},"fields":{},"normalizations":{}},{"classId":"e_2","part":"s5s2p2","offsets":[{"start":421,"text":"replace the terminal 15 amino acids with a novel 43 amino acid terminal sequence"}],"confidence":{"state":"","who":["user:Shpendi"],"prob":1},"fields":{},"normalizations":{}},{"classId":"e_2","part":"s5s2p2","offsets":[{"start":503,"text":"V232fs"}],"confidence":{"state":"","who":["user:Shpendi"],"prob":1},"fields":{},"normalizations":{}},{"classId":"e_1","part":"s5s2p2","offsets":[{"start":671,"text":"NGF"}],"confidence":{"state":"","who":["user:Shpendi"],"prob":1},"fields":{},"normalizations":{}},{"classId":"e_2","part":"s5s2p2","offsets":[{"start":682,"text":"CAdGG"}],"confidence":{"state":"","who":["user:Shpendi"],"prob":1},"fields":{},"normalizations":{}},{"classId":"e_2","part":"s5s2f1p1","offsets":[{"start":0,"text":"V232fs"}],"confidence":{"state":"","who":["user:Shpendi"],"prob":1},"fields":{},"normalizations":{}},{"classId":"e_2","part":"s5s2f1p1","offsets":[{"start":11,"text":"R221W"}],"confidence":{"state":"","who":["user:Shpendi"],"prob":1},"fields":{},"normalizations":{}},{"classId":"e_2","part":"s5s2f1p1","offsets":[{"start":179,"text":"CT"}],"confidence":{"state":"","who":["user:Shpendi"],"prob":1},"fields":{},"normalizations":{}},{"classId":"e_2","part":"s5s2f1p1","offsets":[{"start":183,"text":"R221W"}],"confidence":{"state":"","who":["user:Shpendi"],"prob":1},"fields":{},"normalizations":{}},{"classId":"e_2","part":"s5s2f1p1","offsets":[{"start":193,"text":"CAdGG"}],"confidence":{"state":"","who":["user:Shpendi"],"prob":1},"fields":{},"normalizations":{}},{"classId":"e_2","part":"s5s2f1p1","offsets":[{"start":200,"text":"V232fs"}],"confidence":{"state":"","who":["user:Shpendi"],"prob":1},"fields":{},"normalizations":{}},{"classId":"e_1","part":"s5s2f1p1","offsets":[{"start":215,"text":"NGF"}],"confidence":{"state":"","who":["user:Shpendi"],"prob":1},"fields":{},"normalizations":{}},{"classId":"e_2","part":"s5s2f1p1","offsets":[{"start":430,"text":"R221W"}],"confidence":{"state":"","who":["user:Shpendi"],"prob":1},"fields":{},"normalizations":{}},{"classId":"e_2","part":"s5s2f1p1","offsets":[{"start":451,"text":"V232fs"}],"confidence":{"state":"","who":["user:Shpendi"],"prob":1},"fields":{},"normalizations":{}},{"classId":"e_2","part":"s5s2f1p1","offsets":[{"start":990,"text":"CT"}],"confidence":{"state":"","who":["user:Shpendi"],"prob":1},"fields":{},"normalizations":{}},{"classId":"e_2","part":"s5s2f1p1","offsets":[{"start":997,"text":"CAdGG"}],"confidence":{"state":"","who":["user:Shpendi"],"prob":1},"fields":{},"normalizations":{}},{"classId":"e_1","part":"s5s2f1p1","offsets":[{"start":1004,"text":"NGF"}],"confidence":{"state":"","who":["user:Shpendi"],"prob":1},"fields":{},"normalizations":{}},{"classId":"e_2","part":"s5s2f1p1","offsets":[{"start":1080,"text":"R221W"}],"confidence":{"state":"","who":["user:Shpendi"],"prob":1},"fields":{},"normalizations":{}},{"classId":"e_2","part":"s5s2f1p1","offsets":[{"start":1089,"text":"V232fs"}],"confidence":{"state":"","who":["user:Shpendi"],"prob":1},"fields":{},"normalizations":{}},{"classId":"e_1","part":"s5s2f1p1","offsets":[{"start":1096,"text":"NGF"}],"confidence":{"state":"","who":["user:Shpendi"],"prob":1},"fields":{},"normalizations":{}},{"classId":"e_1","part":"s5s2f1p1","offsets":[{"start":1237,"text":"NGF"}],"confidence":{"state":"","who":["user:Shpendi"],"prob":1},"fields":{},"normalizations":{}},{"classId":"e_1","part":"s5s2f1p1","offsets":[{"start":1367,"text":"NGF"}],"confidence":{"state":"","who":["user:Shpendi"],"prob":1},"fields":{},"normalizations":{}},{"classId":"e_1","part":"s5s2p3","offsets":[{"start":145,"text":"NGF"}],"confidence":{"state":"","who":["user:Shpendi"],"prob":1},"fields":{},"normalizations":{}},{"classId":"e_2","part":"s5s2p4","offsets":[{"start":21,"text":"V232fs"}],"confidence":{"state":"","who":["user:Shpendi"],"prob":1},"fields":{},"normalizations":{}},{"classId":"e_1","part":"s5s2p4","offsets":[{"start":142,"text":"NGF"}],"confidence":{"state":"","who":["user:Shpendi"],"prob":1},"fields":{},"normalizations":{}},{"classId":"e_2","part":"s5s2p4","offsets":[{"start":156,"text":"c.661C>T"}],"confidence":{"state":"","who":["user:Shpendi"],"prob":1},"fields":{},"normalizations":{}},{"classId":"e_2","part":"s5s2p4","offsets":[{"start":188,"text":"CT"}],"confidence":{"state":"","who":["user:Shpendi"],"prob":1},"fields":{},"normalizations":{}},{"classId":"e_2","part":"s5s2p4","offsets":[{"start":221,"text":"alteration of the invariant amino acid arginine 221 to tryptophan"}],"confidence":{"state":"","who":["user:Shpendi"],"prob":1},"fields":{},"normalizations":{}},{"classId":"e_2","part":"s5s2p4","offsets":[{"start":288,"text":"R221W"}],"confidence":{"state":"","who":["user:Shpendi"],"prob":1},"fields":{},"normalizations":{}},{"classId":"e_1","part":"s5s3p1","offsets":[{"start":92,"text":"NGF"}],"confidence":{"state":"","who":["user:Shpendi"],"prob":1},"fields":{},"normalizations":{}},{"classId":"e_2","part":"s5s3p1","offsets":[{"start":97,"text":"CT"}],"confidence":{"state":"","who":["user:Shpendi"],"prob":1},"fields":{},"normalizations":{}},{"classId":"e_2","part":"s5s3p1","offsets":[{"start":108,"text":"CAdGG"}],"confidence":{"state":"","who":["user:Shpendi"],"prob":1},"fields":{},"normalizations":{}},{"classId":"e_1","part":"s5s3p2","offsets":[{"start":56,"text":"TRKA"}],"confidence":{"state":"","who":["user:Shpendi"],"prob":1},"fields":{},"normalizations":{}},{"classId":"e_1","part":"s5s3p2","offsets":[{"start":259,"text":"NGF"}],"confidence":{"state":"","who":["user:Shpendi"],"prob":1},"fields":{},"normalizations":{}},{"classId":"e_2","part":"s5s3p2","offsets":[{"start":375,"text":"R221W"}],"confidence":{"state":"","who":["user:Shpendi"],"prob":1},"fields":{},"normalizations":{}},{"classId":"e_2","part":"s5s3p2","offsets":[{"start":384,"text":"V232fs"}],"confidence":{"state":"","who":["user:Shpendi"],"prob":1},"fields":{},"normalizations":{}},{"classId":"e_1","part":"s5s3p2","offsets":[{"start":391,"text":"NGF"}],"confidence":{"state":"","who":["user:Shpendi"],"prob":1},"fields":{},"normalizations":{}},{"classId":"e_1","part":"s5s3p2","offsets":[{"start":481,"text":"NGF"}],"confidence":{"state":"","who":["user:Shpendi"],"prob":1},"fields":{},"normalizations":{}},{"classId":"e_1","part":"s5s3p2","offsets":[{"start":798,"text":"TRKA"}],"confidence":{"state":"","who":["user:Shpendi"],"prob":1},"fields":{},"normalizations":{}},{"classId":"e_1","part":"s5s4h1","offsets":[{"start":44,"text":"NGF"}],"confidence":{"state":"","who":["user:Shpendi"],"prob":1},"fields":{},"normalizations":{}},{"classId":"e_1","part":"s5s4h1","offsets":[{"start":52,"text":"NGFβ"}],"confidence":{"state":"","who":["user:Shpendi"],"prob":1},"fields":{},"normalizations":{}},{"classId":"e_1","part":"s5s4p1","offsets":[{"start":35,"text":"NGF"}],"confidence":{"state":"","who":["user:Shpendi"],"prob":1},"fields":{},"normalizations":{}},{"classId":"e_1","part":"s5s4p1","offsets":[{"start":43,"text":"NGFβ"}],"confidence":{"state":"","who":["user:Shpendi"],"prob":1},"fields":{},"normalizations":{}},{"classId":"e_2","part":"s5s4p1","offsets":[{"start":170,"text":"CT"}],"confidence":{"state":"","who":["user:Shpendi"],"prob":1},"fields":{},"normalizations":{}},{"classId":"e_2","part":"s5s4p1","offsets":[{"start":177,"text":"CAdGG"}],"confidence":{"state":"","who":["user:Shpendi"],"prob":1},"fields":{},"normalizations":{}},{"classId":"e_1","part":"s5s4p1","offsets":[{"start":183,"text":"NGF"}],"confidence":{"state":"","who":["user:Shpendi"],"prob":1},"fields":{},"normalizations":{}},{"classId":"e_1","part":"s5s4p1","offsets":[{"start":252,"text":"NGF"}],"confidence":{"state":"","who":["user:Shpendi"],"prob":1},"fields":{},"normalizations":{}},{"classId":"e_1","part":"s5s4p1","offsets":[{"start":260,"text":"NGFβ"}],"confidence":{"state":"","who":["user:Shpendi"],"prob":1},"fields":{},"normalizations":{}},{"classId":"e_1","part":"s5s4p1","offsets":[{"start":287,"text":"NGF"}],"confidence":{"state":"","who":["user:Shpendi"],"prob":1},"fields":{},"normalizations":{}},{"classId":"e_1","part":"s5s4p1","offsets":[{"start":363,"text":"NGFβ"}],"confidence":{"state":"","who":["user:Shpendi"],"prob":1},"fields":{},"normalizations":{}},{"classId":"e_1","part":"s5s4p1","offsets":[{"start":454,"text":"NGF"}],"confidence":{"state":"","who":["user:Shpendi"],"prob":1},"fields":{},"normalizations":{}},{"classId":"e_2","part":"s5s4p1","offsets":[{"start":805,"text":"V232fs"}],"confidence":{"state":"","who":["user:Shpendi"],"prob":1},"fields":{},"normalizations":{}},{"classId":"e_1","part":"s5s4p2","offsets":[{"start":106,"text":"NGF"}],"confidence":{"state":"","who":["user:Shpendi"],"prob":1},"fields":{},"normalizations":{}},{"classId":"e_1","part":"s5s4p2","offsets":[{"start":204,"text":"NGF"}],"confidence":{"state":"","who":["user:Shpendi"],"prob":1},"fields":{},"normalizations":{}},{"classId":"e_1","part":"s5s4p2","offsets":[{"start":296,"text":"NGF"}],"confidence":{"state":"","who":["user:Shpendi"],"prob":1},"fields":{},"normalizations":{}},{"classId":"e_2","part":"s5s4p2","offsets":[{"start":350,"text":"R221W"}],"confidence":{"state":"","who":["user:Shpendi"],"prob":1},"fields":{},"normalizations":{}},{"classId":"e_1","part":"s5s4p2","offsets":[{"start":356,"text":"NGF"}],"confidence":{"state":"","who":["user:Shpendi"],"prob":1},"fields":{},"normalizations":{}},{"classId":"e_2","part":"s5s4p2","offsets":[{"start":434,"text":"V232fs"}],"confidence":{"state":"","who":["user:Shpendi"],"prob":1},"fields":{},"normalizations":{}},{"classId":"e_1","part":"s5s4p2","offsets":[{"start":441,"text":"NGF"}],"confidence":{"state":"","who":["user:Shpendi"],"prob":1},"fields":{},"normalizations":{}},{"classId":"e_2","part":"s5s4p2","offsets":[{"start":647,"text":"R221W"}],"confidence":{"state":"","who":["user:Shpendi"],"prob":1},"fields":{},"normalizations":{}},{"classId":"e_2","part":"s5s4f1p1","offsets":[{"start":0,"text":"V232fs"}],"confidence":{"state":"","who":["user:Shpendi"],"prob":1},"fields":{},"normalizations":{}},{"classId":"e_2","part":"s5s4f1p1","offsets":[{"start":30,"text":"R221W"}],"confidence":{"state":"","who":["user:Shpendi"],"prob":1},"fields":{},"normalizations":{}},{"classId":"e_1","part":"s5s4f1p1","offsets":[{"start":129,"text":"NGF"}],"confidence":{"state":"","who":["user:Shpendi"],"prob":1},"fields":{},"normalizations":{}},{"classId":"e_1","part":"s5s4f1p1","offsets":[{"start":143,"text":"NGF"}],"confidence":{"state":"","who":["user:Shpendi"],"prob":1},"fields":{},"normalizations":{}},{"classId":"e_1","part":"s5s4f1p1","offsets":[{"start":241,"text":"NGF"}],"confidence":{"state":"","who":["user:Shpendi"],"prob":1},"fields":{},"normalizations":{}},{"classId":"e_2","part":"s5s4f1p1","offsets":[{"start":497,"text":"CT"}],"confidence":{"state":"","who":["user:Shpendi"],"prob":1},"fields":{},"normalizations":{}},{"classId":"e_1","part":"s5s4p3","offsets":[{"start":32,"text":"NGF"}],"confidence":{"state":"","who":["user:Shpendi"],"prob":1},"fields":{},"normalizations":{}},{"classId":"e_2","part":"s5s4p3","offsets":[{"start":184,"text":"R221W"}],"confidence":{"state":"","who":["user:Shpendi"],"prob":1},"fields":{},"normalizations":{}},{"classId":"e_2","part":"s5s4p3","offsets":[{"start":194,"text":"V232fs"}],"confidence":{"state":"","who":["user:Shpendi"],"prob":1},"fields":{},"normalizations":{}},{"classId":"e_1","part":"s6p1","offsets":[{"start":408,"text":"NGF"}],"confidence":{"state":"","who":["user:Shpendi"],"prob":1},"fields":{},"normalizations":{}},{"classId":"e_2","part":"s6p1","offsets":[{"start":421,"text":"c.[680C>A]+[681_682delGG]"}],"confidence":{"state":"","who":["user:Shpendi"],"prob":1},"fields":{},"normalizations":{}},{"classId":"e_1","part":"s6p2","offsets":[{"start":60,"text":"NGF"}],"confidence":{"state":"","who":["user:Shpendi"],"prob":1},"fields":{},"normalizations":{}},{"classId":"e_2","part":"s6p2","offsets":[{"start":73,"text":"c.[661C>T]"}],"confidence":{"state":"","who":["user:Shpendi"],"prob":1},"fields":{},"normalizations":{}},{"classId":"e_1","part":"s6p3","offsets":[{"start":3,"text":"TRKA"}],"confidence":{"state":"","who":["user:Shpendi"],"prob":1},"fields":{},"normalizations":{}},{"classId":"e_1","part":"s6p3","offsets":[{"start":21,"text":"NGF"}],"confidence":{"state":"","who":["user:Shpendi"],"prob":1},"fields":{},"normalizations":{}},{"classId":"e_1","part":"s6p3","offsets":[{"start":85,"text":"NTRK1"}],"confidence":{"state":"","who":["user:Shpendi"],"prob":1},"fields":{},"normalizations":{}},{"classId":"e_2","part":"s6p3","offsets":[{"start":171,"text":"c.[661C>T]"}],"confidence":{"state":"","who":["user:Shpendi"],"prob":1},"fields":{},"normalizations":{}},{"classId":"e_1","part":"s6p3","offsets":[{"start":253,"text":"NTRK1"}],"confidence":{"state":"","who":["user:Shpendi"],"prob":1},"fields":{},"normalizations":{}},{"classId":"e_1","part":"s6p3","offsets":[{"start":277,"text":"NGF"}],"confidence":{"state":"","who":["user:Shpendi"],"prob":1},"fields":{},"normalizations":{}},{"classId":"e_2","part":"s6p3","offsets":[{"start":290,"text":"c.[680C>A]+[681_682delGG]"}],"confidence":{"state":"","who":["user:Shpendi"],"prob":1},"fields":{},"normalizations":{}},{"classId":"e_1","part":"s6p3","offsets":[{"start":420,"text":"NGFB"}],"confidence":{"state":"","who":["user:Shpendi"],"prob":1},"fields":{},"normalizations":{}},{"classId":"e_1","part":"s6p3","offsets":[{"start":425,"text":"TRKA"}],"confidence":{"state":"","who":["user:Shpendi"],"prob":1},"fields":{},"normalizations":{}},{"classId":"e_1","part":"s6p3","offsets":[{"start":510,"text":"NTRK1"}],"confidence":{"state":"","who":["user:Shpendi"],"prob":1},"fields":{},"normalizations":{}},{"classId":"e_2","part":"s6p4","offsets":[{"start":47,"text":"CAdGG"}],"confidence":{"state":"","who":["user:Shpendi"],"prob":1},"fields":{},"normalizations":{}},{"classId":"e_1","part":"s6p4","offsets":[{"start":53,"text":"NGF"}],"confidence":{"state":"","who":["user:Shpendi"],"prob":1},"fields":{},"normalizations":{}},{"classId":"e_2","part":"s6p4","offsets":[{"start":119,"text":"CT"}],"confidence":{"state":"","who":["user:Shpendi"],"prob":1},"fields":{},"normalizations":{}},{"classId":"e_2","part":"s6p4","offsets":[{"start":320,"text":"CAdGG"}],"confidence":{"state":"","who":["user:Shpendi"],"prob":1},"fields":{},"normalizations":{}},{"classId":"e_2","part":"s6p4","offsets":[{"start":448,"text":"V232fs"}],"confidence":{"state":"","who":["user:Shpendi"],"prob":1},"fields":{},"normalizations":{}},{"classId":"e_1","part":"s6p4","offsets":[{"start":455,"text":"NGF"}],"confidence":{"state":"","who":["user:Shpendi"],"prob":1},"fields":{},"normalizations":{}},{"classId":"e_2","part":"s6p4","offsets":[{"start":492,"text":"R221W"}],"confidence":{"state":"","who":["user:Shpendi"],"prob":1},"fields":{},"normalizations":{}},{"classId":"e_1","part":"s6p4","offsets":[{"start":498,"text":"NGF"}],"confidence":{"state":"","who":["user:Shpendi"],"prob":1},"fields":{},"normalizations":{}},{"classId":"e_2","part":"s6p4","offsets":[{"start":609,"text":"R221W"}],"confidence":{"state":"","who":["user:Shpendi"],"prob":1},"fields":{},"normalizations":{}},{"classId":"e_1","part":"s6p4","offsets":[{"start":615,"text":"NGF"}],"confidence":{"state":"","who":["user:Shpendi"],"prob":1},"fields":{},"normalizations":{}},{"classId":"e_2","part":"s6p4","offsets":[{"start":661,"text":"V232fs"}],"confidence":{"state":"","who":["user:Shpendi"],"prob":1},"fields":{},"normalizations":{}},{"classId":"e_1","part":"s6p4","offsets":[{"start":668,"text":"NGF"}],"confidence":{"state":"","who":["user:Shpendi"],"prob":1},"fields":{},"normalizations":{}},{"classId":"e_2","part":"s6p5","offsets":[{"start":61,"text":"CAdGG"}],"confidence":{"state":"","who":["user:Shpendi"],"prob":1},"fields":{},"normalizations":{}},{"classId":"e_2","part":"s6p5","offsets":[{"start":275,"text":"R221W"}],"confidence":{"state":"","who":["user:Shpendi"],"prob":1},"fields":{},"normalizations":{}},{"classId":"e_2","part":"s6p5","offsets":[{"start":390,"text":"R221W"}],"confidence":{"state":"","who":["user:Shpendi"],"prob":1},"fields":{},"normalizations":{}},{"classId":"e_1","part":"s6p5","offsets":[{"start":425,"text":"NGFβ"}],"confidence":{"state":"","who":["user:Shpendi"],"prob":1},"fields":{},"normalizations":{}},{"classId":"e_1","part":"s6p5","offsets":[{"start":570,"text":"NGF"}],"confidence":{"state":"","who":["user:Shpendi"],"prob":1},"fields":{},"normalizations":{}},{"classId":"e_2","part":"s6p5","offsets":[{"start":581,"text":"V232fs"}],"confidence":{"state":"","who":["user:Shpendi"],"prob":1},"fields":{},"normalizations":{}},{"classId":"e_2","part":"s6p5","offsets":[{"start":736,"text":"CAdGG"}],"confidence":{"state":"","who":["user:Shpendi"],"prob":1},"fields":{},"normalizations":{}}],"relations":[{"classId":"r_5","type":"linked","directed":false,"entities":["s2s1p1|0,21","s2s1p1|254,262"],"confidence":{"state":"","who":["user:Shpendi"],"prob":1}},{"classId":"r_5","type":"linked","directed":false,"entities":["s2s1p1|23,27","s2s1p1|254,262"],"confidence":{"state":"","who":["user:Shpendi"],"prob":1}},{"classId":"r_5","type":"linked","directed":false,"entities":["s2s1p1|33,64","s2s1p1|254,262"],"confidence":{"state":"","who":["user:Shpendi"],"prob":1}},{"classId":"r_5","type":"linked","directed":false,"entities":["s2s1p1|240,243","s2s1p1|254,262"],"confidence":{"state":"","who":["user:Shpendi"],"prob":1}},{"classId":"r_5","type":"linked","directed":false,"entities":["s2s1p1|327,331","s2s1p1|254,262"],"confidence":{"state":"","who":["user:Shpendi"],"prob":1}},{"classId":"r_5","type":"linked","directed":false,"entities":["s2s1p1|338,343","s2s1p1|254,262"],"confidence":{"state":"","who":["user:Shpendi"],"prob":1}},{"classId":"r_5","type":"linked","directed":false,"entities":["s2s1p1|680,683","s2s1p1|690,715"],"confidence":{"state":"","who":["user:Shpendi"],"prob":1}},{"classId":"r_5","type":"linked","directed":false,"entities":["s2s3p1|142,146","s2s3p1|97,103"],"confidence":{"state":"","who":["user:Shpendi"],"prob":1}},{"classId":"r_5","type":"linked","directed":false,"entities":["s2s4p1|53,78","s2s4p1|303,307"],"confidence":{"state":"","who":["user:Shpendi"],"prob":1}},{"classId":"r_5","type":"linked","directed":false,"entities":["s2s4p1|79,82","s2s4p1|53,78"],"confidence":{"state":"","who":["user:Shpendi"],"prob":1}},{"classId":"r_5","type":"linked","directed":false,"entities":["s4s4p1|142,150","s4s4p1|193,199"],"confidence":{"state":"","who":["user:Shpendi"],"prob":1}},{"classId":"r_5","type":"linked","directed":false,"entities":["s4s4p1|142,150","s4s4p1|186,192"],"confidence":{"state":"","who":["user:Shpendi"],"prob":1}},{"classId":"r_5","type":"linked","directed":false,"entities":["s4s4p1|142,150","s4s4p1|182,185"],"confidence":{"state":"","who":["user:Shpendi"],"prob":1}},{"classId":"r_5","type":"linked","directed":false,"entities":["s5s1f1p1|185,188","s5s1f1p1|189,214"],"confidence":{"state":"","who":["user:Shpendi"],"prob":1}},{"classId":"r_5","type":"linked","directed":false,"entities":["s5s1f1p1|225,230","s5s1f1p1|185,188"],"confidence":{"state":"","who":["user:Shpendi"],"prob":1}},{"classId":"r_5","type":"linked","directed":false,"entities":["s5s1f1p1|800,806","s5s1f1p1|830,833"],"confidence":{"state":"","who":["user:Shpendi"],"prob":1}},{"classId":"r_5","type":"linked","directed":false,"entities":["s5s1f1p1|830,833","s5s1f1p1|774,779"],"confidence":{"state":"","who":["user:Shpendi"],"prob":1}},{"classId":"r_5","type":"linked","directed":false,"entities":["s5s2p1|12,17","s5s2p1|186,233"],"confidence":{"state":"","who":["user:Shpendi"],"prob":1}},{"classId":"r_5","type":"linked","directed":false,"entities":["s5s2p1|412,430","s5s2p1|186,233"],"confidence":{"state":"","who":["user:Shpendi"],"prob":1}},{"classId":"r_5","type":"linked","directed":false,"entities":["s5s2p1|432,436","s5s2p1|186,233"],"confidence":{"state":"","who":["user:Shpendi"],"prob":1}},{"classId":"r_5","type":"linked","directed":false,"entities":["s5s2p1|463,466","s5s2p1|186,233"],"confidence":{"state":"","who":["user:Shpendi"],"prob":1}},{"classId":"r_5","type":"linked","directed":false,"entities":["s5s2p2|14,17","s5s2p2|50,75"],"confidence":{"state":"","who":["user:Shpendi"],"prob":1}},{"classId":"r_5","type":"linked","directed":false,"entities":["s5s2p2|102,107","s5s2p2|14,17"],"confidence":{"state":"","who":["user:Shpendi"],"prob":1}},{"classId":"r_6","type":"linked","directed":false,"entities":["s5s2p2|246,251","s5s2p2|14,17"],"confidence":{"state":"","who":["user:Shpendi"],"prob":1}},{"classId":"r_5","type":"linked","directed":false,"entities":["s5s2p2|503,509","s5s2p2|671,674"],"confidence":{"state":"","who":["user:Shpendi"],"prob":1}},{"classId":"r_5","type":"linked","directed":false,"entities":["s5s2p2|671,674","s5s2p2|682,687"],"confidence":{"state":"","who":["user:Shpendi"],"prob":1}},{"classId":"r_5","type":"linked","directed":false,"entities":["s5s2p2|671,674","s5s2p2|275,377"],"confidence":{"state":"","who":["user:Shpendi"],"prob":1}},{"classId":"r_5","type":"linked","directed":false,"entities":["s5s2p2|671,674","s5s2p2|421,501"],"confidence":{"state":"","who":["user:Shpendi"],"prob":1}},{"classId":"r_5","type":"linked","directed":false,"entities":["s5s2f1p1|183,188","s5s2f1p1|215,218"],"confidence":{"state":"","who":["user:Shpendi"],"prob":1}},{"classId":"r_5","type":"linked","directed":false,"entities":["s5s2f1p1|200,206","s5s2f1p1|215,218"],"confidence":{"state":"","who":["user:Shpendi"],"prob":1}},{"classId":"r_5","type":"linked","directed":false,"entities":["s5s2f1p1|215,218","s5s2f1p1|179,181"],"confidence":{"state":"","who":["user:Shpendi"],"prob":1}},{"classId":"r_5","type":"linked","directed":false,"entities":["s5s2f1p1|215,218","s5s2f1p1|193,198"],"confidence":{"state":"","who":["user:Shpendi"],"prob":1}},{"classId":"r_5","type":"linked","directed":false,"entities":["s5s2p4|21,27","s5s2p4|142,145"],"confidence":{"state":"","who":["user:Shpendi"],"prob":1}},{"classId":"r_5","type":"linked","directed":false,"entities":["s5s2p4|142,145","s5s2p4|188,190"],"confidence":{"state":"","who":["user:Shpendi"],"prob":1}},{"classId":"r_5","type":"linked","directed":false,"entities":["s5s2p4|156,164","s5s2p4|142,145"],"confidence":{"state":"","who":["user:Shpendi"],"prob":1}},{"classId":"r_5","type":"linked","directed":false,"entities":["s5s2p4|221,286","s5s2p4|142,145"],"confidence":{"state":"","who":["user:Shpendi"],"prob":1}},{"classId":"r_5","type":"linked","directed":false,"entities":["s5s2p4|288,293","s5s2p4|142,145"],"confidence":{"state":"","who":["user:Shpendi"],"prob":1}},{"classId":"r_5","type":"linked","directed":false,"entities":["s5s3p1|92,95","s5s3p1|97,99"],"confidence":{"state":"","who":["user:Shpendi"],"prob":1}},{"classId":"r_5","type":"linked","directed":false,"entities":["s5s3p1|108,113","s5s3p1|92,95"],"confidence":{"state":"","who":["user:Shpendi"],"prob":1}},{"classId":"r_5","type":"linked","directed":false,"entities":["s5s3p2|56,60","s5s3p2|375,380"],"confidence":{"state":"","who":["user:Shpendi"],"prob":1}},{"classId":"r_5","type":"linked","directed":false,"entities":["s5s3p2|375,380","s5s3p2|391,394"],"confidence":{"state":"","who":["user:Shpendi"],"prob":1}},{"classId":"r_5","type":"linked","directed":false,"entities":["s5s3p2|384,390","s5s3p2|56,60"],"confidence":{"state":"","who":["user:Shpendi"],"prob":1}},{"classId":"r_5","type":"linked","directed":false,"entities":["s5s3p2|391,394","s5s3p2|384,390"],"confidence":{"state":"","who":["user:Shpendi"],"prob":1}},{"classId":"r_5","type":"linked","directed":false,"entities":["s5s4p1|35,38","s5s4p1|177,182"],"confidence":{"state":"","who":["user:Shpendi"],"prob":1}},{"classId":"r_5","type":"linked","directed":false,"entities":["s5s4p1|35,38","s5s4p1|170,172"],"confidence":{"state":"","who":["user:Shpendi"],"prob":1}},{"classId":"r_5","type":"linked","directed":false,"entities":["s5s4p1|43,47","s5s4p1|170,172"],"confidence":{"state":"","who":["user:Shpendi"],"prob":1}},{"classId":"r_5","type":"linked","directed":false,"entities":["s5s4p1|43,47","s5s4p1|177,182"],"confidence":{"state":"","who":["user:Shpendi"],"prob":1}},{"classId":"r_5","type":"linked","directed":false,"entities":["s5s4p2|350,355","s5s4p2|356,359"],"confidence":{"state":"","who":["user:Shpendi"],"prob":1}},{"classId":"r_5","type":"linked","directed":false,"entities":["s5s4p2|441,444","s5s4p2|434,440"],"confidence":{"state":"","who":["user:Shpendi"],"prob":1}},{"classId":"r_5","type":"linked","directed":false,"entities":["s5s4f1p1|0,6","s5s4f1p1|129,132"],"confidence":{"state":"","who":["user:Shpendi"],"prob":1}},{"classId":"r_5","type":"linked","directed":false,"entities":["s5s4f1p1|30,35","s5s4f1p1|129,132"],"confidence":{"state":"","who":["user:Shpendi"],"prob":1}},{"classId":"r_5","type":"linked","directed":false,"entities":["s5s4f1p1|241,244","s5s4f1p1|497,499"],"confidence":{"state":"","who":["user:Shpendi"],"prob":1}},{"classId":"r_5","type":"linked","directed":false,"entities":["s5s4p3|32,35","s5s4p3|184,189"],"confidence":{"state":"","who":["user:Shpendi"],"prob":1}},{"classId":"r_5","type":"linked","directed":false,"entities":["s5s4p3|32,35","s5s4p3|194,200"],"confidence":{"state":"","who":["user:Shpendi"],"prob":1}},{"classId":"r_5","type":"linked","directed":false,"entities":["s6p1|408,411","s6p1|421,446"],"confidence":{"state":"","who":["user:Shpendi"],"prob":1}},{"classId":"r_5","type":"linked","directed":false,"entities":["s6p2|60,63","s6p2|73,83"],"confidence":{"state":"","who":["user:Shpendi"],"prob":1}},{"classId":"r_5","type":"linked","directed":false,"entities":["s6p3|21,24","s6p3|171,181"],"confidence":{"state":"","who":["user:Shpendi"],"prob":1}},{"classId":"r_5","type":"linked","directed":false,"entities":["s6p3|253,258","s6p3|290,315"],"confidence":{"state":"","who":["user:Shpendi"],"prob":1}},{"classId":"r_5","type":"linked","directed":false,"entities":["s6p3|277,280","s6p3|290,315"],"confidence":{"state":"","who":["user:Shpendi"],"prob":1}},{"classId":"r_5","type":"linked","directed":false,"entities":["s6p4|53,56","s6p4|47,52"],"confidence":{"state":"","who":["user:Shpendi"],"prob":1}},{"classId":"r_5","type":"linked","directed":false,"entities":["s6p4|53,56","s6p4|119,121"],"confidence":{"state":"","who":["user:Shpendi"],"prob":1}},{"classId":"r_5","type":"linked","directed":false,"entities":["s6p4|455,458","s6p4|448,454"],"confidence":{"state":"","who":["user:Shpendi"],"prob":1}},{"classId":"r_5","type":"linked","directed":false,"entities":["s6p4|492,497","s6p4|498,501"],"confidence":{"state":"","who":["user:Shpendi"],"prob":1}},{"classId":"r_5","type":"linked","directed":false,"entities":["s6p5|425,429","s6p5|390,395"],"confidence":{"state":"","who":["user:Shpendi"],"prob":1}},{"classId":"r_5","type":"linked","directed":false,"entities":["s6p5|425,429","s6p5|61,66"],"confidence":{"state":"","who":["user:Shpendi"],"prob":1}},{"classId":"r_5","type":"linked","directed":false,"entities":["s6p5|570,573","s6p5|581,587"],"confidence":{"state":"","who":["user:Shpendi"],"prob":1}},{"classId":"r_5","type":"linked","directed":false,"entities":["s6p5|570,573","s6p5|736,741"],"confidence":{"state":"","who":["user:Shpendi"],"prob":1}}],"metas":{"m_4":{"value":true,"confidence":{}}},"annotatable":{"parts":["s1h1","s2h1","s2s1h1","s2s1p1","s2s2h1","s2s2p1","s2s3h1","s2s3p1","s2s4h1","s2s4p1","s3h1","s3p1","s3p2","s4h1","s4p1","s4s1h1","s4s1p1","s4s2h1","s4s2p1","s4s3h1","s4s3p1","s4s4h1","s4s4p1","s4s5h1","s4s5p1","s4s6h1","s4s6p1","s5h1","s5s1h1","s5s1p1","s5s1f1p1","s5s2h1","s5s2p1","s5s2p2","s5s2f1p1","s5s2p3","s5s2p4","s5s3h1","s5s3p1","s5s3p2","s5s4h1","s5s4p1","s5s4p2","s5s4f1p1","s5s4p3","s6h1","s6p1","s6p2","s6p3","s6p4","s6p5","s6p6"]}}