{"anncomplete":true,"sources":[{"name":"ORIG","id":"11342563","url":"http://www.ncbi.nlm.nih.gov/pubmed/11342563"},{"name":"PMID","id":"11342563","url":"http://www.ncbi.nlm.nih.gov/pubmed/11342563"}],"entities":[{"classId":"e_1","part":"s1h1","offsets":[{"start":25,"text":"INAD"}],"confidence":{"state":"","who":["user:Shpendi"],"prob":1},"fields":{},"normalizations":{}},{"classId":"e_1","part":"s1h1","offsets":[{"start":72,"text":"eye protein kinase C"}],"confidence":{"state":"","who":["user:Shpendi"],"prob":1},"fields":{},"normalizations":{}},{"classId":"e_1","part":"s2p1","offsets":[{"start":0,"text":"INAD"}],"confidence":{"state":"","who":["user:Shpendi"],"prob":1},"fields":{},"normalizations":{}},{"classId":"e_1","part":"s2p1","offsets":[{"start":102,"text":"NORPA"}],"confidence":{"state":"","who":["user:Shpendi"],"prob":1},"fields":{},"normalizations":{}},{"classId":"e_1","part":"s2p1","offsets":[{"start":109,"text":"phospholipase Cbeta(4)"}],"confidence":{"state":"","who":["user:Shpendi"],"prob":1},"fields":{},"normalizations":{}},{"classId":"e_1","part":"s2p1","offsets":[{"start":163,"text":"eye-PKC"}],"confidence":{"state":"","who":["user:Shpendi"],"prob":1},"fields":{},"normalizations":{}},{"classId":"e_3","part":"s2p1","offsets":[{"start":174,"text":"Drosophila"}],"confidence":{"state":"","who":["user:Shpendi"],"prob":1},"fields":{},"normalizations":{}},{"classId":"e_1","part":"s2p1","offsets":[{"start":227,"text":"eye-PKC"}],"confidence":{"state":"","who":["user:Shpendi"],"prob":1},"fields":{},"normalizations":{}},{"classId":"e_1","part":"s2p1","offsets":[{"start":283,"text":"INAD"}],"confidence":{"state":"","who":["user:Shpendi"],"prob":1},"fields":{},"normalizations":{}},{"classId":"e_1","part":"s2p1","offsets":[{"start":428,"text":"eye-PKC"}],"confidence":{"state":"","who":["user:Shpendi"],"prob":1},"fields":{},"normalizations":{}},{"classId":"e_2","part":"s2p1","offsets":[{"start":514,"text":"Replacement of Ile(-3)"}],"confidence":{"state":"","who":["user:Shpendi"],"prob":1},"fields":{},"normalizations":{}},{"classId":"e_1","part":"s2p1","offsets":[{"start":540,"text":"eye-PKC"}],"confidence":{"state":"","who":["user:Shpendi"],"prob":1},"fields":{},"normalizations":{}},{"classId":"e_2","part":"s2p1","offsets":[{"start":655,"text":"His with Arg at the second alpha-helix of PDZ2"}],"confidence":{"state":"","who":["user:Shpendi"],"prob":1},"fields":{},"normalizations":{}},{"classId":"e_2","part":"s2p1","offsets":[{"start":739,"text":"Leu replacement"}],"confidence":{"state":"","who":["user:Shpendi"],"prob":1},"fields":{},"normalizations":{}},{"classId":"e_1","part":"s2p1","offsets":[{"start":779,"text":"eye-PKC"}],"confidence":{"state":"","who":["user:Shpendi"],"prob":1},"fields":{},"normalizations":{}},{"classId":"e_1","part":"s2p1","offsets":[{"start":830,"text":"InaD"}],"confidence":{"state":"","who":["user:Shpendi"],"prob":1},"fields":{},"normalizations":{}},{"classId":"e_1","part":"s2p1","offsets":[{"start":864,"text":"InaD"}],"confidence":{"state":"","who":["user:Shpendi"],"prob":1},"fields":{},"normalizations":{}},{"classId":"e_2","part":"s2p1","offsets":[{"start":981,"text":"three SNPs affecting residues, 282, 319, and 333"}],"confidence":{"state":"","who":["user:Shpendi"],"prob":1},"fields":{},"normalizations":{}},{"classId":"e_1","part":"s2p1","offsets":[{"start":1033,"text":"INAD"}],"confidence":{"state":"","who":["user:Shpendi"],"prob":1},"fields":{},"normalizations":{}},{"classId":"e_1","part":"s2p1","offsets":[{"start":1166,"text":"eye-PKC"}],"confidence":{"state":"","who":["user:Shpendi"],"prob":1},"fields":{},"normalizations":{}},{"classId":"e_1","part":"s2p1","offsets":[{"start":1227,"text":"eye-PKC"}],"confidence":{"state":"","who":["user:Shpendi"],"prob":1},"fields":{},"normalizations":{}},{"classId":"e_1","part":"s2p1","offsets":[{"start":1306,"text":"INAD"}],"confidence":{"state":"","who":["user:Shpendi"],"prob":1},"fields":{},"normalizations":{}},{"classId":"e_1","part":"s2p1","offsets":[{"start":1348,"text":"eye-PKC"}],"confidence":{"state":"","who":["user:Shpendi"],"prob":1},"fields":{},"normalizations":{}}],"relations":[{"classId":"r_6","type":"linked","directed":false,"entities":["s2p1|0,4","s2p1|174,184"],"confidence":{"state":"","who":["user:Shpendi"],"prob":1}},{"classId":"r_6","type":"linked","directed":false,"entities":["s2p1|109,131","s2p1|174,184"],"confidence":{"state":"","who":["user:Shpendi"],"prob":1}},{"classId":"r_6","type":"linked","directed":false,"entities":["s2p1|174,184","s2p1|163,170"],"confidence":{"state":"","who":["user:Shpendi"],"prob":1}},{"classId":"r_6","type":"linked","directed":false,"entities":["s2p1|174,184","s2p1|102,107"],"confidence":{"state":"","who":["user:Shpendi"],"prob":1}},{"classId":"r_6","type":"linked","directed":false,"entities":["s2p1|283,287","s2p1|174,184"],"confidence":{"state":"","who":["user:Shpendi"],"prob":1}},{"classId":"r_5","type":"linked","directed":false,"entities":["s2p1|514,536","s2p1|540,547"],"confidence":{"state":"","who":["user:Shpendi"],"prob":1}},{"classId":"r_5","type":"linked","directed":false,"entities":["s2p1|655,701","s2p1|779,786"],"confidence":{"state":"","who":["user:Shpendi"],"prob":1}},{"classId":"r_5","type":"linked","directed":false,"entities":["s2p1|739,754","s2p1|540,547"],"confidence":{"state":"","who":["user:Shpendi"],"prob":1}},{"classId":"r_5","type":"linked","directed":false,"entities":["s2p1|830,834","s2p1|739,754"],"confidence":{"state":"","who":["user:Shpendi"],"prob":1}},{"classId":"r_5","type":"linked","directed":false,"entities":["s2p1|830,834","s2p1|655,701"],"confidence":{"state":"","who":["user:Shpendi"],"prob":1}},{"classId":"r_5","type":"linked","directed":false,"entities":["s2p1|981,1029","s2p1|1033,1037"],"confidence":{"state":"","who":["user:Shpendi"],"prob":1}},{"classId":"r_5","type":"linked","directed":false,"entities":["s2p1|1166,1173","s2p1|981,1029"],"confidence":{"state":"","who":["user:Shpendi"],"prob":1}}],"metas":{},"annotatable":{"parts":["s1h1","s2h1","s2p1"]}}