{"anncomplete":false,"sources":[{"name":"ORIG","id":"17327381","url":"http://www.ncbi.nlm.nih.gov/pubmed/17327381"},{"name":"PMID","id":"17327381","url":"http://www.ncbi.nlm.nih.gov/pubmed/17327381"}],"entities":[{"classId":"e_1","part":"s1h1","offsets":[{"start":28,"text":"LHX3"}],"confidence":{"state":"","who":["user:Shpendi"],"prob":1},"fields":{},"normalizations":{}},{"classId":"e_1","part":"s2s1p1","offsets":[{"start":4,"text":"Lhx3"}],"confidence":{"state":"","who":["user:Shpendi"],"prob":1},"fields":{},"normalizations":{}},{"classId":"e_3","part":"s2s1p1","offsets":[{"start":115,"text":"mice"}],"confidence":{"state":"","who":["user:Shpendi"],"prob":1},"fields":{},"normalizations":{}},{"classId":"e_1","part":"s2s1p1","offsets":[{"start":127,"text":"LHX3"}],"confidence":{"state":"pre-added","who":["user:Shpendi"],"prob":1},"fields":{},"normalizations":{}},{"classId":"e_1","part":"s2s1p1","offsets":[{"start":214,"text":"GH"}],"confidence":{"state":"","who":["user:Shpendi"],"prob":1},"fields":{},"normalizations":{}},{"classId":"e_1","part":"s2s1p1","offsets":[{"start":218,"text":"prolactin"}],"confidence":{"state":"","who":["user:Shpendi"],"prob":1},"fields":{},"normalizations":{}},{"classId":"e_1","part":"s2s1p1","offsets":[{"start":229,"text":"TSH"}],"confidence":{"state":"","who":["user:Shpendi"],"prob":1},"fields":{},"normalizations":{}},{"classId":"e_1","part":"s2s1p1","offsets":[{"start":234,"text":"LH"}],"confidence":{"state":"","who":["user:Shpendi"],"prob":1},"fields":{},"normalizations":{}},{"classId":"e_1","part":"s2s1p1","offsets":[{"start":242,"text":"FSH"}],"confidence":{"state":"","who":["user:Shpendi"],"prob":1},"fields":{},"normalizations":{}},{"classId":"e_1","part":"s2s2p1","offsets":[{"start":72,"text":"LHX3"}],"confidence":{"state":"pre-added","who":["user:Shpendi"],"prob":1},"fields":{},"normalizations":{}},{"classId":"e_1","part":"s2s2p1","offsets":[{"start":113,"text":"GH"}],"confidence":{"state":"pre-added","who":["user:Shpendi"],"prob":1},"fields":{},"normalizations":{}},{"classId":"e_1","part":"s2s3p1","offsets":[{"start":4,"text":"LHX3"}],"confidence":{"state":"pre-added","who":["user:Shpendi"],"prob":1},"fields":{},"normalizations":{}},{"classId":"e_1","part":"s2s3p1","offsets":[{"start":73,"text":"LHX3"}],"confidence":{"state":"pre-added","who":["user:Shpendi"],"prob":1},"fields":{},"normalizations":{}},{"classId":"e_1","part":"s2s4p1","offsets":[{"start":46,"text":"GH"}],"confidence":{"state":"pre-added","who":["user:Shpendi"],"prob":1},"fields":{},"normalizations":{}},{"classId":"e_2","part":"s2s5p1","offsets":[{"start":113,"text":"a deletion of the entire gene (del/del)"}],"confidence":{"state":"","who":["user:Shpendi"],"prob":1},"fields":{},"normalizations":{}},{"classId":"e_2","part":"s2s5p1","offsets":[{"start":154,"text":"mutations causing truncated proteins"}],"confidence":{"state":"","who":["user:Shpendi"],"prob":1},"fields":{},"normalizations":{}},{"classId":"e_2","part":"s2s5p1","offsets":[{"start":192,"text":"E173ter"}],"confidence":{"state":"","who":["user:Shpendi"],"prob":1},"fields":{},"normalizations":{}},{"classId":"e_2","part":"s2s5p1","offsets":[{"start":201,"text":"W224ter"}],"confidence":{"state":"","who":["user:Shpendi"],"prob":1},"fields":{},"normalizations":{}},{"classId":"e_2","part":"s2s5p1","offsets":[{"start":234,"text":"a substitution in the homeodomain"}],"confidence":{"state":"","who":["user:Shpendi"],"prob":1},"fields":{},"normalizations":{}},{"classId":"e_2","part":"s2s5p1","offsets":[{"start":269,"text":"A210V"}],"confidence":{"state":"","who":["user:Shpendi"],"prob":1},"fields":{},"normalizations":{}},{"classId":"e_2","part":"s2s5p1","offsets":[{"start":444,"text":"E173ter"}],"confidence":{"state":"pre-added","who":["user:Shpendi"],"prob":1},"fields":{},"normalizations":{}},{"classId":"e_2","part":"s2s5p1","offsets":[{"start":457,"text":"A210V"}],"confidence":{"state":"pre-added","who":["user:Shpendi"],"prob":1},"fields":{},"normalizations":{}},{"classId":"e_2","part":"s2s5p1","offsets":[{"start":518,"text":"W224ter"}],"confidence":{"state":"pre-added","who":["user:Shpendi"],"prob":1},"fields":{},"normalizations":{}},{"classId":"e_1","part":"s2s6p1","offsets":[{"start":0,"text":"LHX3"}],"confidence":{"state":"pre-added","who":["user:Shpendi"],"prob":1},"fields":{},"normalizations":{}},{"classId":"e_1","part":"s2s6p1","offsets":[{"start":67,"text":"GH"}],"confidence":{"state":"pre-added","who":["user:Shpendi"],"prob":1},"fields":{},"normalizations":{}},{"classId":"e_1","part":"s2s6p1","offsets":[{"start":71,"text":"prolactin"}],"confidence":{"state":"pre-added","who":["user:Shpendi"],"prob":1},"fields":{},"normalizations":{}},{"classId":"e_1","part":"s2s6p1","offsets":[{"start":82,"text":"TSH"}],"confidence":{"state":"pre-added","who":["user:Shpendi"],"prob":1},"fields":{},"normalizations":{}},{"classId":"e_1","part":"s2s6p1","offsets":[{"start":91,"text":"LH"}],"confidence":{"state":"pre-added","who":["user:Shpendi"],"prob":1},"fields":{},"normalizations":{}},{"classId":"e_1","part":"s2s6p1","offsets":[{"start":94,"text":"FSH"}],"confidence":{"state":"pre-added","who":["user:Shpendi"],"prob":1},"fields":{},"normalizations":{}},{"classId":"e_1","part":"s2s6p1","offsets":[{"start":295,"text":"LHX3"}],"confidence":{"state":"pre-added","who":["user:Shpendi"],"prob":1},"fields":{},"normalizations":{}},{"classId":"e_1","part":"s2s6p1","offsets":[{"start":391,"text":"LHX3"}],"confidence":{"state":"pre-added","who":["user:Shpendi"],"prob":1},"fields":{},"normalizations":{}}],"relations":[],"metas":{},"annotatable":{"parts":["s1h1","s2h1","s2s1h1","s2s1p1","s2s2h1","s2s2p1","s2s3h1","s2s3p1","s2s4h1","s2s4p1","s2s5h1","s2s5p1","s2s6h1","s2s6p1"]}}