{"anncomplete":true,"sources":[{"name":"ORIG","id":"PMC3815127","url":"http://www.ncbi.nlm.nih.gov/pmc/articles/PMC3815127/"},{"name":"PMID","id":"24224020","url":"http://www.ncbi.nlm.nih.gov/pubmed/24224020"}],"entities":[{"classId":"e_1","part":"s1h1","offsets":[{"start":124,"text":"ZNF24"}],"confidence":{"state":"","who":["user:Shpendi"],"prob":1},"fields":{},"normalizations":{}},{"classId":"e_1","part":"s2p1","offsets":[{"start":0,"text":"ZNF24"}],"confidence":{"state":"","who":["user:Shpendi"],"prob":1},"fields":{},"normalizations":{}},{"classId":"e_1","part":"s2p1","offsets":[{"start":184,"text":"ZNF24"}],"confidence":{"state":"","who":["user:Shpendi"],"prob":1},"fields":{},"normalizations":{}},{"classId":"e_1","part":"s2p1","offsets":[{"start":359,"text":"GFP"}],"confidence":{"state":"","who":["user:Shpendi"],"prob":1},"fields":{},"normalizations":{}},{"classId":"e_1","part":"s2p1","offsets":[{"start":473,"text":"ZF1-2"}],"confidence":{"state":"","who":["user:Shpendi"],"prob":1},"fields":{},"normalizations":{}},{"classId":"e_2","part":"s2p1","offsets":[{"start":480,"text":"Deletion of ZF1-2"}],"confidence":{"state":"","who":["user:Shpendi"],"prob":1},"fields":{},"normalizations":{}},{"classId":"e_1","part":"s2p1","offsets":[{"start":533,"text":"ZNF24"}],"confidence":{"state":"","who":["user:Shpendi"],"prob":1},"fields":{},"normalizations":{}},{"classId":"e_1","part":"s2p1","offsets":[{"start":554,"text":"ZF1-2"}],"confidence":{"state":"","who":["user:Shpendi"],"prob":1},"fields":{},"normalizations":{}},{"classId":"e_1","part":"s2p1","offsets":[{"start":563,"text":"green fluorescent protein"}],"confidence":{"state":"","who":["user:Shpendi"],"prob":1},"fields":{},"normalizations":{}},{"classId":"e_1","part":"s2p1","offsets":[{"start":590,"text":"GFP"}],"confidence":{"state":"","who":["user:Shpendi"],"prob":1},"fields":{},"normalizations":{}},{"classId":"e_1","part":"s2p1","offsets":[{"start":604,"text":"GFP"}],"confidence":{"state":"","who":["user:Shpendi"],"prob":1},"fields":{},"normalizations":{}},{"classId":"e_1","part":"s2p1","offsets":[{"start":647,"text":"ZF1-2"}],"confidence":{"state":"","who":["user:Shpendi"],"prob":1},"fields":{},"normalizations":{}},{"classId":"e_1","part":"s2p1","offsets":[{"start":712,"text":"ZNF24"}],"confidence":{"state":"","who":["user:Shpendi"],"prob":1},"fields":{},"normalizations":{}},{"classId":"e_2","part":"s2p1","offsets":[{"start":729,"text":"histidine to leucine"}],"confidence":{"state":"","who":["user:Shpendi"],"prob":1},"fields":{},"normalizations":{}},{"classId":"e_1","part":"s2p1","offsets":[{"start":790,"text":"ZF1"}],"confidence":{"state":"","who":["user:Shpendi"],"prob":1},"fields":{},"normalizations":{}},{"classId":"e_1","part":"s2p1","offsets":[{"start":801,"text":"ZF2"}],"confidence":{"state":"","who":["user:Shpendi"],"prob":1},"fields":{},"normalizations":{}},{"classId":"e_2","part":"s2p1","offsets":[{"start":979,"text":"K286A"}],"confidence":{"state":"","who":["user:Shpendi"],"prob":1},"fields":{},"normalizations":{}},{"classId":"e_2","part":"s2p1","offsets":[{"start":989,"text":"R290A"}],"confidence":{"state":"","who":["user:Shpendi"],"prob":1},"fields":{},"normalizations":{}},{"classId":"e_1","part":"s2p1","offsets":[{"start":1086,"text":"ZNF24"}],"confidence":{"state":"","who":["user:Shpendi"],"prob":1},"fields":{},"normalizations":{}},{"classId":"e_1","part":"s2p1","offsets":[{"start":1168,"text":"β-Catenin"}],"confidence":{"state":"","who":["user:Shpendi"],"prob":1},"fields":{},"normalizations":{}},{"classId":"e_1","part":"s2p1","offsets":[{"start":1179,"text":"CTNNB1"}],"confidence":{"state":"","who":["user:Shpendi"],"prob":1},"fields":{},"normalizations":{}},{"classId":"e_1","part":"s2p1","offsets":[{"start":1221,"text":"ZNF24"}],"confidence":{"state":"","who":["user:Shpendi"],"prob":1},"fields":{},"normalizations":{}},{"classId":"e_1","part":"s2p1","offsets":[{"start":1287,"text":"CTNNB1"}],"confidence":{"state":"","who":["user:Shpendi"],"prob":1},"fields":{},"normalizations":{}},{"classId":"e_1","part":"s2p1","offsets":[{"start":1330,"text":"ZNF24"}],"confidence":{"state":"","who":["user:Shpendi"],"prob":1},"fields":{},"normalizations":{}},{"classId":"e_1","part":"s2p1","offsets":[{"start":1396,"text":"ZF1-2"}],"confidence":{"state":"","who":["user:Shpendi"],"prob":1},"fields":{},"normalizations":{}},{"classId":"e_1","part":"s2p1","offsets":[{"start":1436,"text":"ZNF24"}],"confidence":{"state":"","who":["user:Shpendi"],"prob":1},"fields":{},"normalizations":{}},{"classId":"e_1","part":"s3p1","offsets":[{"start":4,"text":"zinc finger protein 24"}],"confidence":{"state":"","who":["user:Shpendi"],"prob":1},"fields":{},"normalizations":{}},{"classId":"e_1","part":"s3p1","offsets":[{"start":28,"text":"ZNF24"}],"confidence":{"state":"","who":["user:Shpendi"],"prob":1},"fields":{},"normalizations":{}},{"classId":"e_1","part":"s3p1","offsets":[{"start":53,"text":"Zfp191"}],"confidence":{"state":"","who":["user:Shpendi"],"prob":1},"fields":{},"normalizations":{}},{"classId":"e_1","part":"s3p1","offsets":[{"start":195,"text":"RSG-A"}],"confidence":{"state":"","who":["user:Shpendi"],"prob":1},"fields":{},"normalizations":{}},{"classId":"e_1","part":"s3p1","offsets":[{"start":206,"text":"retinoic acid suppressed gene-A"}],"confidence":{"state":"","who":["user:Shpendi"],"prob":1},"fields":{},"normalizations":{}},{"classId":"e_1","part":"s3p1","offsets":[{"start":402,"text":"ZNF24"}],"confidence":{"state":"","who":["user:Shpendi"],"prob":1},"fields":{},"normalizations":{}},{"classId":"e_1","part":"s3p1","offsets":[{"start":781,"text":"ZNF24"}],"confidence":{"state":"","who":["user:Shpendi"],"prob":1},"fields":{},"normalizations":{}},{"classId":"e_1","part":"s3p1","offsets":[{"start":896,"text":"tyrosine hydroxylase"}],"confidence":{"state":"","who":["user:Shpendi"],"prob":1},"fields":{},"normalizations":{}},{"classId":"e_1","part":"s3p1","offsets":[{"start":918,"text":"TH"}],"confidence":{"state":"","who":["user:Shpendi"],"prob":1},"fields":{},"normalizations":{}},{"classId":"e_1","part":"s3p1","offsets":[{"start":1085,"text":"TH"}],"confidence":{"state":"","who":["user:Shpendi"],"prob":1},"fields":{},"normalizations":{}},{"classId":"e_1","part":"s3p1","offsets":[{"start":1181,"text":"ZNF24"}],"confidence":{"state":"","who":["user:Shpendi"],"prob":1},"fields":{},"normalizations":{}},{"classId":"e_1","part":"s3p1","offsets":[{"start":1191,"text":"ZNF24"}],"confidence":{"state":"","who":["user:Shpendi"],"prob":1},"fields":{},"normalizations":{}},{"classId":"e_1","part":"s3p1","offsets":[{"start":1223,"text":"CTNNB1"}],"confidence":{"state":"","who":["user:Shpendi"],"prob":1},"fields":{},"normalizations":{}},{"classId":"e_1","part":"s3p1","offsets":[{"start":1272,"text":"β-Catenin"}],"confidence":{"state":"","who":["user:Shpendi"],"prob":1},"fields":{},"normalizations":{}},{"classId":"e_1","part":"s3p1","offsets":[{"start":1346,"text":"ZNF24"}],"confidence":{"state":"","who":["user:Shpendi"],"prob":1},"fields":{},"normalizations":{}},{"classId":"e_3","part":"s3p1","offsets":[{"start":1378,"text":"mouse"}],"confidence":{"state":"","who":["user:Shpendi"],"prob":1},"fields":{},"normalizations":{}},{"classId":"e_1","part":"s3p1","offsets":[{"start":1394,"text":"Zfp191"}],"confidence":{"state":"","who":["user:Shpendi"],"prob":1},"fields":{},"normalizations":{}},{"classId":"e_3","part":"s3p1","offsets":[{"start":1447,"text":"human"}],"confidence":{"state":"","who":["user:Shpendi"],"prob":1},"fields":{},"normalizations":{}},{"classId":"e_3","part":"s3p1","offsets":[{"start":1453,"text":"mouse"}],"confidence":{"state":"","who":["user:Shpendi"],"prob":1},"fields":{},"normalizations":{}},{"classId":"e_1","part":"s3p1","offsets":[{"start":1520,"text":"ZNF24"}],"confidence":{"state":"","who":["user:Shpendi"],"prob":1},"fields":{},"normalizations":{}},{"classId":"e_1","part":"s3p1","offsets":[{"start":1605,"text":"ZNF24"}],"confidence":{"state":"","who":["user:Shpendi"],"prob":1},"fields":{},"normalizations":{}},{"classId":"e_1","part":"s3p1","offsets":[{"start":1649,"text":"VEGF"}],"confidence":{"state":"","who":["user:Shpendi"],"prob":1},"fields":{},"normalizations":{}},{"classId":"e_1","part":"s3p1","offsets":[{"start":1658,"text":"PDGFRB"}],"confidence":{"state":"","who":["user:Shpendi"],"prob":1},"fields":{},"normalizations":{}},{"classId":"e_1","part":"s3p1","offsets":[{"start":1704,"text":"VEGF"}],"confidence":{"state":"","who":["user:Shpendi"],"prob":1},"fields":{},"normalizations":{}},{"classId":"e_1","part":"s3p1","offsets":[{"start":1713,"text":"PDGFRB"}],"confidence":{"state":"","who":["user:Shpendi"],"prob":1},"fields":{},"normalizations":{}},{"classId":"e_1","part":"s3p1","offsets":[{"start":1770,"text":"ZNF24"}],"confidence":{"state":"","who":["user:Shpendi"],"prob":1},"fields":{},"normalizations":{}},{"classId":"e_1","part":"s3p1","offsets":[{"start":2019,"text":"ZNF24"}],"confidence":{"state":"","who":["user:Shpendi"],"prob":1},"fields":{},"normalizations":{}},{"classId":"e_3","part":"s3p1","offsets":[{"start":2112,"text":"mice"}],"confidence":{"state":"","who":["user:Shpendi"],"prob":1},"fields":{},"normalizations":{}},{"classId":"e_1","part":"s3p1","offsets":[{"start":2145,"text":"ZNF24"}],"confidence":{"state":"","who":["user:Shpendi"],"prob":1},"fields":{},"normalizations":{}},{"classId":"e_1","part":"s3p1","offsets":[{"start":2336,"text":"ZNF24"}],"confidence":{"state":"","who":["user:Shpendi"],"prob":1},"fields":{},"normalizations":{}},{"classId":"e_1","part":"s3p1","offsets":[{"start":2456,"text":"ZNF24"}],"confidence":{"state":"","who":["user:Shpendi"],"prob":1},"fields":{},"normalizations":{}},{"classId":"e_1","part":"s3p1","offsets":[{"start":2555,"text":"ZNF24"}],"confidence":{"state":"","who":["user:Shpendi"],"prob":1},"fields":{},"normalizations":{}},{"classId":"e_1","part":"s3p2","offsets":[{"start":610,"text":"importin-β1"}],"confidence":{"state":"","who":["user:Shpendi"],"prob":1},"fields":{},"normalizations":{}},{"classId":"e_1","part":"s3p2","offsets":[{"start":640,"text":"importin-α/β1"}],"confidence":{"state":"","who":["user:Shpendi"],"prob":1},"fields":{},"normalizations":{}},{"classId":"e_1","part":"s3p2","offsets":[{"start":1120,"text":"HuR"}],"confidence":{"state":"","who":["user:Shpendi"],"prob":1},"fields":{},"normalizations":{}},{"classId":"e_1","part":"s3p2","offsets":[{"start":1134,"text":"IκBα"}],"confidence":{"state":"","who":["user:Shpendi"],"prob":1},"fields":{},"normalizations":{}},{"classId":"e_1","part":"s3p2","offsets":[{"start":1262,"text":"Cdc6"}],"confidence":{"state":"","who":["user:Shpendi"],"prob":1},"fields":{},"normalizations":{}},{"classId":"e_1","part":"s3p2","offsets":[{"start":1273,"text":"FGF2"}],"confidence":{"state":"","who":["user:Shpendi"],"prob":1},"fields":{},"normalizations":{}},{"classId":"e_1","part":"s3p2","offsets":[{"start":1287,"text":"Sam68"}],"confidence":{"state":"","who":["user:Shpendi"],"prob":1},"fields":{},"normalizations":{}},{"classId":"e_1","part":"s3p2","offsets":[{"start":1650,"text":"ZNF24"}],"confidence":{"state":"","who":["user:Shpendi"],"prob":1},"fields":{},"normalizations":{}},{"classId":"e_1","part":"s3p3","offsets":[{"start":35,"text":"ZNF24"}],"confidence":{"state":"","who":["user:Shpendi"],"prob":1},"fields":{},"normalizations":{}},{"classId":"e_1","part":"s3p3","offsets":[{"start":114,"text":"ZNF24"}],"confidence":{"state":"","who":["user:Shpendi"],"prob":1},"fields":{},"normalizations":{}},{"classId":"e_1","part":"s3p3","offsets":[{"start":142,"text":"ZF1-2"}],"confidence":{"state":"","who":["user:Shpendi"],"prob":1},"fields":{},"normalizations":{}},{"classId":"e_1","part":"s3p3","offsets":[{"start":371,"text":"ZNF24"}],"confidence":{"state":"","who":["user:Shpendi"],"prob":1},"fields":{},"normalizations":{}},{"classId":"e_1","part":"s3p3","offsets":[{"start":416,"text":"β-Catenin"}],"confidence":{"state":"","who":["user:Shpendi"],"prob":1},"fields":{},"normalizations":{}},{"classId":"e_3","part":"s4s1p1","offsets":[{"start":85,"text":"human"}],"confidence":{"state":"","who":["user:Shpendi"],"prob":1},"fields":{},"normalizations":{}},{"classId":"e_1","part":"s4s1p1","offsets":[{"start":91,"text":"ZNF24"}],"confidence":{"state":"","who":["user:Shpendi"],"prob":1},"fields":{},"normalizations":{}},{"classId":"e_1","part":"s4s1p1","offsets":[{"start":291,"text":"GFP"}],"confidence":{"state":"","who":["user:Shpendi"],"prob":1},"fields":{},"normalizations":{}},{"classId":"e_1","part":"s4s1p1","offsets":[{"start":303,"text":"GFP"}],"confidence":{"state":"","who":["user:Shpendi"],"prob":1},"fields":{},"normalizations":{}},{"classId":"e_1","part":"s4s1p1","offsets":[{"start":315,"text":"GFP"}],"confidence":{"state":"","who":["user:Shpendi"],"prob":1},"fields":{},"normalizations":{}},{"classId":"e_1","part":"s4s1p1","offsets":[{"start":332,"text":"GFP"}],"confidence":{"state":"","who":["user:Shpendi"],"prob":1},"fields":{},"normalizations":{}},{"classId":"e_1","part":"s4s1p1","offsets":[{"start":351,"text":"GFP"}],"confidence":{"state":"","who":["user:Shpendi"],"prob":1},"fields":{},"normalizations":{}},{"classId":"e_3","part":"s4s1p1","offsets":[{"start":393,"text":"human"}],"confidence":{"state":"","who":["user:Shpendi"],"prob":1},"fields":{},"normalizations":{}},{"classId":"e_1","part":"s4s1p1","offsets":[{"start":399,"text":"ZNF24"}],"confidence":{"state":"","who":["user:Shpendi"],"prob":1},"fields":{},"normalizations":{}},{"classId":"e_1","part":"s4s1p1","offsets":[{"start":496,"text":"ZNF24"}],"confidence":{"state":"","who":["user:Shpendi"],"prob":1},"fields":{},"normalizations":{}},{"classId":"e_3","part":"s4s1p1","offsets":[{"start":609,"text":"human"}],"confidence":{"state":"","who":["user:Shpendi"],"prob":1},"fields":{},"normalizations":{}},{"classId":"e_1","part":"s4s1p1","offsets":[{"start":651,"text":"Kpn I"}],"confidence":{"state":"","who":["user:Shpendi"],"prob":1},"fields":{},"normalizations":{}},{"classId":"e_1","part":"s4s1p1","offsets":[{"start":657,"text":"Hind III"}],"confidence":{"state":"","who":["user:Shpendi"],"prob":1},"fields":{},"normalizations":{}},{"classId":"e_2","part":"s4s1p1","offsets":[{"start":1065,"text":"K258A"}],"confidence":{"state":"","who":["user:Shpendi"],"prob":1},"fields":{},"normalizations":{}},{"classId":"e_2","part":"s4s1p1","offsets":[{"start":1119,"text":"S261A"}],"confidence":{"state":"","who":["user:Shpendi"],"prob":1},"fields":{},"normalizations":{}},{"classId":"e_2","part":"s4s1p1","offsets":[{"start":1170,"text":"S264A"}],"confidence":{"state":"","who":["user:Shpendi"],"prob":1},"fields":{},"normalizations":{}},{"classId":"e_2","part":"s4s1p1","offsets":[{"start":1221,"text":"R271A"}],"confidence":{"state":"","who":["user:Shpendi"],"prob":1},"fields":{},"normalizations":{}},{"classId":"e_2","part":"s4s1p1","offsets":[{"start":1278,"text":"S274A"}],"confidence":{"state":"","who":["user:Shpendi"],"prob":1},"fields":{},"normalizations":{}},{"classId":"e_2","part":"s4s1p1","offsets":[{"start":1333,"text":"K277A"}],"confidence":{"state":"","who":["user:Shpendi"],"prob":1},"fields":{},"normalizations":{}},{"classId":"e_2","part":"s4s1p1","offsets":[{"start":1410,"text":"Y279A"}],"confidence":{"state":"","who":["user:Shpendi"],"prob":1},"fields":{},"normalizations":{}},{"classId":"e_2","part":"s4s1p1","offsets":[{"start":1481,"text":"K286A"}],"confidence":{"state":"","who":["user:Shpendi"],"prob":1},"fields":{},"normalizations":{}},{"classId":"e_2","part":"s4s1p1","offsets":[{"start":1556,"text":"S289A"}],"confidence":{"state":"","who":["user:Shpendi"],"prob":1},"fields":{},"normalizations":{}},{"classId":"e_2","part":"s4s1p1","offsets":[{"start":1611,"text":"R290A"}],"confidence":{"state":"","who":["user:Shpendi"],"prob":1},"fields":{},"normalizations":{}},{"classId":"e_2","part":"s4s1p1","offsets":[{"start":1689,"text":"S291A"}],"confidence":{"state":"","who":["user:Shpendi"],"prob":1},"fields":{},"normalizations":{}},{"classId":"e_2","part":"s4s1p1","offsets":[{"start":1739,"text":"S292A"}],"confidence":{"state":"","who":["user:Shpendi"],"prob":1},"fields":{},"normalizations":{}},{"classId":"e_2","part":"s4s1p1","offsets":[{"start":1791,"text":"R299A"}],"confidence":{"state":"","who":["user:Shpendi"],"prob":1},"fields":{},"normalizations":{}},{"classId":"e_2","part":"s4s1p1","offsets":[{"start":1865,"text":"H269/273L"}],"confidence":{"state":"","who":["user:Shpendi"],"prob":1},"fields":{},"normalizations":{}},{"classId":"e_2","part":"s4s1p1","offsets":[{"start":1944,"text":"H297/ 301L"}],"confidence":{"state":"","who":["user:Shpendi"],"prob":1},"fields":{},"normalizations":{}},{"classId":"e_2","part":"s4s1p1","offsets":[{"start":2021,"text":"dZF1-2"}],"confidence":{"state":"","who":["user:Shpendi"],"prob":1},"fields":{},"normalizations":{}},{"classId":"e_2","part":"s4s1p1","offsets":[{"start":2099,"text":"dZF1"}],"confidence":{"state":"","who":["user:Shpendi"],"prob":1},"fields":{},"normalizations":{}},{"classId":"e_2","part":"s4s1p1","offsets":[{"start":2173,"text":"dZF2"}],"confidence":{"state":"","who":["user:Shpendi"],"prob":1},"fields":{},"normalizations":{}},{"classId":"e_1","part":"s4s1f1h1","offsets":[{"start":0,"text":"ZNF24"}],"confidence":{"state":"","who":["user:Shpendi"],"prob":1},"fields":{},"normalizations":{}},{"classId":"e_2","part":"s4s1f1p1","offsets":[{"start":33,"text":"deletion"}],"confidence":{"state":"","who":["user:Shpendi"],"prob":1},"fields":{},"normalizations":{}},{"classId":"e_1","part":"s4s1f1p1","offsets":[{"start":42,"text":"ZNF24"}],"confidence":{"state":"","who":["user:Shpendi"],"prob":1},"fields":{},"normalizations":{}},{"classId":"e_1","part":"s4s1f1p1","offsets":[{"start":48,"text":"GFP"}],"confidence":{"state":"","who":["user:Shpendi"],"prob":1},"fields":{},"normalizations":{}},{"classId":"e_1","part":"s4s1f1p1","offsets":[{"start":286,"text":"GFP"}],"confidence":{"state":"","who":["user:Shpendi"],"prob":1},"fields":{},"normalizations":{}},{"classId":"e_1","part":"s4s1f1p1","offsets":[{"start":323,"text":"ZNF24"}],"confidence":{"state":"","who":["user:Shpendi"],"prob":1},"fields":{},"normalizations":{}},{"classId":"e_1","part":"s4s1f1p1","offsets":[{"start":371,"text":"GFP"}],"confidence":{"state":"","who":["user:Shpendi"],"prob":1},"fields":{},"normalizations":{}},{"classId":"e_1","part":"s4s1f1p1","offsets":[{"start":391,"text":"GFP"}],"confidence":{"state":"","who":["user:Shpendi"],"prob":1},"fields":{},"normalizations":{}},{"classId":"e_1","part":"s4s1f1p1","offsets":[{"start":402,"text":"GFP"}],"confidence":{"state":"","who":["user:Shpendi"],"prob":1},"fields":{},"normalizations":{}},{"classId":"e_1","part":"s4s1f1p1","offsets":[{"start":414,"text":"GFP"}],"confidence":{"state":"","who":["user:Shpendi"],"prob":1},"fields":{},"normalizations":{}},{"classId":"e_1","part":"s4s1f1p1","offsets":[{"start":426,"text":"GFP"}],"confidence":{"state":"","who":["user:Shpendi"],"prob":1},"fields":{},"normalizations":{}},{"classId":"e_1","part":"s4s1f1p1","offsets":[{"start":440,"text":"GFP"}],"confidence":{"state":"","who":["user:Shpendi"],"prob":1},"fields":{},"normalizations":{}},{"classId":"e_1","part":"s4s1f1p1","offsets":[{"start":456,"text":"GFP"}],"confidence":{"state":"","who":["user:Shpendi"],"prob":1},"fields":{},"normalizations":{}},{"classId":"e_1","part":"s4s3p1","offsets":[{"start":4,"text":"GFP"}],"confidence":{"state":"","who":["user:Shpendi"],"prob":1},"fields":{},"normalizations":{}},{"classId":"e_1","part":"s4s4p1","offsets":[{"start":112,"text":"ZNF24"}],"confidence":{"state":"","who":["user:Shpendi"],"prob":1},"fields":{},"normalizations":{}},{"classId":"e_3","part":"s4s4p1","offsets":[{"start":267,"text":"mouse"}],"confidence":{"state":"","who":["user:Shpendi"],"prob":1},"fields":{},"normalizations":{}},{"classId":"e_1","part":"s4s4p1","offsets":[{"start":278,"text":"GFP"}],"confidence":{"state":"","who":["user:Shpendi"],"prob":1},"fields":{},"normalizations":{}},{"classId":"e_3","part":"s4s4p1","offsets":[{"start":358,"text":"goat"}],"confidence":{"state":"","who":["user:Shpendi"],"prob":1},"fields":{},"normalizations":{}},{"classId":"e_3","part":"s4s4p1","offsets":[{"start":368,"text":"mouse"}],"confidence":{"state":"","who":["user:Shpendi"],"prob":1},"fields":{},"normalizations":{}},{"classId":"e_1","part":"s4s4p1","offsets":[{"start":545,"text":"Importin-β1"}],"confidence":{"state":"","who":["user:Shpendi"],"prob":1},"fields":{},"normalizations":{}},{"classId":"e_3","part":"s4s4p1","offsets":[{"start":638,"text":"mouse"}],"confidence":{"state":"","who":["user:Shpendi"],"prob":1},"fields":{},"normalizations":{}},{"classId":"e_1","part":"s4s4p1","offsets":[{"start":851,"text":"GFP"}],"confidence":{"state":"","who":["user:Shpendi"],"prob":1},"fields":{},"normalizations":{}},{"classId":"e_1","part":"s4s5p1","offsets":[{"start":129,"text":"ZNF24"}],"confidence":{"state":"","who":["user:Shpendi"],"prob":1},"fields":{},"normalizations":{}},{"classId":"e_1","part":"s4s5p1","offsets":[{"start":156,"text":"β-Catenin"}],"confidence":{"state":"","who":["user:Shpendi"],"prob":1},"fields":{},"normalizations":{}},{"classId":"e_1","part":"s4s5p1","offsets":[{"start":167,"text":"CTNNB1"}],"confidence":{"state":"","who":["user:Shpendi"],"prob":1},"fields":{},"normalizations":{}},{"classId":"e_1","part":"s5s1h1","offsets":[{"start":26,"text":"ZNF24"}],"confidence":{"state":"","who":["user:Shpendi"],"prob":1},"fields":{},"normalizations":{}},{"classId":"e_1","part":"s5s1p1","offsets":[{"start":54,"text":"ZNF24"}],"confidence":{"state":"","who":["user:Shpendi"],"prob":1},"fields":{},"normalizations":{}},{"classId":"e_1","part":"s5s1p1","offsets":[{"start":197,"text":"ZNF24"}],"confidence":{"state":"","who":["user:Shpendi"],"prob":1},"fields":{},"normalizations":{}},{"classId":"e_1","part":"s5s1p1","offsets":[{"start":229,"text":"ZNF24"}],"confidence":{"state":"","who":["user:Shpendi"],"prob":1},"fields":{},"normalizations":{}},{"classId":"e_1","part":"s5s1p1","offsets":[{"start":247,"text":"GFP"}],"confidence":{"state":"","who":["user:Shpendi"],"prob":1},"fields":{},"normalizations":{}},{"classId":"e_1","part":"s5s1p1","offsets":[{"start":426,"text":"ZNF24"}],"confidence":{"state":"","who":["user:Shpendi"],"prob":1},"fields":{},"normalizations":{}},{"classId":"e_3","part":"s5s1p1","offsets":[{"start":447,"text":"human"}],"confidence":{"state":"","who":["user:Shpendi"],"prob":1},"fields":{},"normalizations":{}},{"classId":"e_1","part":"s5s1p1","offsets":[{"start":627,"text":"green fluorescent protein"}],"confidence":{"state":"","who":["user:Shpendi"],"prob":1},"fields":{},"normalizations":{}},{"classId":"e_1","part":"s5s1p1","offsets":[{"start":654,"text":"GFP"}],"confidence":{"state":"","who":["user:Shpendi"],"prob":1},"fields":{},"normalizations":{}},{"classId":"e_1","part":"s5s1p1","offsets":[{"start":763,"text":"GFP"}],"confidence":{"state":"","who":["user:Shpendi"],"prob":1},"fields":{},"normalizations":{}},{"classId":"e_1","part":"s5s1p1","offsets":[{"start":800,"text":"ZNF24"}],"confidence":{"state":"","who":["user:Shpendi"],"prob":1},"fields":{},"normalizations":{}},{"classId":"e_1","part":"s5s1p1","offsets":[{"start":897,"text":"ZNF24"}],"confidence":{"state":"","who":["user:Shpendi"],"prob":1},"fields":{},"normalizations":{}},{"classId":"e_1","part":"s5s1p1","offsets":[{"start":952,"text":"ZNF24"}],"confidence":{"state":"","who":["user:Shpendi"],"prob":1},"fields":{},"normalizations":{}},{"classId":"e_1","part":"s5s1p1","offsets":[{"start":1011,"text":"ZNF24"}],"confidence":{"state":"","who":["user:Shpendi"],"prob":1},"fields":{},"normalizations":{}},{"classId":"e_1","part":"s5s1p2","offsets":[{"start":57,"text":"ZNF24"}],"confidence":{"state":"","who":["user:Shpendi"],"prob":1},"fields":{},"normalizations":{}},{"classId":"e_1","part":"s5s1p2","offsets":[{"start":113,"text":"ZNF24"}],"confidence":{"state":"","who":["user:Shpendi"],"prob":1},"fields":{},"normalizations":{}},{"classId":"e_1","part":"s5s1p2","offsets":[{"start":154,"text":"GFP"}],"confidence":{"state":"","who":["user:Shpendi"],"prob":1},"fields":{},"normalizations":{}},{"classId":"e_1","part":"s5s1p2","offsets":[{"start":177,"text":"ZNF24"}],"confidence":{"state":"","who":["user:Shpendi"],"prob":1},"fields":{},"normalizations":{}},{"classId":"e_1","part":"s5s1p2","offsets":[{"start":215,"text":"ZNF24"}],"confidence":{"state":"","who":["user:Shpendi"],"prob":1},"fields":{},"normalizations":{}},{"classId":"e_1","part":"s5s1p2","offsets":[{"start":448,"text":"GFP"}],"confidence":{"state":"","who":["user:Shpendi"],"prob":1},"fields":{},"normalizations":{}},{"classId":"e_1","part":"s5s1p2","offsets":[{"start":539,"text":"GFP"}],"confidence":{"state":"","who":["user:Shpendi"],"prob":1},"fields":{},"normalizations":{}},{"classId":"e_1","part":"s5s1p2","offsets":[{"start":567,"text":"ZNF24"}],"confidence":{"state":"","who":["user:Shpendi"],"prob":1},"fields":{},"normalizations":{}},{"classId":"e_1","part":"s5s1p2","offsets":[{"start":770,"text":"ZNF24"}],"confidence":{"state":"","who":["user:Shpendi"],"prob":1},"fields":{},"normalizations":{}},{"classId":"e_1","part":"s5s1p2","offsets":[{"start":873,"text":"GFP"}],"confidence":{"state":"","who":["user:Shpendi"],"prob":1},"fields":{},"normalizations":{}},{"classId":"e_1","part":"s5s1p2","offsets":[{"start":889,"text":"GFP"}],"confidence":{"state":"","who":["user:Shpendi"],"prob":1},"fields":{},"normalizations":{}},{"classId":"e_1","part":"s5s2h1","offsets":[{"start":58,"text":"ZNF24"}],"confidence":{"state":"","who":["user:Shpendi"],"prob":1},"fields":{},"normalizations":{}},{"classId":"e_2","part":"s5s2p1","offsets":[{"start":388,"text":"Deletion of the ZF4"}],"confidence":{"state":"","who":["user:Shpendi"],"prob":1},"fields":{},"normalizations":{}},{"classId":"e_1","part":"s5s2p1","offsets":[{"start":416,"text":"GFP"}],"confidence":{"state":"","who":["user:Shpendi"],"prob":1},"fields":{},"normalizations":{}},{"classId":"e_1","part":"s5s2p1","offsets":[{"start":428,"text":"ZF3-4"}],"confidence":{"state":"","who":["user:Shpendi"],"prob":1},"fields":{},"normalizations":{}},{"classId":"e_1","part":"s5s2p1","offsets":[{"start":442,"text":"GFP"}],"confidence":{"state":"","who":["user:Shpendi"],"prob":1},"fields":{},"normalizations":{}},{"classId":"e_1","part":"s5s2p1","offsets":[{"start":492,"text":"ZNF24"}],"confidence":{"state":"","who":["user:Shpendi"],"prob":1},"fields":{},"normalizations":{}},{"classId":"e_2","part":"s5s2p1","offsets":[{"start":520,"text":"deletion of the ZF2-4"}],"confidence":{"state":"","who":["user:Shpendi"],"prob":1},"fields":{},"normalizations":{}},{"classId":"e_1","part":"s5s2p1","offsets":[{"start":549,"text":"GFP"}],"confidence":{"state":"","who":["user:Shpendi"],"prob":1},"fields":{},"normalizations":{}},{"classId":"e_2","part":"s5s2p1","offsets":[{"start":652,"text":"Deletion of whole ZF region"}],"confidence":{"state":"","who":["user:Shpendi"],"prob":1},"fields":{},"normalizations":{}},{"classId":"e_1","part":"s5s2p1","offsets":[{"start":688,"text":"GFP"}],"confidence":{"state":"","who":["user:Shpendi"],"prob":1},"fields":{},"normalizations":{}},{"classId":"e_1","part":"s5s2p1","offsets":[{"start":838,"text":"ZF1-2"}],"confidence":{"state":"","who":["user:Shpendi"],"prob":1},"fields":{},"normalizations":{}},{"classId":"e_1","part":"s5s2p1","offsets":[{"start":911,"text":"ZNF24"}],"confidence":{"state":"","who":["user:Shpendi"],"prob":1},"fields":{},"normalizations":{}},{"classId":"e_1","part":"s5s2f1p1","offsets":[{"start":27,"text":"ZNF24"}],"confidence":{"state":"","who":["user:Shpendi"],"prob":1},"fields":{},"normalizations":{}},{"classId":"e_1","part":"s5s2f1p1","offsets":[{"start":33,"text":"GFP"}],"confidence":{"state":"","who":["user:Shpendi"],"prob":1},"fields":{},"normalizations":{}},{"classId":"e_2","part":"s5s2p2","offsets":[{"start":42,"text":"internal deletion"}],"confidence":{"state":"","who":["user:Shpendi"],"prob":1},"fields":{},"normalizations":{}},{"classId":"e_1","part":"s5s2p2","offsets":[{"start":67,"text":"ZF1-2"}],"confidence":{"state":"","who":["user:Shpendi"],"prob":1},"fields":{},"normalizations":{}},{"classId":"e_2","part":"s5s2p2","offsets":[{"start":92,"text":"dZF1-2"}],"confidence":{"state":"","who":["user:Shpendi"],"prob":1},"fields":{},"normalizations":{}},{"classId":"e_2","part":"s5s2p2","offsets":[{"start":222,"text":"dZF1-2"}],"confidence":{"state":"","who":["user:Shpendi"],"prob":1},"fields":{},"normalizations":{}},{"classId":"e_1","part":"s5s2p2","offsets":[{"start":273,"text":"ZF1"}],"confidence":{"state":"","who":["user:Shpendi"],"prob":1},"fields":{},"normalizations":{}},{"classId":"e_1","part":"s5s2p2","offsets":[{"start":282,"text":"ZF2"}],"confidence":{"state":"","who":["user:Shpendi"],"prob":1},"fields":{},"normalizations":{}},{"classId":"e_1","part":"s5s2p2","offsets":[{"start":290,"text":"ZNF24"}],"confidence":{"state":"","who":["user:Shpendi"],"prob":1},"fields":{},"normalizations":{}},{"classId":"e_2","part":"s5s2p2","offsets":[{"start":368,"text":"dZF1"}],"confidence":{"state":"","who":["user:Shpendi"],"prob":1},"fields":{},"normalizations":{}},{"classId":"e_2","part":"s5s2p2","offsets":[{"start":377,"text":"dZF2"}],"confidence":{"state":"","who":["user:Shpendi"],"prob":1},"fields":{},"normalizations":{}},{"classId":"e_2","part":"s5s2p2","offsets":[{"start":580,"text":"dZF1"}],"confidence":{"state":"","who":["user:Shpendi"],"prob":1},"fields":{},"normalizations":{}},{"classId":"e_2","part":"s5s2p2","offsets":[{"start":589,"text":"dZF2"}],"confidence":{"state":"","who":["user:Shpendi"],"prob":1},"fields":{},"normalizations":{}},{"classId":"e_1","part":"s5s2p2","offsets":[{"start":855,"text":"ZF1-2"}],"confidence":{"state":"","who":["user:Shpendi"],"prob":1},"fields":{},"normalizations":{}},{"classId":"e_1","part":"s5s2p2","offsets":[{"start":901,"text":"ZNF24"}],"confidence":{"state":"","who":["user:Shpendi"],"prob":1},"fields":{},"normalizations":{}},{"classId":"e_1","part":"s5s2p3","offsets":[{"start":26,"text":"ZF1-2"}],"confidence":{"state":"","who":["user:Shpendi"],"prob":1},"fields":{},"normalizations":{}},{"classId":"e_1","part":"s5s2p3","offsets":[{"start":77,"text":"ZF1-2"}],"confidence":{"state":"","who":["user:Shpendi"],"prob":1},"fields":{},"normalizations":{}},{"classId":"e_1","part":"s5s2p3","offsets":[{"start":109,"text":"GFP"}],"confidence":{"state":"","who":["user:Shpendi"],"prob":1},"fields":{},"normalizations":{}},{"classId":"e_1","part":"s5s2p3","offsets":[{"start":114,"text":"ZF1-2"}],"confidence":{"state":"","who":["user:Shpendi"],"prob":1},"fields":{},"normalizations":{}},{"classId":"e_1","part":"s5s2p3","offsets":[{"start":120,"text":"GFP"}],"confidence":{"state":"","who":["user:Shpendi"],"prob":1},"fields":{},"normalizations":{}},{"classId":"e_1","part":"s5s2p3","offsets":[{"start":197,"text":"GFP"}],"confidence":{"state":"","who":["user:Shpendi"],"prob":1},"fields":{},"normalizations":{}},{"classId":"e_1","part":"s5s2p3","offsets":[{"start":274,"text":"ZF1-2"}],"confidence":{"state":"","who":["user:Shpendi"],"prob":1},"fields":{},"normalizations":{}},{"classId":"e_1","part":"s5s2p3","offsets":[{"start":280,"text":"GFP"}],"confidence":{"state":"","who":["user:Shpendi"],"prob":1},"fields":{},"normalizations":{}},{"classId":"e_1","part":"s5s2p3","offsets":[{"start":418,"text":"ZF1"}],"confidence":{"state":"","who":["user:Shpendi"],"prob":1},"fields":{},"normalizations":{}},{"classId":"e_1","part":"s5s2p3","offsets":[{"start":422,"text":"GFP"}],"confidence":{"state":"","who":["user:Shpendi"],"prob":1},"fields":{},"normalizations":{}},{"classId":"e_1","part":"s5s2p3","offsets":[{"start":429,"text":"ZF2"}],"confidence":{"state":"","who":["user:Shpendi"],"prob":1},"fields":{},"normalizations":{}},{"classId":"e_1","part":"s5s2p3","offsets":[{"start":433,"text":"GFP"}],"confidence":{"state":"","who":["user:Shpendi"],"prob":1},"fields":{},"normalizations":{}},{"classId":"e_1","part":"s5s2p3","offsets":[{"start":598,"text":"ZF1-2"}],"confidence":{"state":"","who":["user:Shpendi"],"prob":1},"fields":{},"normalizations":{}},{"classId":"e_1","part":"s5s2p3","offsets":[{"start":604,"text":"GFP"}],"confidence":{"state":"","who":["user:Shpendi"],"prob":1},"fields":{},"normalizations":{}},{"classId":"e_1","part":"s5s2p3","offsets":[{"start":608,"text":"ZF1"}],"confidence":{"state":"","who":["user:Shpendi"],"prob":1},"fields":{},"normalizations":{}},{"classId":"e_1","part":"s5s2p3","offsets":[{"start":612,"text":"GFP"}],"confidence":{"state":"","who":["user:Shpendi"],"prob":1},"fields":{},"normalizations":{}},{"classId":"e_1","part":"s5s2p3","offsets":[{"start":620,"text":"ZF2"}],"confidence":{"state":"","who":["user:Shpendi"],"prob":1},"fields":{},"normalizations":{}},{"classId":"e_1","part":"s5s2p3","offsets":[{"start":624,"text":"GFP"}],"confidence":{"state":"","who":["user:Shpendi"],"prob":1},"fields":{},"normalizations":{}},{"classId":"e_1","part":"s5s2p3","offsets":[{"start":733,"text":"ZF1-2"}],"confidence":{"state":"","who":["user:Shpendi"],"prob":1},"fields":{},"normalizations":{}},{"classId":"e_1","part":"s5s2p3","offsets":[{"start":742,"text":"ZNF24"}],"confidence":{"state":"","who":["user:Shpendi"],"prob":1},"fields":{},"normalizations":{}},{"classId":"e_1","part":"s5s2f2p1","offsets":[{"start":8,"text":"ZF1-2"}],"confidence":{"state":"","who":["user:Shpendi"],"prob":1},"fields":{},"normalizations":{}},{"classId":"e_1","part":"s5s2f2p1","offsets":[{"start":15,"text":"GFP"}],"confidence":{"state":"","who":["user:Shpendi"],"prob":1},"fields":{},"normalizations":{}},{"classId":"e_1","part":"s5s2f2p1","offsets":[{"start":81,"text":"GFP"}],"confidence":{"state":"","who":["user:Shpendi"],"prob":1},"fields":{},"normalizations":{}},{"classId":"e_1","part":"s5s2f2p1","offsets":[{"start":86,"text":"ZF1"}],"confidence":{"state":"","who":["user:Shpendi"],"prob":1},"fields":{},"normalizations":{}},{"classId":"e_1","part":"s5s2f2p1","offsets":[{"start":90,"text":"GFP"}],"confidence":{"state":"","who":["user:Shpendi"],"prob":1},"fields":{},"normalizations":{}},{"classId":"e_1","part":"s5s2f2p1","offsets":[{"start":134,"text":"GFP"}],"confidence":{"state":"","who":["user:Shpendi"],"prob":1},"fields":{},"normalizations":{}},{"classId":"e_1","part":"s5s2f2p1","offsets":[{"start":139,"text":"ZF2"}],"confidence":{"state":"","who":["user:Shpendi"],"prob":1},"fields":{},"normalizations":{}},{"classId":"e_1","part":"s5s2f2p1","offsets":[{"start":143,"text":"GFP"}],"confidence":{"state":"","who":["user:Shpendi"],"prob":1},"fields":{},"normalizations":{}},{"classId":"e_1","part":"s5s2f2p1","offsets":[{"start":188,"text":"GFP"}],"confidence":{"state":"","who":["user:Shpendi"],"prob":1},"fields":{},"normalizations":{}},{"classId":"e_1","part":"s5s2p4","offsets":[{"start":159,"text":"ZNF24"}],"confidence":{"state":"","who":["user:Shpendi"],"prob":1},"fields":{},"normalizations":{}},{"classId":"e_1","part":"s5s2p4","offsets":[{"start":305,"text":"ZNF24"}],"confidence":{"state":"","who":["user:Shpendi"],"prob":1},"fields":{},"normalizations":{}},{"classId":"e_2","part":"s5s2p4","offsets":[{"start":363,"text":"H269/273L"}],"confidence":{"state":"","who":["user:Shpendi"],"prob":1},"fields":{},"normalizations":{}},{"classId":"e_2","part":"s5s2p4","offsets":[{"start":374,"text":"H297/301L"}],"confidence":{"state":"","who":["user:Shpendi"],"prob":1},"fields":{},"normalizations":{}},{"classId":"e_2","part":"s5s2p4","offsets":[{"start":388,"text":"H269/273/297/301L"}],"confidence":{"state":"","who":["user:Shpendi"],"prob":1},"fields":{},"normalizations":{}},{"classId":"e_1","part":"s5s2p4","offsets":[{"start":410,"text":"ZF1"}],"confidence":{"state":"","who":["user:Shpendi"],"prob":1},"fields":{},"normalizations":{}},{"classId":"e_1","part":"s5s2p4","offsets":[{"start":421,"text":"ZF2"}],"confidence":{"state":"","who":["user:Shpendi"],"prob":1},"fields":{},"normalizations":{}},{"classId":"e_1","part":"s5s2p4","offsets":[{"start":630,"text":"ZNF24"}],"confidence":{"state":"","who":["user:Shpendi"],"prob":1},"fields":{},"normalizations":{}},{"classId":"e_2","part":"s5s2p4","offsets":[{"start":692,"text":"H269/273L"}],"confidence":{"state":"","who":["user:Shpendi"],"prob":1},"fields":{},"normalizations":{}},{"classId":"e_2","part":"s5s2p4","offsets":[{"start":702,"text":"H297/301L"}],"confidence":{"state":"","who":["user:Shpendi"],"prob":1},"fields":{},"normalizations":{}},{"classId":"e_2","part":"s5s2p4","offsets":[{"start":716,"text":"H269/273/297/301L"}],"confidence":{"state":"","who":["user:Shpendi"],"prob":1},"fields":{},"normalizations":{}},{"classId":"e_1","part":"s5s2p4","offsets":[{"start":833,"text":"ZNF24"}],"confidence":{"state":"","who":["user:Shpendi"],"prob":1},"fields":{},"normalizations":{}},{"classId":"e_1","part":"s5s2f3h1","offsets":[{"start":28,"text":"ZF1"}],"confidence":{"state":"","who":["user:Shpendi"],"prob":1},"fields":{},"normalizations":{}},{"classId":"e_1","part":"s5s2f3h1","offsets":[{"start":39,"text":"ZF2"}],"confidence":{"state":"","who":["user:Shpendi"],"prob":1},"fields":{},"normalizations":{}},{"classId":"e_1","part":"s5s2f3h1","offsets":[{"start":63,"text":"ZNF24"}],"confidence":{"state":"","who":["user:Shpendi"],"prob":1},"fields":{},"normalizations":{}},{"classId":"e_1","part":"s5s2f3p1","offsets":[{"start":27,"text":"ZNF24"}],"confidence":{"state":"","who":["user:Shpendi"],"prob":1},"fields":{},"normalizations":{}},{"classId":"e_1","part":"s5s2f3p1","offsets":[{"start":33,"text":"GFP"}],"confidence":{"state":"","who":["user:Shpendi"],"prob":1},"fields":{},"normalizations":{}},{"classId":"e_1","part":"s5s2f3p1","offsets":[{"start":120,"text":"ZF1"}],"confidence":{"state":"","who":["user:Shpendi"],"prob":1},"fields":{},"normalizations":{}},{"classId":"e_1","part":"s5s2f3p1","offsets":[{"start":131,"text":"ZF2"}],"confidence":{"state":"","who":["user:Shpendi"],"prob":1},"fields":{},"normalizations":{}},{"classId":"e_1","part":"s5s2f3p1","offsets":[{"start":280,"text":"ZNF24"}],"confidence":{"state":"","who":["user:Shpendi"],"prob":1},"fields":{},"normalizations":{}},{"classId":"e_1","part":"s5s2f3p1","offsets":[{"start":286,"text":"GFP"}],"confidence":{"state":"","who":["user:Shpendi"],"prob":1},"fields":{},"normalizations":{}},{"classId":"e_1","part":"s5s3h1","offsets":[{"start":124,"text":"ZNF24"}],"confidence":{"state":"","who":["user:Shpendi"],"prob":1},"fields":{},"normalizations":{}},{"classId":"e_1","part":"s5s3p1","offsets":[{"start":104,"text":"ZNF24"}],"confidence":{"state":"","who":["user:Shpendi"],"prob":1},"fields":{},"normalizations":{}},{"classId":"e_1","part":"s5s3p1","offsets":[{"start":167,"text":"ZF1"}],"confidence":{"state":"","who":["user:Shpendi"],"prob":1},"fields":{},"normalizations":{}},{"classId":"e_1","part":"s5s3p1","offsets":[{"start":175,"text":"ZF2"}],"confidence":{"state":"","who":["user:Shpendi"],"prob":1},"fields":{},"normalizations":{}},{"classId":"e_2","part":"s5s3p1","offsets":[{"start":317,"text":"replaced each lysine and arginine"}],"confidence":{"state":"","who":["user:Shpendi"],"prob":1},"fields":{},"normalizations":{}},{"classId":"e_1","part":"s5s3p1","offsets":[{"start":354,"text":"ZF1"}],"confidence":{"state":"","who":["user:Shpendi"],"prob":1},"fields":{},"normalizations":{}},{"classId":"e_1","part":"s5s3p1","offsets":[{"start":362,"text":"ZF2"}],"confidence":{"state":"","who":["user:Shpendi"],"prob":1},"fields":{},"normalizations":{}},{"classId":"e_1","part":"s5s3p1","offsets":[{"start":442,"text":"ZNF24"}],"confidence":{"state":"","who":["user:Shpendi"],"prob":1},"fields":{},"normalizations":{}},{"classId":"e_2","part":"s5s3p1","offsets":[{"start":558,"text":"residues 286 or 290 to alanine"}],"confidence":{"state":"","who":["user:Shpendi"],"prob":1},"fields":{},"normalizations":{}},{"classId":"e_2","part":"s5s3p1","offsets":[{"start":590,"text":"K286A"}],"confidence":{"state":"","who":["user:Shpendi"],"prob":1},"fields":{},"normalizations":{}},{"classId":"e_2","part":"s5s3p1","offsets":[{"start":599,"text":"R290A"}],"confidence":{"state":"","who":["user:Shpendi"],"prob":1},"fields":{},"normalizations":{}},{"classId":"e_1","part":"s5s3p1","offsets":[{"start":1036,"text":"ZF1"}],"confidence":{"state":"","who":["user:Shpendi"],"prob":1},"fields":{},"normalizations":{}},{"classId":"e_1","part":"s5s3p1","offsets":[{"start":1044,"text":"ZF2"}],"confidence":{"state":"","who":["user:Shpendi"],"prob":1},"fields":{},"normalizations":{}},{"classId":"e_1","part":"s5s3f1h1","offsets":[{"start":136,"text":"ZNF24"}],"confidence":{"state":"","who":["user:Shpendi"],"prob":1},"fields":{},"normalizations":{}},{"classId":"e_1","part":"s5s3f1p1","offsets":[{"start":19,"text":"ZNF24"}],"confidence":{"state":"","who":["user:Shpendi"],"prob":1},"fields":{},"normalizations":{}},{"classId":"e_1","part":"s5s3f1p1","offsets":[{"start":504,"text":"ZNF24"}],"confidence":{"state":"","who":["user:Shpendi"],"prob":1},"fields":{},"normalizations":{}},{"classId":"e_1","part":"s5s3p2","offsets":[{"start":49,"text":"ZF1"}],"confidence":{"state":"","who":["user:Shpendi"],"prob":1},"fields":{},"normalizations":{}},{"classId":"e_1","part":"s5s3p2","offsets":[{"start":57,"text":"ZF2"}],"confidence":{"state":"","who":["user:Shpendi"],"prob":1},"fields":{},"normalizations":{}},{"classId":"e_1","part":"s5s3p2","offsets":[{"start":457,"text":"ZNF24"}],"confidence":{"state":"","who":["user:Shpendi"],"prob":1},"fields":{},"normalizations":{}},{"classId":"e_1","part":"s5s4h1","offsets":[{"start":43,"text":"ZNF24"}],"confidence":{"state":"","who":["user:Shpendi"],"prob":1},"fields":{},"normalizations":{}},{"classId":"e_1","part":"s5s4p1","offsets":[{"start":59,"text":"importin-β1"}],"confidence":{"state":"","who":["user:Shpendi"],"prob":1},"fields":{},"normalizations":{}},{"classId":"e_1","part":"s5s4p1","offsets":[{"start":89,"text":"importin-α/β1"}],"confidence":{"state":"","who":["user:Shpendi"],"prob":1},"fields":{},"normalizations":{}},{"classId":"e_1","part":"s5s4p1","offsets":[{"start":257,"text":"ZNF24"}],"confidence":{"state":"","who":["user:Shpendi"],"prob":1},"fields":{},"normalizations":{}},{"classId":"e_1","part":"s5s4p1","offsets":[{"start":302,"text":"GFP"}],"confidence":{"state":"","who":["user:Shpendi"],"prob":1},"fields":{},"normalizations":{}},{"classId":"e_1","part":"s5s4p1","offsets":[{"start":313,"text":"ZNF24"}],"confidence":{"state":"","who":["user:Shpendi"],"prob":1},"fields":{},"normalizations":{}},{"classId":"e_1","part":"s5s4p1","offsets":[{"start":420,"text":"ZNF24"}],"confidence":{"state":"","who":["user:Shpendi"],"prob":1},"fields":{},"normalizations":{}},{"classId":"e_2","part":"s5s4p1","offsets":[{"start":552,"text":"ZF region was deleted"}],"confidence":{"state":"","who":["user:Shpendi"],"prob":1},"fields":{},"normalizations":{}},{"classId":"e_1","part":"s5s4p1","offsets":[{"start":582,"text":"GFP"}],"confidence":{"state":"","who":["user:Shpendi"],"prob":1},"fields":{},"normalizations":{}},{"classId":"e_1","part":"s5s4p1","offsets":[{"start":725,"text":"ZNF24"}],"confidence":{"state":"","who":["user:Shpendi"],"prob":1},"fields":{},"normalizations":{}},{"classId":"e_1","part":"s5s4p1","offsets":[{"start":866,"text":"ZNF24"}],"confidence":{"state":"","who":["user:Shpendi"],"prob":1},"fields":{},"normalizations":{}},{"classId":"e_1","part":"s5s4f1h1","offsets":[{"start":33,"text":"ZNF24"}],"confidence":{"state":"","who":["user:Shpendi"],"prob":1},"fields":{},"normalizations":{}},{"classId":"e_1","part":"s5s4f1h1","offsets":[{"start":50,"text":"importin-β1"}],"confidence":{"state":"","who":["user:Shpendi"],"prob":1},"fields":{},"normalizations":{}},{"classId":"e_1","part":"s5s4f1p1","offsets":[{"start":0,"text":"GFP"}],"confidence":{"state":"","who":["user:Shpendi"],"prob":1},"fields":{},"normalizations":{}},{"classId":"e_1","part":"s5s4f1p1","offsets":[{"start":11,"text":"ZNF24"}],"confidence":{"state":"","who":["user:Shpendi"],"prob":1},"fields":{},"normalizations":{}},{"classId":"e_1","part":"s5s4f1p1","offsets":[{"start":73,"text":"importin-β1"}],"confidence":{"state":"","who":["user:Shpendi"],"prob":1},"fields":{},"normalizations":{}},{"classId":"e_1","part":"s5s4f1p1","offsets":[{"start":116,"text":"importin-β1"}],"confidence":{"state":"","who":["user:Shpendi"],"prob":1},"fields":{},"normalizations":{}},{"classId":"e_1","part":"s5s4f1p1","offsets":[{"start":136,"text":"GFP"}],"confidence":{"state":"","who":["user:Shpendi"],"prob":1},"fields":{},"normalizations":{}},{"classId":"e_1","part":"s5s4f1p1","offsets":[{"start":158,"text":"ZNF24"}],"confidence":{"state":"","who":["user:Shpendi"],"prob":1},"fields":{},"normalizations":{}},{"classId":"e_1","part":"s5s5h1","offsets":[{"start":64,"text":"β-Catenin"}],"confidence":{"state":"","who":["user:Shpendi"],"prob":1},"fields":{},"normalizations":{}},{"classId":"e_1","part":"s5s5p1","offsets":[{"start":31,"text":"ZNF24"}],"confidence":{"state":"","who":["user:Shpendi"],"prob":1},"fields":{},"normalizations":{}},{"classId":"e_1","part":"s5s5p1","offsets":[{"start":93,"text":"ZNF24"}],"confidence":{"state":"","who":["user:Shpendi"],"prob":1},"fields":{},"normalizations":{}},{"classId":"e_1","part":"s5s5p1","offsets":[{"start":110,"text":"β-Catenin"}],"confidence":{"state":"","who":["user:Shpendi"],"prob":1},"fields":{},"normalizations":{}},{"classId":"e_1","part":"s5s5p1","offsets":[{"start":121,"text":"CTNNB1"}],"confidence":{"state":"","who":["user:Shpendi"],"prob":1},"fields":{},"normalizations":{}},{"classId":"e_1","part":"s5s5p1","offsets":[{"start":210,"text":"ZNF24"}],"confidence":{"state":"","who":["user:Shpendi"],"prob":1},"fields":{},"normalizations":{}},{"classId":"e_1","part":"s5s5p1","offsets":[{"start":229,"text":"CTNNB1"}],"confidence":{"state":"","who":["user:Shpendi"],"prob":1},"fields":{},"normalizations":{}},{"classId":"e_1","part":"s5s5p1","offsets":[{"start":352,"text":"ZNF24"}],"confidence":{"state":"","who":["user:Shpendi"],"prob":1},"fields":{},"normalizations":{}},{"classId":"e_1","part":"s5s5p1","offsets":[{"start":397,"text":"CTNNB1"}],"confidence":{"state":"","who":["user:Shpendi"],"prob":1},"fields":{},"normalizations":{}},{"classId":"e_2","part":"s5s5p1","offsets":[{"start":432,"text":"dZF1-2"}],"confidence":{"state":"","who":["user:Shpendi"],"prob":1},"fields":{},"normalizations":{}},{"classId":"e_2","part":"s5s5p1","offsets":[{"start":463,"text":"K286A"}],"confidence":{"state":"","who":["user:Shpendi"],"prob":1},"fields":{},"normalizations":{}},{"classId":"e_2","part":"s5s5p1","offsets":[{"start":473,"text":"R290A"}],"confidence":{"state":"","who":["user:Shpendi"],"prob":1},"fields":{},"normalizations":{}},{"classId":"e_2","part":"s5s5p1","offsets":[{"start":555,"text":"K286A"}],"confidence":{"state":"","who":["user:Shpendi"],"prob":1},"fields":{},"normalizations":{}},{"classId":"e_2","part":"s5s5p1","offsets":[{"start":562,"text":"R290A"}],"confidence":{"state":"","who":["user:Shpendi"],"prob":1},"fields":{},"normalizations":{}},{"classId":"e_1","part":"s5s5p1","offsets":[{"start":687,"text":"ZNF24"}],"confidence":{"state":"","who":["user:Shpendi"],"prob":1},"fields":{},"normalizations":{}},{"classId":"e_1","part":"s5s5p1","offsets":[{"start":711,"text":"ZNF24"}],"confidence":{"state":"","who":["user:Shpendi"],"prob":1},"fields":{},"normalizations":{}},{"classId":"e_1","part":"s5s5f1p1","offsets":[{"start":36,"text":"ZNF24"}],"confidence":{"state":"","who":["user:Shpendi"],"prob":1},"fields":{},"normalizations":{}},{"classId":"e_1","part":"s5s5f1p1","offsets":[{"start":78,"text":"β-Catenin"}],"confidence":{"state":"","who":["user:Shpendi"],"prob":1},"fields":{},"normalizations":{}},{"classId":"e_1","part":"s6p1","offsets":[{"start":81,"text":"ZNF24"}],"confidence":{"state":"","who":["user:Shpendi"],"prob":1},"fields":{},"normalizations":{}},{"classId":"e_2","part":"s6p1","offsets":[{"start":163,"text":"deletion of ZF1 or ZF2"}],"confidence":{"state":"","who":["user:Shpendi"],"prob":1},"fields":{},"normalizations":{}},{"classId":"e_2","part":"s6p1","offsets":[{"start":252,"text":"deletion of ZF1-2"}],"confidence":{"state":"","who":["user:Shpendi"],"prob":1},"fields":{},"normalizations":{}},{"classId":"e_2","part":"s6p1","offsets":[{"start":336,"text":"dZF1-2"}],"confidence":{"state":"","who":["user:Shpendi"],"prob":1},"fields":{},"normalizations":{}},{"classId":"e_1","part":"s6p1","offsets":[{"start":574,"text":"ZNF24"}],"confidence":{"state":"","who":["user:Shpendi"],"prob":1},"fields":{},"normalizations":{}},{"classId":"e_2","part":"s6p1","offsets":[{"start":689,"text":"histidine to leucine"}],"confidence":{"state":"","who":["user:Shpendi"],"prob":1},"fields":{},"normalizations":{}},{"classId":"e_1","part":"s6p1","offsets":[{"start":727,"text":"ZF1"}],"confidence":{"state":"","who":["user:Shpendi"],"prob":1},"fields":{},"normalizations":{}},{"classId":"e_1","part":"s6p1","offsets":[{"start":738,"text":"ZF2"}],"confidence":{"state":"","who":["user:Shpendi"],"prob":1},"fields":{},"normalizations":{}},{"classId":"e_1","part":"s6p1","offsets":[{"start":779,"text":"ZNF24"}],"confidence":{"state":"","who":["user:Shpendi"],"prob":1},"fields":{},"normalizations":{}},{"classId":"e_1","part":"s6p1","offsets":[{"start":828,"text":"ZNF24"}],"confidence":{"state":"","who":["user:Shpendi"],"prob":1},"fields":{},"normalizations":{}},{"classId":"e_1","part":"s6p2","offsets":[{"start":97,"text":"ZNF24"}],"confidence":{"state":"","who":["user:Shpendi"],"prob":1},"fields":{},"normalizations":{}},{"classId":"e_1","part":"s6p2","offsets":[{"start":321,"text":"KLF1"}],"confidence":{"state":"","who":["user:Shpendi"],"prob":1},"fields":{},"normalizations":{}},{"classId":"e_1","part":"s6p2","offsets":[{"start":331,"text":"KLF8"}],"confidence":{"state":"","who":["user:Shpendi"],"prob":1},"fields":{},"normalizations":{}},{"classId":"e_1","part":"s6p2","offsets":[{"start":341,"text":"ZIC3"}],"confidence":{"state":"","who":["user:Shpendi"],"prob":1},"fields":{},"normalizations":{}},{"classId":"e_1","part":"s6p2","offsets":[{"start":351,"text":"SP1"}],"confidence":{"state":"","who":["user:Shpendi"],"prob":1},"fields":{},"normalizations":{}},{"classId":"e_1","part":"s6p2","offsets":[{"start":363,"text":"Zif268"}],"confidence":{"state":"","who":["user:Shpendi"],"prob":1},"fields":{},"normalizations":{}},{"classId":"e_1","part":"s6p2","offsets":[{"start":496,"text":"ZIC3"}],"confidence":{"state":"","who":["user:Shpendi"],"prob":1},"fields":{},"normalizations":{}},{"classId":"e_1","part":"s6p2","offsets":[{"start":606,"text":"KLF8"}],"confidence":{"state":"","who":["user:Shpendi"],"prob":1},"fields":{},"normalizations":{}},{"classId":"e_1","part":"s6p2","offsets":[{"start":736,"text":"KLF1"}],"confidence":{"state":"","who":["user:Shpendi"],"prob":1},"fields":{},"normalizations":{}},{"classId":"e_1","part":"s6p2","offsets":[{"start":746,"text":"SP1"}],"confidence":{"state":"","who":["user:Shpendi"],"prob":1},"fields":{},"normalizations":{}},{"classId":"e_1","part":"s6p2","offsets":[{"start":758,"text":"Zif268"}],"confidence":{"state":"","who":["user:Shpendi"],"prob":1},"fields":{},"normalizations":{}},{"classId":"e_1","part":"s6p2","offsets":[{"start":811,"text":"ZF1-2"}],"confidence":{"state":"","who":["user:Shpendi"],"prob":1},"fields":{},"normalizations":{}},{"classId":"e_1","part":"s6p2","offsets":[{"start":861,"text":"ZNF24"}],"confidence":{"state":"","who":["user:Shpendi"],"prob":1},"fields":{},"normalizations":{}},{"classId":"e_1","part":"s6p2","offsets":[{"start":885,"text":"ZF1-2"}],"confidence":{"state":"","who":["user:Shpendi"],"prob":1},"fields":{},"normalizations":{}},{"classId":"e_1","part":"s6p2","offsets":[{"start":929,"text":"ZNF24"}],"confidence":{"state":"","who":["user:Shpendi"],"prob":1},"fields":{},"normalizations":{}},{"classId":"e_1","part":"s6p2","offsets":[{"start":950,"text":"ZF3"}],"confidence":{"state":"","who":["user:Shpendi"],"prob":1},"fields":{},"normalizations":{}},{"classId":"e_1","part":"s6p2","offsets":[{"start":957,"text":"ZF4"}],"confidence":{"state":"","who":["user:Shpendi"],"prob":1},"fields":{},"normalizations":{}},{"classId":"e_1","part":"s6p2","offsets":[{"start":1004,"text":"ZNF24"}],"confidence":{"state":"","who":["user:Shpendi"],"prob":1},"fields":{},"normalizations":{}},{"classId":"e_1","part":"s6p2","offsets":[{"start":1142,"text":"ZNF24"}],"confidence":{"state":"","who":["user:Shpendi"],"prob":1},"fields":{},"normalizations":{}},{"classId":"e_1","part":"s6p2","offsets":[{"start":1230,"text":"KLF1"}],"confidence":{"state":"","who":["user:Shpendi"],"prob":1},"fields":{},"normalizations":{}},{"classId":"e_1","part":"s6p2","offsets":[{"start":1242,"text":"KLF8"}],"confidence":{"state":"","who":["user:Shpendi"],"prob":1},"fields":{},"normalizations":{}},{"classId":"e_1","part":"s6p2","offsets":[{"start":1288,"text":"Zif268"}],"confidence":{"state":"","who":["user:Shpendi"],"prob":1},"fields":{},"normalizations":{}},{"classId":"e_1","part":"s6p2","offsets":[{"start":1410,"text":"KLF1"}],"confidence":{"state":"","who":["user:Shpendi"],"prob":1},"fields":{},"normalizations":{}},{"classId":"e_1","part":"s6p2","offsets":[{"start":1609,"text":"ZF1-2"}],"confidence":{"state":"","who":["user:Shpendi"],"prob":1},"fields":{},"normalizations":{}},{"classId":"e_1","part":"s6p2","offsets":[{"start":1618,"text":"ZNF24"}],"confidence":{"state":"","who":["user:Shpendi"],"prob":1},"fields":{},"normalizations":{}},{"classId":"e_1","part":"s6p2","offsets":[{"start":1717,"text":"ZF3-4"}],"confidence":{"state":"","who":["user:Shpendi"],"prob":1},"fields":{},"normalizations":{}},{"classId":"e_2","part":"s6p3","offsets":[{"start":142,"text":"Mutations of the residues 286 or 290"}],"confidence":{"state":"","who":["user:Shpendi"],"prob":1},"fields":{},"normalizations":{}},{"classId":"e_1","part":"s6p3","offsets":[{"start":329,"text":"ZNF24"}],"confidence":{"state":"","who":["user:Shpendi"],"prob":1},"fields":{},"normalizations":{}},{"classId":"e_1","part":"s6p3","offsets":[{"start":960,"text":"ZNF24"}],"confidence":{"state":"","who":["user:Shpendi"],"prob":1},"fields":{},"normalizations":{}},{"classId":"e_1","part":"s6p3","offsets":[{"start":1048,"text":"ZNF24"}],"confidence":{"state":"","who":["user:Shpendi"],"prob":1},"fields":{},"normalizations":{}},{"classId":"e_2","part":"s6p3","offsets":[{"start":1065,"text":"histidine to leucine"}],"confidence":{"state":"","who":["user:Shpendi"],"prob":1},"fields":{},"normalizations":{}},{"classId":"e_1","part":"s6p3","offsets":[{"start":1126,"text":"ZF1"}],"confidence":{"state":"","who":["user:Shpendi"],"prob":1},"fields":{},"normalizations":{}},{"classId":"e_1","part":"s6p3","offsets":[{"start":1137,"text":"ZF2"}],"confidence":{"state":"","who":["user:Shpendi"],"prob":1},"fields":{},"normalizations":{}},{"classId":"e_1","part":"s6p3","offsets":[{"start":1570,"text":"ZNF24"}],"confidence":{"state":"","who":["user:Shpendi"],"prob":1},"fields":{},"normalizations":{}},{"classId":"e_1","part":"s6p3","offsets":[{"start":2298,"text":"ZNF24"}],"confidence":{"state":"","who":["user:Shpendi"],"prob":1},"fields":{},"normalizations":{}},{"classId":"e_1","part":"s6p4","offsets":[{"start":62,"text":"ZNF24"}],"confidence":{"state":"","who":["user:Shpendi"],"prob":1},"fields":{},"normalizations":{}},{"classId":"e_1","part":"s6p4","offsets":[{"start":112,"text":"CTNNB1"}],"confidence":{"state":"","who":["user:Shpendi"],"prob":1},"fields":{},"normalizations":{}},{"classId":"e_1","part":"s6p4","offsets":[{"start":198,"text":"ZNF24"}],"confidence":{"state":"","who":["user:Shpendi"],"prob":1},"fields":{},"normalizations":{}},{"classId":"e_1","part":"s6p4","offsets":[{"start":243,"text":"CTNNB1"}],"confidence":{"state":"","who":["user:Shpendi"],"prob":1},"fields":{},"normalizations":{}},{"classId":"e_1","part":"s6p4","offsets":[{"start":377,"text":"ZNF24"}],"confidence":{"state":"","who":["user:Shpendi"],"prob":1},"fields":{},"normalizations":{}},{"classId":"e_1","part":"s6p4","offsets":[{"start":396,"text":"β-Catenin"}],"confidence":{"state":"","who":["user:Shpendi"],"prob":1},"fields":{},"normalizations":{}},{"classId":"e_1","part":"s6p4","offsets":[{"start":498,"text":"ZNF24"}],"confidence":{"state":"","who":["user:Shpendi"],"prob":1},"fields":{},"normalizations":{}},{"classId":"e_1","part":"s6p4","offsets":[{"start":535,"text":"CTNNB1"}],"confidence":{"state":"","who":["user:Shpendi"],"prob":1},"fields":{},"normalizations":{}},{"classId":"e_2","part":"s6p4","offsets":[{"start":570,"text":"dZF1-2"}],"confidence":{"state":"","who":["user:Shpendi"],"prob":1},"fields":{},"normalizations":{}},{"classId":"e_2","part":"s6p4","offsets":[{"start":601,"text":"K286A"}],"confidence":{"state":"","who":["user:Shpendi"],"prob":1},"fields":{},"normalizations":{}},{"classId":"e_2","part":"s6p4","offsets":[{"start":611,"text":"R290A"}],"confidence":{"state":"","who":["user:Shpendi"],"prob":1},"fields":{},"normalizations":{}},{"classId":"e_2","part":"s6p4","offsets":[{"start":693,"text":"K286A"}],"confidence":{"state":"","who":["user:Shpendi"],"prob":1},"fields":{},"normalizations":{}},{"classId":"e_2","part":"s6p4","offsets":[{"start":700,"text":"R290A"}],"confidence":{"state":"","who":["user:Shpendi"],"prob":1},"fields":{},"normalizations":{}},{"classId":"e_1","part":"s6p4","offsets":[{"start":874,"text":"CTNNB1"}],"confidence":{"state":"","who":["user:Shpendi"],"prob":1},"fields":{},"normalizations":{}},{"classId":"e_1","part":"s6p4","offsets":[{"start":907,"text":"ZNF24"}],"confidence":{"state":"","who":["user:Shpendi"],"prob":1},"fields":{},"normalizations":{}},{"classId":"e_1","part":"s6p4","offsets":[{"start":1049,"text":"ZNF24"}],"confidence":{"state":"","who":["user:Shpendi"],"prob":1},"fields":{},"normalizations":{}},{"classId":"e_1","part":"s6p4","offsets":[{"start":1126,"text":"ZNF24"}],"confidence":{"state":"","who":["user:Shpendi"],"prob":1},"fields":{},"normalizations":{}},{"classId":"e_1","part":"s6p5","offsets":[{"start":85,"text":"ZNF24"}],"confidence":{"state":"","who":["user:Shpendi"],"prob":1},"fields":{},"normalizations":{}},{"classId":"e_1","part":"s6p5","offsets":[{"start":140,"text":"ZNF24"}],"confidence":{"state":"","who":["user:Shpendi"],"prob":1},"fields":{},"normalizations":{}},{"classId":"e_1","part":"s6p5","offsets":[{"start":167,"text":"CTNNB1"}],"confidence":{"state":"","who":["user:Shpendi"],"prob":1},"fields":{},"normalizations":{}}],"relations":[{"classId":"r_5","type":"linked","directed":false,"entities":["s2p1|473,478","s2p1|480,497"],"confidence":{"state":"","who":["user:Shpendi"],"prob":1}},{"classId":"r_5","type":"linked","directed":false,"entities":["s2p1|480,497","s2p1|533,538"],"confidence":{"state":"","who":["user:Shpendi"],"prob":1}},{"classId":"r_5","type":"linked","directed":false,"entities":["s2p1|712,717","s2p1|729,749"],"confidence":{"state":"","who":["user:Shpendi"],"prob":1}},{"classId":"r_5","type":"linked","directed":false,"entities":["s2p1|729,749","s2p1|801,804"],"confidence":{"state":"","who":["user:Shpendi"],"prob":1}},{"classId":"r_5","type":"linked","directed":false,"entities":["s2p1|790,793","s2p1|729,749"],"confidence":{"state":"","who":["user:Shpendi"],"prob":1}},{"classId":"r_5","type":"linked","directed":false,"entities":["s2p1|979,984","s2p1|1086,1091"],"confidence":{"state":"","who":["user:Shpendi"],"prob":1}},{"classId":"r_5","type":"linked","directed":false,"entities":["s2p1|989,994","s2p1|1086,1091"],"confidence":{"state":"","who":["user:Shpendi"],"prob":1}},{"classId":"r_6","type":"linked","directed":false,"entities":["s3p1|1378,1383","s3p1|1394,1400"],"confidence":{"state":"","who":["user:Shpendi"],"prob":1}},{"classId":"r_6","type":"linked","directed":false,"entities":["s3p1|1447,1452","s3p1|1346,1351"],"confidence":{"state":"","who":["user:Shpendi"],"prob":1}},{"classId":"r_6","type":"linked","directed":false,"entities":["s3p1|1453,1458","s3p1|1394,1400"],"confidence":{"state":"","who":["user:Shpendi"],"prob":1}},{"classId":"r_6","type":"linked","directed":false,"entities":["s3p1|2019,2024","s3p1|2112,2116"],"confidence":{"state":"","who":["user:Shpendi"],"prob":1}},{"classId":"r_6","type":"linked","directed":false,"entities":["s4s1p1|85,90","s4s1p1|91,96"],"confidence":{"state":"","who":["user:Shpendi"],"prob":1}},{"classId":"r_6","type":"linked","directed":false,"entities":["s4s1p1|393,398","s4s1p1|399,404"],"confidence":{"state":"","who":["user:Shpendi"],"prob":1}},{"classId":"r_6","type":"linked","directed":false,"entities":["s4s1p1|609,614","s4s1p1|496,501"],"confidence":{"state":"","who":["user:Shpendi"],"prob":1}},{"classId":"r_5","type":"linked","directed":false,"entities":["s4s1p1|1065,1070","s4s1p1|496,501"],"confidence":{"state":"","who":["user:Shpendi"],"prob":1}},{"classId":"r_5","type":"linked","directed":false,"entities":["s4s1p1|1119,1124","s4s1p1|496,501"],"confidence":{"state":"","who":["user:Shpendi"],"prob":1}},{"classId":"r_5","type":"linked","directed":false,"entities":["s4s1p1|1170,1175","s4s1p1|496,501"],"confidence":{"state":"","who":["user:Shpendi"],"prob":1}},{"classId":"r_5","type":"linked","directed":false,"entities":["s4s1p1|1221,1226","s4s1p1|496,501"],"confidence":{"state":"","who":["user:Shpendi"],"prob":1}},{"classId":"r_5","type":"linked","directed":false,"entities":["s4s1p1|1278,1283","s4s1p1|496,501"],"confidence":{"state":"","who":["user:Shpendi"],"prob":1}},{"classId":"r_5","type":"linked","directed":false,"entities":["s4s1p1|1333,1338","s4s1p1|496,501"],"confidence":{"state":"","who":["user:Shpendi"],"prob":1}},{"classId":"r_5","type":"linked","directed":false,"entities":["s4s1p1|1410,1415","s4s1p1|496,501"],"confidence":{"state":"","who":["user:Shpendi"],"prob":1}},{"classId":"r_5","type":"linked","directed":false,"entities":["s4s1p1|1481,1486","s4s1p1|496,501"],"confidence":{"state":"","who":["user:Shpendi"],"prob":1}},{"classId":"r_5","type":"linked","directed":false,"entities":["s4s1p1|1556,1561","s4s1p1|496,501"],"confidence":{"state":"","who":["user:Shpendi"],"prob":1}},{"classId":"r_5","type":"linked","directed":false,"entities":["s4s1p1|1611,1616","s4s1p1|496,501"],"confidence":{"state":"","who":["user:Shpendi"],"prob":1}},{"classId":"r_5","type":"linked","directed":false,"entities":["s4s1p1|1689,1694","s4s1p1|496,501"],"confidence":{"state":"","who":["user:Shpendi"],"prob":1}},{"classId":"r_5","type":"linked","directed":false,"entities":["s4s1p1|1739,1744","s4s1p1|496,501"],"confidence":{"state":"","who":["user:Shpendi"],"prob":1}},{"classId":"r_5","type":"linked","directed":false,"entities":["s4s1p1|1791,1796","s4s1p1|496,501"],"confidence":{"state":"","who":["user:Shpendi"],"prob":1}},{"classId":"r_5","type":"linked","directed":false,"entities":["s4s1p1|1865,1874","s4s1p1|496,501"],"confidence":{"state":"","who":["user:Shpendi"],"prob":1}},{"classId":"r_5","type":"linked","directed":false,"entities":["s4s1p1|1944,1954","s4s1p1|496,501"],"confidence":{"state":"","who":["user:Shpendi"],"prob":1}},{"classId":"r_5","type":"linked","directed":false,"entities":["s4s1p1|2021,2027","s4s1p1|496,501"],"confidence":{"state":"","who":["user:Shpendi"],"prob":1}},{"classId":"r_5","type":"linked","directed":false,"entities":["s4s1p1|2099,2103","s4s1p1|496,501"],"confidence":{"state":"","who":["user:Shpendi"],"prob":1}},{"classId":"r_5","type":"linked","directed":false,"entities":["s4s1p1|2173,2177","s4s1p1|496,501"],"confidence":{"state":"","who":["user:Shpendi"],"prob":1}},{"classId":"r_5","type":"linked","directed":false,"entities":["s4s1f1p1|33,41","s4s1f1p1|42,47"],"confidence":{"state":"","who":["user:Shpendi"],"prob":1}},{"classId":"r_5","type":"linked","directed":false,"entities":["s4s1f1p1|48,51","s4s1f1p1|33,41"],"confidence":{"state":"","who":["user:Shpendi"],"prob":1}},{"classId":"r_6","type":"linked","directed":false,"entities":["s4s4p1|278,281","s4s4p1|267,272"],"confidence":{"state":"","who":["user:Shpendi"],"prob":1}},{"classId":"r_6","type":"linked","directed":false,"entities":["s4s4p1|358,362","s4s4p1|278,281"],"confidence":{"state":"","who":["user:Shpendi"],"prob":1}},{"classId":"r_6","type":"linked","directed":false,"entities":["s4s4p1|368,373","s4s4p1|278,281"],"confidence":{"state":"","who":["user:Shpendi"],"prob":1}},{"classId":"r_6","type":"linked","directed":false,"entities":["s4s4p1|638,643","s4s4p1|545,556"],"confidence":{"state":"","who":["user:Shpendi"],"prob":1}},{"classId":"r_6","type":"linked","directed":false,"entities":["s5s1p1|426,431","s5s1p1|447,452"],"confidence":{"state":"","who":["user:Shpendi"],"prob":1}},{"classId":"r_5","type":"linked","directed":false,"entities":["s5s2p1|388,407","s5s2p1|416,419"],"confidence":{"state":"","who":["user:Shpendi"],"prob":1}},{"classId":"r_5","type":"linked","directed":false,"entities":["s5s2p1|428,433","s5s2p1|388,407"],"confidence":{"state":"","who":["user:Shpendi"],"prob":1}},{"classId":"r_5","type":"linked","directed":false,"entities":["s5s2p1|549,552","s5s2p1|520,541"],"confidence":{"state":"","who":["user:Shpendi"],"prob":1}},{"classId":"r_5","type":"linked","directed":false,"entities":["s5s2p1|652,679","s5s2p1|688,691"],"confidence":{"state":"","who":["user:Shpendi"],"prob":1}},{"classId":"r_5","type":"linked","directed":false,"entities":["s5s2p2|42,59","s5s2p2|67,72"],"confidence":{"state":"","who":["user:Shpendi"],"prob":1}},{"classId":"r_5","type":"linked","directed":false,"entities":["s5s2p2|67,72","s5s2p2|92,98"],"confidence":{"state":"","who":["user:Shpendi"],"prob":1}},{"classId":"r_5","type":"linked","directed":false,"entities":["s5s2p2|273,276","s5s2p2|222,228"],"confidence":{"state":"","who":["user:Shpendi"],"prob":1}},{"classId":"r_5","type":"linked","directed":false,"entities":["s5s2p2|273,276","s5s2p2|368,372"],"confidence":{"state":"","who":["user:Shpendi"],"prob":1}},{"classId":"r_5","type":"linked","directed":false,"entities":["s5s2p2|282,285","s5s2p2|222,228"],"confidence":{"state":"","who":["user:Shpendi"],"prob":1}},{"classId":"r_5","type":"linked","directed":false,"entities":["s5s2p2|377,381","s5s2p2|282,285"],"confidence":{"state":"","who":["user:Shpendi"],"prob":1}},{"classId":"r_5","type":"linked","directed":false,"entities":["s5s2p4|374,383","s5s2p4|421,424"],"confidence":{"state":"","who":["user:Shpendi"],"prob":1}},{"classId":"r_5","type":"linked","directed":false,"entities":["s5s2p4|374,383","s5s2p4|410,413"],"confidence":{"state":"","who":["user:Shpendi"],"prob":1}},{"classId":"r_5","type":"linked","directed":false,"entities":["s5s2p4|410,413","s5s2p4|363,372"],"confidence":{"state":"","who":["user:Shpendi"],"prob":1}},{"classId":"r_5","type":"linked","directed":false,"entities":["s5s2p4|410,413","s5s2p4|388,405"],"confidence":{"state":"","who":["user:Shpendi"],"prob":1}},{"classId":"r_5","type":"linked","directed":false,"entities":["s5s2p4|421,424","s5s2p4|363,372"],"confidence":{"state":"","who":["user:Shpendi"],"prob":1}},{"classId":"r_5","type":"linked","directed":false,"entities":["s5s2p4|421,424","s5s2p4|388,405"],"confidence":{"state":"","who":["user:Shpendi"],"prob":1}},{"classId":"r_5","type":"linked","directed":false,"entities":["s5s2p4|692,701","s5s2p4|630,635"],"confidence":{"state":"","who":["user:Shpendi"],"prob":1}},{"classId":"r_5","type":"linked","directed":false,"entities":["s5s2p4|702,711","s5s2p4|630,635"],"confidence":{"state":"","who":["user:Shpendi"],"prob":1}},{"classId":"r_5","type":"linked","directed":false,"entities":["s5s2p4|716,733","s5s2p4|630,635"],"confidence":{"state":"","who":["user:Shpendi"],"prob":1}},{"classId":"r_5","type":"linked","directed":false,"entities":["s5s3p1|317,350","s5s3p1|362,365"],"confidence":{"state":"","who":["user:Shpendi"],"prob":1}},{"classId":"r_5","type":"linked","directed":false,"entities":["s5s3p1|354,357","s5s3p1|317,350"],"confidence":{"state":"","who":["user:Shpendi"],"prob":1}},{"classId":"r_5","type":"linked","directed":false,"entities":["s5s3p1|442,447","s5s3p1|590,595"],"confidence":{"state":"","who":["user:Shpendi"],"prob":1}},{"classId":"r_5","type":"linked","directed":false,"entities":["s5s3p1|558,588","s5s3p1|442,447"],"confidence":{"state":"","who":["user:Shpendi"],"prob":1}},{"classId":"r_5","type":"linked","directed":false,"entities":["s5s3p1|599,604","s5s3p1|442,447"],"confidence":{"state":"","who":["user:Shpendi"],"prob":1}},{"classId":"r_5","type":"linked","directed":false,"entities":["s5s4p1|552,573","s5s4p1|582,585"],"confidence":{"state":"","who":["user:Shpendi"],"prob":1}},{"classId":"r_5","type":"linked","directed":false,"entities":["s5s5p1|352,357","s5s5p1|473,478"],"confidence":{"state":"","who":["user:Shpendi"],"prob":1}},{"classId":"r_5","type":"linked","directed":false,"entities":["s5s5p1|352,357","s5s5p1|555,560"],"confidence":{"state":"","who":["user:Shpendi"],"prob":1}},{"classId":"r_5","type":"linked","directed":false,"entities":["s5s5p1|432,438","s5s5p1|397,403"],"confidence":{"state":"","who":["user:Shpendi"],"prob":1}},{"classId":"r_5","type":"linked","directed":false,"entities":["s5s5p1|463,468","s5s5p1|352,357"],"confidence":{"state":"","who":["user:Shpendi"],"prob":1}},{"classId":"r_5","type":"linked","directed":false,"entities":["s5s5p1|562,567","s5s5p1|352,357"],"confidence":{"state":"","who":["user:Shpendi"],"prob":1}},{"classId":"r_5","type":"linked","directed":false,"entities":["s6p1|163,185","s6p1|81,86"],"confidence":{"state":"","who":["user:Shpendi"],"prob":1}},{"classId":"r_5","type":"linked","directed":false,"entities":["s6p1|252,269","s6p1|81,86"],"confidence":{"state":"","who":["user:Shpendi"],"prob":1}},{"classId":"r_5","type":"linked","directed":false,"entities":["s6p1|336,342","s6p1|574,579"],"confidence":{"state":"","who":["user:Shpendi"],"prob":1}},{"classId":"r_5","type":"linked","directed":false,"entities":["s6p1|689,709","s6p1|727,730"],"confidence":{"state":"","who":["user:Shpendi"],"prob":1}},{"classId":"r_5","type":"linked","directed":false,"entities":["s6p1|689,709","s6p1|738,741"],"confidence":{"state":"","who":["user:Shpendi"],"prob":1}},{"classId":"r_5","type":"linked","directed":false,"entities":["s6p3|329,334","s6p3|142,178"],"confidence":{"state":"","who":["user:Shpendi"],"prob":1}},{"classId":"r_5","type":"linked","directed":false,"entities":["s6p3|1048,1053","s6p3|1065,1085"],"confidence":{"state":"","who":["user:Shpendi"],"prob":1}},{"classId":"r_5","type":"linked","directed":false,"entities":["s6p3|1065,1085","s6p3|1137,1140"],"confidence":{"state":"","who":["user:Shpendi"],"prob":1}},{"classId":"r_5","type":"linked","directed":false,"entities":["s6p3|1126,1129","s6p3|1065,1085"],"confidence":{"state":"","who":["user:Shpendi"],"prob":1}},{"classId":"r_5","type":"linked","directed":false,"entities":["s6p4|570,576","s6p4|498,503"],"confidence":{"state":"","who":["user:Shpendi"],"prob":1}},{"classId":"r_5","type":"linked","directed":false,"entities":["s6p4|570,576","s6p4|535,541"],"confidence":{"state":"","who":["user:Shpendi"],"prob":1}},{"classId":"r_5","type":"linked","directed":false,"entities":["s6p4|601,606","s6p4|498,503"],"confidence":{"state":"","who":["user:Shpendi"],"prob":1}},{"classId":"r_5","type":"linked","directed":false,"entities":["s6p4|611,616","s6p4|498,503"],"confidence":{"state":"","who":["user:Shpendi"],"prob":1}}],"metas":{"m_4":{"value":true,"confidence":{}}},"annotatable":{"parts":["s1h1","s2h1","s2p1","s3h1","s3p1","s3p2","s3p3","s4h1","s4s1h1","s4s1p1","s4s1f1h1","s4s1f1p1","s4s2h1","s4s2p1","s4s3h1","s4s3p1","s4s4h1","s4s4p1","s4s5h1","s4s5p1","s5h1","s5s1h1","s5s1p1","s5s1p2","s5s2h1","s5s2p1","s5s2f1h1","s5s2f1p1","s5s2p2","s5s2p3","s5s2f2h1","s5s2f2p1","s5s2p4","s5s2f3h1","s5s2f3p1","s5s3h1","s5s3p1","s5s3f1h1","s5s3f1p1","s5s3p2","s5s4h1","s5s4p1","s5s4f1h1","s5s4f1p1","s5s5h1","s5s5p1","s5s5f1h1","s5s5f1p1","s6h1","s6p1","s6p2","s6p3","s6p4","s6p5"]}}