{"anncomplete":true,"sources":[{"name":"ORIG","id":"PMC2710521","url":"http://www.ncbi.nlm.nih.gov/pmc/articles/PMC2710521/"},{"name":"PMID","id":"19629184","url":"http://www.ncbi.nlm.nih.gov/pubmed/19629184"}],"entities":[{"classId":"e_1","part":"s1h1","offsets":[{"start":35,"text":"Frataxin"}],"confidence":{"state":"","who":["user:Shpendi"],"prob":1},"fields":{},"normalizations":{}},{"classId":"e_1","part":"s2s1p1","offsets":[{"start":96,"text":"frataxin"}],"confidence":{"state":"","who":["user:Shpendi"],"prob":1},"fields":{},"normalizations":{}},{"classId":"e_1","part":"s2s1p1","offsets":[{"start":287,"text":"frataxin"}],"confidence":{"state":"","who":["user:Shpendi"],"prob":1},"fields":{},"normalizations":{}},{"classId":"e_3","part":"s2s2p1","offsets":[{"start":45,"text":"murine"}],"confidence":{"state":"","who":["user:Shpendi"],"prob":1},"fields":{},"normalizations":{}},{"classId":"e_1","part":"s2s2p1","offsets":[{"start":100,"text":"frataxin"}],"confidence":{"state":"","who":["user:Shpendi"],"prob":1},"fields":{},"normalizations":{}},{"classId":"e_3","part":"s2s2p1","offsets":[{"start":192,"text":"murine"}],"confidence":{"state":"","who":["user:Shpendi"],"prob":1},"fields":{},"normalizations":{}},{"classId":"e_1","part":"s2s2p1","offsets":[{"start":239,"text":"frataxin"}],"confidence":{"state":"","who":["user:Shpendi"],"prob":1},"fields":{},"normalizations":{}},{"classId":"e_3","part":"s2s2p1","offsets":[{"start":280,"text":"human"}],"confidence":{"state":"","who":["user:Shpendi"],"prob":1},"fields":{},"normalizations":{}},{"classId":"e_1","part":"s2s2p1","offsets":[{"start":286,"text":"frataxin"}],"confidence":{"state":"","who":["user:Shpendi"],"prob":1},"fields":{},"normalizations":{}},{"classId":"e_3","part":"s2s2p1","offsets":[{"start":331,"text":"murine"}],"confidence":{"state":"","who":["user:Shpendi"],"prob":1},"fields":{},"normalizations":{}},{"classId":"e_1","part":"s2s2p1","offsets":[{"start":338,"text":"frataxin"}],"confidence":{"state":"","who":["user:Shpendi"],"prob":1},"fields":{},"normalizations":{}},{"classId":"e_3","part":"s2s2p1","offsets":[{"start":477,"text":"human"}],"confidence":{"state":"","who":["user:Shpendi"],"prob":1},"fields":{},"normalizations":{}},{"classId":"e_2","part":"s2s2p1","offsets":[{"start":512,"text":"hFXNG130V"}],"confidence":{"state":"","who":["user:Shpendi"],"prob":1},"fields":{},"normalizations":{}},{"classId":"e_2","part":"s2s2p1","offsets":[{"start":526,"text":"hFXNI154F"}],"confidence":{"state":"","who":["user:Shpendi"],"prob":1},"fields":{},"normalizations":{}},{"classId":"e_1","part":"s2s2p1","offsets":[{"start":537,"text":"frataxin"}],"confidence":{"state":"","who":["user:Shpendi"],"prob":1},"fields":{},"normalizations":{}},{"classId":"e_1","part":"s2s2p1","offsets":[{"start":591,"text":"frataxin"}],"confidence":{"state":"","who":["user:Shpendi"],"prob":1},"fields":{},"normalizations":{}},{"classId":"e_2","part":"s2s2p1","offsets":[{"start":750,"text":"hFXNI154F"}],"confidence":{"state":"","who":["user:Shpendi"],"prob":1},"fields":{},"normalizations":{}},{"classId":"e_1","part":"s2s3p1","offsets":[{"start":308,"text":"frataxin"}],"confidence":{"state":"","who":["user:Shpendi"],"prob":1},"fields":{},"normalizations":{}},{"classId":"e_1","part":"s3p1","offsets":[{"start":322,"text":"frataxin"}],"confidence":{"state":"","who":["user:Shpendi"],"prob":1},"fields":{},"normalizations":{}},{"classId":"e_1","part":"s3p1","offsets":[{"start":375,"text":"frataxin"}],"confidence":{"state":"","who":["user:Shpendi"],"prob":1},"fields":{},"normalizations":{}},{"classId":"e_1","part":"s3p1","offsets":[{"start":576,"text":"Frataxin"}],"confidence":{"state":"","who":["user:Shpendi"],"prob":1},"fields":{},"normalizations":{}},{"classId":"e_1","part":"s3p1","offsets":[{"start":863,"text":"frataxin"}],"confidence":{"state":"","who":["user:Shpendi"],"prob":1},"fields":{},"normalizations":{}},{"classId":"e_3","part":"s3p1","offsets":[{"start":886,"text":"human"}],"confidence":{"state":"","who":["user:Shpendi"],"prob":1},"fields":{},"normalizations":{}},{"classId":"e_3","part":"s3p1","offsets":[{"start":893,"text":"mouse"}],"confidence":{"state":"","who":["user:Shpendi"],"prob":1},"fields":{},"normalizations":{}},{"classId":"e_3","part":"s3p1","offsets":[{"start":903,"text":"yeast"}],"confidence":{"state":"","who":["user:Shpendi"],"prob":1},"fields":{},"normalizations":{}},{"classId":"e_1","part":"s3p1","offsets":[{"start":1027,"text":"frataxin"}],"confidence":{"state":"","who":["user:Shpendi"],"prob":1},"fields":{},"normalizations":{}},{"classId":"e_1","part":"s3p2","offsets":[{"start":109,"text":"frataxin"}],"confidence":{"state":"","who":["user:Shpendi"],"prob":1},"fields":{},"normalizations":{}},{"classId":"e_1","part":"s3p2","offsets":[{"start":460,"text":"frataxin"}],"confidence":{"state":"","who":["user:Shpendi"],"prob":1},"fields":{},"normalizations":{}},{"classId":"e_1","part":"s3p2","offsets":[{"start":576,"text":"frataxin"}],"confidence":{"state":"","who":["user:Shpendi"],"prob":1},"fields":{},"normalizations":{}},{"classId":"e_1","part":"s3p2","offsets":[{"start":642,"text":"frataxin"}],"confidence":{"state":"","who":["user:Shpendi"],"prob":1},"fields":{},"normalizations":{}},{"classId":"e_2","part":"s3p2","offsets":[{"start":651,"text":"deletion"}],"confidence":{"state":"","who":["user:Shpendi"],"prob":1},"fields":{},"normalizations":{}},{"classId":"e_3","part":"s3p2","offsets":[{"start":709,"text":"mice"}],"confidence":{"state":"","who":["user:Shpendi"],"prob":1},"fields":{},"normalizations":{}},{"classId":"e_3","part":"s3p2","offsets":[{"start":758,"text":"C. elegans"}],"confidence":{"state":"","who":["user:Shpendi"],"prob":1},"fields":{},"normalizations":{}},{"classId":"e_3","part":"s3p2","offsets":[{"start":862,"text":"Drosophila"}],"confidence":{"state":"","who":["user:Shpendi"],"prob":1},"fields":{},"normalizations":{}},{"classId":"e_1","part":"s3p3","offsets":[{"start":191,"text":"frataxin"}],"confidence":{"state":"","who":["user:Shpendi"],"prob":1},"fields":{},"normalizations":{}},{"classId":"e_2","part":"s3p3","offsets":[{"start":343,"text":"I154F"}],"confidence":{"state":"","who":["user:Shpendi"],"prob":1},"fields":{},"normalizations":{}},{"classId":"e_2","part":"s3p3","offsets":[{"start":353,"text":"W155R"}],"confidence":{"state":"","who":["user:Shpendi"],"prob":1},"fields":{},"normalizations":{}},{"classId":"e_2","part":"s3p3","offsets":[{"start":398,"text":"G130V"}],"confidence":{"state":"","who":["user:Shpendi"],"prob":1},"fields":{},"normalizations":{}},{"classId":"e_2","part":"s3p3","offsets":[{"start":491,"text":"I154F"}],"confidence":{"state":"","who":["user:Shpendi"],"prob":1},"fields":{},"normalizations":{}},{"classId":"e_2","part":"s3p3","offsets":[{"start":718,"text":"G>T transversion at nucleotide 389"}],"confidence":{"state":"","who":["user:Shpendi"],"prob":1},"fields":{},"normalizations":{}},{"classId":"e_2","part":"s3p3","offsets":[{"start":768,"text":"G130V"}],"confidence":{"state":"","who":["user:Shpendi"],"prob":1},"fields":{},"normalizations":{}},{"classId":"e_2","part":"s3p3","offsets":[{"start":1019,"text":"G130V"}],"confidence":{"state":"","who":["user:Shpendi"],"prob":1},"fields":{},"normalizations":{}},{"classId":"e_1","part":"s3p4","offsets":[{"start":396,"text":"frataxin"}],"confidence":{"state":"","who":["user:Shpendi"],"prob":1},"fields":{},"normalizations":{}},{"classId":"e_3","part":"s3p4","offsets":[{"start":419,"text":"human"}],"confidence":{"state":"","who":["user:Shpendi"],"prob":1},"fields":{},"normalizations":{}},{"classId":"e_3","part":"s3p4","offsets":[{"start":429,"text":"murine"}],"confidence":{"state":"","who":["user:Shpendi"],"prob":1},"fields":{},"normalizations":{}},{"classId":"e_3","part":"s3p4","offsets":[{"start":787,"text":"murine"}],"confidence":{"state":"","who":["user:Shpendi"],"prob":1},"fields":{},"normalizations":{}},{"classId":"e_1","part":"s3p4","offsets":[{"start":794,"text":"frataxin"}],"confidence":{"state":"","who":["user:Shpendi"],"prob":1},"fields":{},"normalizations":{}},{"classId":"e_3","part":"s3p4","offsets":[{"start":820,"text":"human"}],"confidence":{"state":"","who":["user:Shpendi"],"prob":1},"fields":{},"normalizations":{}},{"classId":"e_1","part":"s3p4","offsets":[{"start":826,"text":"frataxin"}],"confidence":{"state":"","who":["user:Shpendi"],"prob":1},"fields":{},"normalizations":{}},{"classId":"e_2","part":"s3p4","offsets":[{"start":905,"text":"I154F"}],"confidence":{"state":"","who":["user:Shpendi"],"prob":1},"fields":{},"normalizations":{}},{"classId":"e_2","part":"s3p4","offsets":[{"start":929,"text":"G130V"}],"confidence":{"state":"","who":["user:Shpendi"],"prob":1},"fields":{},"normalizations":{}},{"classId":"e_1","part":"s4s1h1","offsets":[{"start":9,"text":"frataxin"}],"confidence":{"state":"","who":["user:Shpendi"],"prob":1},"fields":{},"normalizations":{}},{"classId":"e_2","part":"s4s1h1","offsets":[{"start":18,"text":"deletion"}],"confidence":{"state":"","who":["user:Shpendi"],"prob":1},"fields":{},"normalizations":{}},{"classId":"e_3","part":"s4s1h1","offsets":[{"start":30,"text":"murine"}],"confidence":{"state":"","who":["user:Shpendi"],"prob":1},"fields":{},"normalizations":{}},{"classId":"e_1","part":"s4s1h1","offsets":[{"start":110,"text":"mFxn"}],"confidence":{"state":"","who":["user:Shpendi"],"prob":1},"fields":{},"normalizations":{}},{"classId":"e_1","part":"s4s1p1","offsets":[{"start":196,"text":"frataxin"}],"confidence":{"state":"","who":["user:Shpendi"],"prob":1},"fields":{},"normalizations":{}},{"classId":"e_2","part":"s4s1p1","offsets":[{"start":205,"text":"deletion"}],"confidence":{"state":"","who":["user:Shpendi"],"prob":1},"fields":{},"normalizations":{}},{"classId":"e_3","part":"s4s1p1","offsets":[{"start":217,"text":"mouse"}],"confidence":{"state":"","who":["user:Shpendi"],"prob":1},"fields":{},"normalizations":{}},{"classId":"e_3","part":"s4s1p1","offsets":[{"start":316,"text":"mouse"}],"confidence":{"state":"","who":["user:Shpendi"],"prob":1},"fields":{},"normalizations":{}},{"classId":"e_1","part":"s4s1p1","offsets":[{"start":322,"text":"frataxin"}],"confidence":{"state":"","who":["user:Shpendi"],"prob":1},"fields":{},"normalizations":{}},{"classId":"e_1","part":"s4s1p1","offsets":[{"start":755,"text":"frataxin"}],"confidence":{"state":"","who":["user:Shpendi"],"prob":1},"fields":{},"normalizations":{}},{"classId":"e_1","part":"s4s1p1","offsets":[{"start":919,"text":"frataxin"}],"confidence":{"state":"","who":["user:Shpendi"],"prob":1},"fields":{},"normalizations":{}},{"classId":"e_2","part":"s4s1p1","offsets":[{"start":928,"text":"deletion"}],"confidence":{"state":"","who":["user:Shpendi"],"prob":1},"fields":{},"normalizations":{}},{"classId":"e_1","part":"s4s1f1h1","offsets":[{"start":0,"text":"Frataxin"}],"confidence":{"state":"","who":["user:Shpendi"],"prob":1},"fields":{},"normalizations":{}},{"classId":"e_3","part":"s4s1f1h1","offsets":[{"start":51,"text":"murine"}],"confidence":{"state":"","who":["user:Shpendi"],"prob":1},"fields":{},"normalizations":{}},{"classId":"e_3","part":"s4s1f1p1","offsets":[{"start":41,"text":"murine"}],"confidence":{"state":"","who":["user:Shpendi"],"prob":1},"fields":{},"normalizations":{}},{"classId":"e_1","part":"s4s1f1p1","offsets":[{"start":48,"text":"frataxin"}],"confidence":{"state":"","who":["user:Shpendi"],"prob":1},"fields":{},"normalizations":{}},{"classId":"e_1","part":"s4s1f1p1","offsets":[{"start":460,"text":"frataxin"}],"confidence":{"state":"","who":["user:Shpendi"],"prob":1},"fields":{},"normalizations":{}},{"classId":"e_3","part":"s4s1f1p1","offsets":[{"start":759,"text":"murine"}],"confidence":{"state":"","who":["user:Shpendi"],"prob":1},"fields":{},"normalizations":{}},{"classId":"e_1","part":"s4s1f1p1","offsets":[{"start":766,"text":"frataxin"}],"confidence":{"state":"","who":["user:Shpendi"],"prob":1},"fields":{},"normalizations":{}},{"classId":"e_1","part":"s4s1f1p1","offsets":[{"start":781,"text":"mFxn"}],"confidence":{"state":"","who":["user:Shpendi"],"prob":1},"fields":{},"normalizations":{}},{"classId":"e_1","part":"s4s1f1p1","offsets":[{"start":798,"text":"mFxn"}],"confidence":{"state":"","who":["user:Shpendi"],"prob":1},"fields":{},"normalizations":{}},{"classId":"e_1","part":"s4s1f1p1","offsets":[{"start":997,"text":"mFxn"}],"confidence":{"state":"","who":["user:Shpendi"],"prob":1},"fields":{},"normalizations":{}},{"classId":"e_3","part":"s4s1f1p1","offsets":[{"start":1026,"text":"murine"}],"confidence":{"state":"","who":["user:Shpendi"],"prob":1},"fields":{},"normalizations":{}},{"classId":"e_1","part":"s4s1f1p1","offsets":[{"start":1033,"text":"frataxin"}],"confidence":{"state":"","who":["user:Shpendi"],"prob":1},"fields":{},"normalizations":{}},{"classId":"e_1","part":"s4s1f1p1","offsets":[{"start":1075,"text":"mFxn"}],"confidence":{"state":"","who":["user:Shpendi"],"prob":1},"fields":{},"normalizations":{}},{"classId":"e_1","part":"s4s1f1p1","offsets":[{"start":1108,"text":"frataxin"}],"confidence":{"state":"","who":["user:Shpendi"],"prob":1},"fields":{},"normalizations":{}},{"classId":"e_1","part":"s4s1p2","offsets":[{"start":16,"text":"frataxin"}],"confidence":{"state":"","who":["user:Shpendi"],"prob":1},"fields":{},"normalizations":{}},{"classId":"e_2","part":"s4s1p2","offsets":[{"start":25,"text":"deletion"}],"confidence":{"state":"","who":["user:Shpendi"],"prob":1},"fields":{},"normalizations":{}},{"classId":"e_3","part":"s4s1p2","offsets":[{"start":135,"text":"murine"}],"confidence":{"state":"","who":["user:Shpendi"],"prob":1},"fields":{},"normalizations":{}},{"classId":"e_1","part":"s4s1p2","offsets":[{"start":142,"text":"frataxin"}],"confidence":{"state":"","who":["user:Shpendi"],"prob":1},"fields":{},"normalizations":{}},{"classId":"e_1","part":"s4s1p2","offsets":[{"start":152,"text":"mFxn"}],"confidence":{"state":"","who":["user:Shpendi"],"prob":1},"fields":{},"normalizations":{}},{"classId":"e_1","part":"s4s1p2","offsets":[{"start":190,"text":"mFxn"}],"confidence":{"state":"","who":["user:Shpendi"],"prob":1},"fields":{},"normalizations":{}},{"classId":"e_1","part":"s4s1p2","offsets":[{"start":206,"text":"mFxn"}],"confidence":{"state":"","who":["user:Shpendi"],"prob":1},"fields":{},"normalizations":{}},{"classId":"e_1","part":"s4s1p2","offsets":[{"start":270,"text":"mFxn"}],"confidence":{"state":"","who":["user:Shpendi"],"prob":1},"fields":{},"normalizations":{}},{"classId":"e_1","part":"s4s1p2","offsets":[{"start":334,"text":"frataxin"}],"confidence":{"state":"","who":["user:Shpendi"],"prob":1},"fields":{},"normalizations":{}},{"classId":"e_1","part":"s4s1p2","offsets":[{"start":519,"text":"mFxn"}],"confidence":{"state":"","who":["user:Shpendi"],"prob":1},"fields":{},"normalizations":{}},{"classId":"e_3","part":"s4s1p2","offsets":[{"start":687,"text":"mouse"}],"confidence":{"state":"","who":["user:Shpendi"],"prob":1},"fields":{},"normalizations":{}},{"classId":"e_1","part":"s4s1p2","offsets":[{"start":693,"text":"frataxin"}],"confidence":{"state":"","who":["user:Shpendi"],"prob":1},"fields":{},"normalizations":{}},{"classId":"e_1","part":"s4s1p2","offsets":[{"start":714,"text":"mFxn"}],"confidence":{"state":"","who":["user:Shpendi"],"prob":1},"fields":{},"normalizations":{}},{"classId":"e_2","part":"s4s1p2","offsets":[{"start":741,"text":"deletion"}],"confidence":{"state":"","who":["user:Shpendi"],"prob":1},"fields":{},"normalizations":{}},{"classId":"e_1","part":"s4s1p2","offsets":[{"start":768,"text":"frataxin"}],"confidence":{"state":"","who":["user:Shpendi"],"prob":1},"fields":{},"normalizations":{}},{"classId":"e_1","part":"s4s1p2","offsets":[{"start":929,"text":"frataxin"}],"confidence":{"state":"","who":["user:Shpendi"],"prob":1},"fields":{},"normalizations":{}},{"classId":"e_1","part":"s4s1p2","offsets":[{"start":1010,"text":"frataxin"}],"confidence":{"state":"","who":["user:Shpendi"],"prob":1},"fields":{},"normalizations":{}},{"classId":"e_1","part":"s4s1p2","offsets":[{"start":1020,"text":"Frataxin"}],"confidence":{"state":"","who":["user:Shpendi"],"prob":1},"fields":{},"normalizations":{}},{"classId":"e_1","part":"s4s1p2","offsets":[{"start":1723,"text":"Frataxin"}],"confidence":{"state":"","who":["user:Shpendi"],"prob":1},"fields":{},"normalizations":{}},{"classId":"e_1","part":"s4s1p2","offsets":[{"start":2141,"text":"frataxin"}],"confidence":{"state":"","who":["user:Shpendi"],"prob":1},"fields":{},"normalizations":{}},{"classId":"e_1","part":"s4s2h1","offsets":[{"start":38,"text":"hFXN"}],"confidence":{"state":"","who":["user:Shpendi"],"prob":1},"fields":{},"normalizations":{}},{"classId":"e_1","part":"s4s2h1","offsets":[{"start":84,"text":"frataxin"}],"confidence":{"state":"","who":["user:Shpendi"],"prob":1},"fields":{},"normalizations":{}},{"classId":"e_3","part":"s4s2p1","offsets":[{"start":106,"text":"human"}],"confidence":{"state":"","who":["user:Shpendi"],"prob":1},"fields":{},"normalizations":{}},{"classId":"e_1","part":"s4s2p1","offsets":[{"start":112,"text":"frataxin"}],"confidence":{"state":"","who":["user:Shpendi"],"prob":1},"fields":{},"normalizations":{}},{"classId":"e_3","part":"s4s2p1","offsets":[{"start":180,"text":"human"}],"confidence":{"state":"","who":["user:Shpendi"],"prob":1},"fields":{},"normalizations":{}},{"classId":"e_1","part":"s4s2p1","offsets":[{"start":186,"text":"frataxin"}],"confidence":{"state":"","who":["user:Shpendi"],"prob":1},"fields":{},"normalizations":{}},{"classId":"e_1","part":"s4s2p1","offsets":[{"start":196,"text":"hFXN"}],"confidence":{"state":"","who":["user:Shpendi"],"prob":1},"fields":{},"normalizations":{}},{"classId":"e_1","part":"s4s2p1","offsets":[{"start":214,"text":"hFXN"}],"confidence":{"state":"","who":["user:Shpendi"],"prob":1},"fields":{},"normalizations":{}},{"classId":"e_3","part":"s4s2p1","offsets":[{"start":236,"text":"human"}],"confidence":{"state":"","who":["user:Shpendi"],"prob":1},"fields":{},"normalizations":{}},{"classId":"e_1","part":"s4s2p1","offsets":[{"start":242,"text":"frataxin"}],"confidence":{"state":"","who":["user:Shpendi"],"prob":1},"fields":{},"normalizations":{}},{"classId":"e_2","part":"s4s2p1","offsets":[{"start":263,"text":"G130V"}],"confidence":{"state":"","who":["user:Shpendi"],"prob":1},"fields":{},"normalizations":{}},{"classId":"e_2","part":"s4s2p1","offsets":[{"start":279,"text":"I154F"}],"confidence":{"state":"","who":["user:Shpendi"],"prob":1},"fields":{},"normalizations":{}},{"classId":"e_1","part":"s4s2p1","offsets":[{"start":345,"text":"hFXN"}],"confidence":{"state":"","who":["user:Shpendi"],"prob":1},"fields":{},"normalizations":{}},{"classId":"e_2","part":"s4s2p1","offsets":[{"start":362,"text":"G130V"}],"confidence":{"state":"","who":["user:Shpendi"],"prob":1},"fields":{},"normalizations":{}},{"classId":"e_2","part":"s4s2p1","offsets":[{"start":380,"text":"I154F"}],"confidence":{"state":"","who":["user:Shpendi"],"prob":1},"fields":{},"normalizations":{}},{"classId":"e_1","part":"s4s2p1","offsets":[{"start":535,"text":"frataxin"}],"confidence":{"state":"","who":["user:Shpendi"],"prob":1},"fields":{},"normalizations":{}},{"classId":"e_3","part":"s4s2f1h1","offsets":[{"start":0,"text":"Murine"}],"confidence":{"state":"","who":["user:Shpendi"],"prob":1},"fields":{},"normalizations":{}},{"classId":"e_1","part":"s4s2f1h1","offsets":[{"start":7,"text":"frataxin"}],"confidence":{"state":"","who":["user:Shpendi"],"prob":1},"fields":{},"normalizations":{}},{"classId":"e_1","part":"s4s2f1h1","offsets":[{"start":17,"text":"mFxn"}],"confidence":{"state":"","who":["user:Shpendi"],"prob":1},"fields":{},"normalizations":{}},{"classId":"e_3","part":"s4s2f1h1","offsets":[{"start":38,"text":"human"}],"confidence":{"state":"","who":["user:Shpendi"],"prob":1},"fields":{},"normalizations":{}},{"classId":"e_1","part":"s4s2f1h1","offsets":[{"start":44,"text":"frataxin"}],"confidence":{"state":"","who":["user:Shpendi"],"prob":1},"fields":{},"normalizations":{}},{"classId":"e_1","part":"s4s2f1h1","offsets":[{"start":54,"text":"hFXN"}],"confidence":{"state":"","who":["user:Shpendi"],"prob":1},"fields":{},"normalizations":{}},{"classId":"e_1","part":"s4s2f1p1","offsets":[{"start":71,"text":"frataxin"}],"confidence":{"state":"","who":["user:Shpendi"],"prob":1},"fields":{},"normalizations":{}},{"classId":"e_1","part":"s4s2f1p1","offsets":[{"start":123,"text":"hFXN"}],"confidence":{"state":"","who":["user:Shpendi"],"prob":1},"fields":{},"normalizations":{}},{"classId":"e_1","part":"s4s2f1p1","offsets":[{"start":132,"text":"mFxn"}],"confidence":{"state":"","who":["user:Shpendi"],"prob":1},"fields":{},"normalizations":{}},{"classId":"e_3","part":"s4s2f1p1","offsets":[{"start":194,"text":"human"}],"confidence":{"state":"","who":["user:Shpendi"],"prob":1},"fields":{},"normalizations":{}},{"classId":"e_3","part":"s4s2f1p1","offsets":[{"start":204,"text":"murine"}],"confidence":{"state":"","who":["user:Shpendi"],"prob":1},"fields":{},"normalizations":{}},{"classId":"e_1","part":"s4s2f1p1","offsets":[{"start":211,"text":"frataxin"}],"confidence":{"state":"","who":["user:Shpendi"],"prob":1},"fields":{},"normalizations":{}},{"classId":"e_3","part":"s4s2f1p1","offsets":[{"start":293,"text":"murine"}],"confidence":{"state":"","who":["user:Shpendi"],"prob":1},"fields":{},"normalizations":{}},{"classId":"e_1","part":"s4s2f1p1","offsets":[{"start":300,"text":"frataxin"}],"confidence":{"state":"","who":["user:Shpendi"],"prob":1},"fields":{},"normalizations":{}},{"classId":"e_3","part":"s4s2f1p1","offsets":[{"start":335,"text":"human"}],"confidence":{"state":"","who":["user:Shpendi"],"prob":1},"fields":{},"normalizations":{}},{"classId":"e_3","part":"s4s2f1p1","offsets":[{"start":383,"text":"human"}],"confidence":{"state":"","who":["user:Shpendi"],"prob":1},"fields":{},"normalizations":{}},{"classId":"e_1","part":"s4s2f1p1","offsets":[{"start":389,"text":"frataxin"}],"confidence":{"state":"","who":["user:Shpendi"],"prob":1},"fields":{},"normalizations":{}},{"classId":"e_3","part":"s4s2f1p1","offsets":[{"start":399,"text":"Murine"}],"confidence":{"state":"","who":["user:Shpendi"],"prob":1},"fields":{},"normalizations":{}},{"classId":"e_3","part":"s4s2f1p1","offsets":[{"start":410,"text":"human"}],"confidence":{"state":"","who":["user:Shpendi"],"prob":1},"fields":{},"normalizations":{}},{"classId":"e_1","part":"s4s2f1p1","offsets":[{"start":416,"text":"frataxin"}],"confidence":{"state":"","who":["user:Shpendi"],"prob":1},"fields":{},"normalizations":{}},{"classId":"e_3","part":"s4s2f1p1","offsets":[{"start":477,"text":"murine"}],"confidence":{"state":"","who":["user:Shpendi"],"prob":1},"fields":{},"normalizations":{}},{"classId":"e_1","part":"s4s2f1p1","offsets":[{"start":484,"text":"frataxin"}],"confidence":{"state":"","who":["user:Shpendi"],"prob":1},"fields":{},"normalizations":{}},{"classId":"e_2","part":"s4s2f1p1","offsets":[{"start":649,"text":"G130V"}],"confidence":{"state":"","who":["user:Shpendi"],"prob":1},"fields":{},"normalizations":{}},{"classId":"e_2","part":"s4s2f1p1","offsets":[{"start":658,"text":"I154F"}],"confidence":{"state":"","who":["user:Shpendi"],"prob":1},"fields":{},"normalizations":{}},{"classId":"e_1","part":"s4s2f1p1","offsets":[{"start":665,"text":"hFXN"}],"confidence":{"state":"","who":["user:Shpendi"],"prob":1},"fields":{},"normalizations":{}},{"classId":"e_1","part":"s4s2f1p1","offsets":[{"start":689,"text":"hFXN"}],"confidence":{"state":"","who":["user:Shpendi"],"prob":1},"fields":{},"normalizations":{}},{"classId":"e_2","part":"s4s2f1p1","offsets":[{"start":706,"text":"G130V"}],"confidence":{"state":"","who":["user:Shpendi"],"prob":1},"fields":{},"normalizations":{}},{"classId":"e_2","part":"s4s2f1p1","offsets":[{"start":724,"text":"I154F"}],"confidence":{"state":"","who":["user:Shpendi"],"prob":1},"fields":{},"normalizations":{}},{"classId":"e_1","part":"s4s2f1p1","offsets":[{"start":742,"text":"hFXN"}],"confidence":{"state":"","who":["user:Shpendi"],"prob":1},"fields":{},"normalizations":{}},{"classId":"e_2","part":"s4s2f1p1","offsets":[{"start":748,"text":"G130V"}],"confidence":{"state":"","who":["user:Shpendi"],"prob":1},"fields":{},"normalizations":{}},{"classId":"e_2","part":"s4s2f1p1","offsets":[{"start":758,"text":"I154F"}],"confidence":{"state":"","who":["user:Shpendi"],"prob":1},"fields":{},"normalizations":{}},{"classId":"e_3","part":"s4s2p2","offsets":[{"start":25,"text":"murine"}],"confidence":{"state":"","who":["user:Shpendi"],"prob":1},"fields":{},"normalizations":{}},{"classId":"e_1","part":"s4s2p2","offsets":[{"start":32,"text":"frataxin"}],"confidence":{"state":"","who":["user:Shpendi"],"prob":1},"fields":{},"normalizations":{}},{"classId":"e_1","part":"s4s2p2","offsets":[{"start":167,"text":"hFXN"}],"confidence":{"state":"","who":["user:Shpendi"],"prob":1},"fields":{},"normalizations":{}},{"classId":"e_2","part":"s4s2p2","offsets":[{"start":184,"text":"G130V"}],"confidence":{"state":"","who":["user:Shpendi"],"prob":1},"fields":{},"normalizations":{}},{"classId":"e_2","part":"s4s2p2","offsets":[{"start":205,"text":"I154F"}],"confidence":{"state":"","who":["user:Shpendi"],"prob":1},"fields":{},"normalizations":{}},{"classId":"e_1","part":"s4s2p2","offsets":[{"start":343,"text":"hFXN"}],"confidence":{"state":"","who":["user:Shpendi"],"prob":1},"fields":{},"normalizations":{}},{"classId":"e_2","part":"s4s2p2","offsets":[{"start":425,"text":"deletion"}],"confidence":{"state":"","who":["user:Shpendi"],"prob":1},"fields":{},"normalizations":{}},{"classId":"e_3","part":"s4s2p2","offsets":[{"start":452,"text":"murine"}],"confidence":{"state":"","who":["user:Shpendi"],"prob":1},"fields":{},"normalizations":{}},{"classId":"e_1","part":"s4s2p2","offsets":[{"start":459,"text":"frataxin"}],"confidence":{"state":"","who":["user:Shpendi"],"prob":1},"fields":{},"normalizations":{}},{"classId":"e_1","part":"s4s2p2","offsets":[{"start":511,"text":"hFXN"}],"confidence":{"state":"","who":["user:Shpendi"],"prob":1},"fields":{},"normalizations":{}},{"classId":"e_2","part":"s4s2p2","offsets":[{"start":517,"text":"hFXNG130V"}],"confidence":{"state":"","who":["user:Shpendi"],"prob":1},"fields":{},"normalizations":{}},{"classId":"e_2","part":"s4s2p2","offsets":[{"start":531,"text":"hFXNI154F"}],"confidence":{"state":"","who":["user:Shpendi"],"prob":1},"fields":{},"normalizations":{}},{"classId":"e_2","part":"s4s2p2","offsets":[{"start":615,"text":"deletion"}],"confidence":{"state":"","who":["user:Shpendi"],"prob":1},"fields":{},"normalizations":{}},{"classId":"e_3","part":"s4s2p2","offsets":[{"start":642,"text":"mouse"}],"confidence":{"state":"","who":["user:Shpendi"],"prob":1},"fields":{},"normalizations":{}},{"classId":"e_1","part":"s4s2p2","offsets":[{"start":648,"text":"frataxin"}],"confidence":{"state":"","who":["user:Shpendi"],"prob":1},"fields":{},"normalizations":{}},{"classId":"e_3","part":"s4s2p2","offsets":[{"start":704,"text":"murine"}],"confidence":{"state":"","who":["user:Shpendi"],"prob":1},"fields":{},"normalizations":{}},{"classId":"e_2","part":"s4s2p2","offsets":[{"start":863,"text":"hFXNG130V"}],"confidence":{"state":"","who":["user:Shpendi"],"prob":1},"fields":{},"normalizations":{}},{"classId":"e_2","part":"s4s2p2","offsets":[{"start":877,"text":"hFXNI154F"}],"confidence":{"state":"","who":["user:Shpendi"],"prob":1},"fields":{},"normalizations":{}},{"classId":"e_2","part":"s4s2p2","offsets":[{"start":961,"text":"I154F"}],"confidence":{"state":"","who":["user:Shpendi"],"prob":1},"fields":{},"normalizations":{}},{"classId":"e_2","part":"s4s2p2","offsets":[{"start":1012,"text":"hFXNI154F"}],"confidence":{"state":"","who":["user:Shpendi"],"prob":1},"fields":{},"normalizations":{}},{"classId":"e_2","part":"s4s2p2","offsets":[{"start":1059,"text":"hFXNG130V"}],"confidence":{"state":"","who":["user:Shpendi"],"prob":1},"fields":{},"normalizations":{}},{"classId":"e_3","part":"s4s2p2","offsets":[{"start":1220,"text":"human"}],"confidence":{"state":"","who":["user:Shpendi"],"prob":1},"fields":{},"normalizations":{}},{"classId":"e_1","part":"s4s3p1","offsets":[{"start":158,"text":"hFXN"}],"confidence":{"state":"","who":["user:Shpendi"],"prob":1},"fields":{},"normalizations":{}},{"classId":"e_2","part":"s4s3p1","offsets":[{"start":168,"text":"hFXNI154F"}],"confidence":{"state":"","who":["user:Shpendi"],"prob":1},"fields":{},"normalizations":{}},{"classId":"e_2","part":"s4s3p1","offsets":[{"start":531,"text":"hFXNG130V"}],"confidence":{"state":"","who":["user:Shpendi"],"prob":1},"fields":{},"normalizations":{}},{"classId":"e_1","part":"s4s3p1","offsets":[{"start":646,"text":"hFXN"}],"confidence":{"state":"","who":["user:Shpendi"],"prob":1},"fields":{},"normalizations":{}},{"classId":"e_1","part":"s4s3p1","offsets":[{"start":704,"text":"hFXN"}],"confidence":{"state":"","who":["user:Shpendi"],"prob":1},"fields":{},"normalizations":{}},{"classId":"e_2","part":"s4s3p1","offsets":[{"start":720,"text":"hFXNG130V"}],"confidence":{"state":"","who":["user:Shpendi"],"prob":1},"fields":{},"normalizations":{}},{"classId":"e_2","part":"s4s3p1","offsets":[{"start":840,"text":"hFXNG130V"}],"confidence":{"state":"","who":["user:Shpendi"],"prob":1},"fields":{},"normalizations":{}},{"classId":"e_2","part":"s4s3p1","offsets":[{"start":898,"text":"hFXNI154F"}],"confidence":{"state":"","who":["user:Shpendi"],"prob":1},"fields":{},"normalizations":{}},{"classId":"e_2","part":"s4s3p1","offsets":[{"start":1086,"text":"hFXNI154F"}],"confidence":{"state":"","who":["user:Shpendi"],"prob":1},"fields":{},"normalizations":{}},{"classId":"e_2","part":"s4s3p1","offsets":[{"start":1104,"text":"hFXNI154F"}],"confidence":{"state":"","who":["user:Shpendi"],"prob":1},"fields":{},"normalizations":{}},{"classId":"e_2","part":"s4s3p1","offsets":[{"start":1211,"text":"hFXNI154F"}],"confidence":{"state":"","who":["user:Shpendi"],"prob":1},"fields":{},"normalizations":{}},{"classId":"e_2","part":"s4s3p1","offsets":[{"start":1340,"text":"I154F"}],"confidence":{"state":"","who":["user:Shpendi"],"prob":1},"fields":{},"normalizations":{}},{"classId":"e_1","part":"s4s3f1h1","offsets":[{"start":22,"text":"frataxin"}],"confidence":{"state":"","who":["user:Shpendi"],"prob":1},"fields":{},"normalizations":{}},{"classId":"e_3","part":"s4s3f1p1","offsets":[{"start":25,"text":"human"}],"confidence":{"state":"","who":["user:Shpendi"],"prob":1},"fields":{},"normalizations":{}},{"classId":"e_1","part":"s4s3f1p1","offsets":[{"start":31,"text":"frataxin"}],"confidence":{"state":"","who":["user:Shpendi"],"prob":1},"fields":{},"normalizations":{}},{"classId":"e_1","part":"s4s3f1p1","offsets":[{"start":47,"text":"hFXN"}],"confidence":{"state":"","who":["user:Shpendi"],"prob":1},"fields":{},"normalizations":{}},{"classId":"e_2","part":"s4s3f1p1","offsets":[{"start":63,"text":"G130V"}],"confidence":{"state":"","who":["user:Shpendi"],"prob":1},"fields":{},"normalizations":{}},{"classId":"e_2","part":"s4s3f1p1","offsets":[{"start":84,"text":"hFXNG130V"}],"confidence":{"state":"","who":["user:Shpendi"],"prob":1},"fields":{},"normalizations":{}},{"classId":"e_2","part":"s4s3f1p1","offsets":[{"start":106,"text":"I154F"}],"confidence":{"state":"","who":["user:Shpendi"],"prob":1},"fields":{},"normalizations":{}},{"classId":"e_2","part":"s4s3f1p1","offsets":[{"start":128,"text":"hFXNI154F"}],"confidence":{"state":"","who":["user:Shpendi"],"prob":1},"fields":{},"normalizations":{}},{"classId":"e_2","part":"s4s3f1p1","offsets":[{"start":146,"text":"hFXNI154F"}],"confidence":{"state":"","who":["user:Shpendi"],"prob":1},"fields":{},"normalizations":{}},{"classId":"e_2","part":"s4s3p2","offsets":[{"start":60,"text":"hFXNG130V"}],"confidence":{"state":"","who":["user:Shpendi"],"prob":1},"fields":{},"normalizations":{}},{"classId":"e_2","part":"s4s3p2","offsets":[{"start":74,"text":"hFXNI154F"}],"confidence":{"state":"","who":["user:Shpendi"],"prob":1},"fields":{},"normalizations":{}},{"classId":"e_2","part":"s4s3p2","offsets":[{"start":221,"text":"hFXNG130V"}],"confidence":{"state":"","who":["user:Shpendi"],"prob":1},"fields":{},"normalizations":{}},{"classId":"e_2","part":"s4s3p2","offsets":[{"start":235,"text":"hFXNI154F"}],"confidence":{"state":"","who":["user:Shpendi"],"prob":1},"fields":{},"normalizations":{}},{"classId":"e_1","part":"s4s3p2","offsets":[{"start":442,"text":"hFXN"}],"confidence":{"state":"","who":["user:Shpendi"],"prob":1},"fields":{},"normalizations":{}},{"classId":"e_2","part":"s4s3p2","offsets":[{"start":516,"text":"hFXNG130V"}],"confidence":{"state":"","who":["user:Shpendi"],"prob":1},"fields":{},"normalizations":{}},{"classId":"e_2","part":"s4s3p2","offsets":[{"start":530,"text":"hFXNI154F"}],"confidence":{"state":"","who":["user:Shpendi"],"prob":1},"fields":{},"normalizations":{}},{"classId":"e_2","part":"s4s3p2","offsets":[{"start":906,"text":"hFXNI154F"}],"confidence":{"state":"","who":["user:Shpendi"],"prob":1},"fields":{},"normalizations":{}},{"classId":"e_2","part":"s4s3p2","offsets":[{"start":1178,"text":"hFXNG130V"}],"confidence":{"state":"","who":["user:Shpendi"],"prob":1},"fields":{},"normalizations":{}},{"classId":"e_2","part":"s4s3p2","offsets":[{"start":1229,"text":"hFXNI154F"}],"confidence":{"state":"","who":["user:Shpendi"],"prob":1},"fields":{},"normalizations":{}},{"classId":"e_2","part":"s4s3p2","offsets":[{"start":1442,"text":"hFXNI154F"}],"confidence":{"state":"","who":["user:Shpendi"],"prob":1},"fields":{},"normalizations":{}},{"classId":"e_1","part":"s4s3p2","offsets":[{"start":1512,"text":"hFXN"}],"confidence":{"state":"","who":["user:Shpendi"],"prob":1},"fields":{},"normalizations":{}},{"classId":"e_2","part":"s4s3p2","offsets":[{"start":1764,"text":"hFXNI154F"}],"confidence":{"state":"","who":["user:Shpendi"],"prob":1},"fields":{},"normalizations":{}},{"classId":"e_1","part":"s4s3p2","offsets":[{"start":1817,"text":"hFXN"}],"confidence":{"state":"","who":["user:Shpendi"],"prob":1},"fields":{},"normalizations":{}},{"classId":"e_3","part":"s4s3p2","offsets":[{"start":1982,"text":"human"}],"confidence":{"state":"","who":["user:Shpendi"],"prob":1},"fields":{},"normalizations":{}},{"classId":"e_1","part":"s4s3p2","offsets":[{"start":2145,"text":"hFXN"}],"confidence":{"state":"","who":["user:Shpendi"],"prob":1},"fields":{},"normalizations":{}},{"classId":"e_2","part":"s4s3f2h1","offsets":[{"start":47,"text":"hFXNG130V"}],"confidence":{"state":"","who":["user:Shpendi"],"prob":1},"fields":{},"normalizations":{}},{"classId":"e_2","part":"s4s3f2h1","offsets":[{"start":61,"text":"hFXNI154F"}],"confidence":{"state":"","who":["user:Shpendi"],"prob":1},"fields":{},"normalizations":{}},{"classId":"e_1","part":"s4s3f2p1","offsets":[{"start":26,"text":"hFXN"}],"confidence":{"state":"","who":["user:Shpendi"],"prob":1},"fields":{},"normalizations":{}},{"classId":"e_2","part":"s4s3f2p1","offsets":[{"start":40,"text":"hFXNI154F"}],"confidence":{"state":"","who":["user:Shpendi"],"prob":1},"fields":{},"normalizations":{}},{"classId":"e_1","part":"s4s3p3","offsets":[{"start":84,"text":"frataxin"}],"confidence":{"state":"","who":["user:Shpendi"],"prob":1},"fields":{},"normalizations":{}},{"classId":"e_3","part":"s4s3p3","offsets":[{"start":241,"text":"mouse"}],"confidence":{"state":"","who":["user:Shpendi"],"prob":1},"fields":{},"normalizations":{}},{"classId":"e_2","part":"s4s3p3","offsets":[{"start":282,"text":"hFXNG130V"}],"confidence":{"state":"","who":["user:Shpendi"],"prob":1},"fields":{},"normalizations":{}},{"classId":"e_2","part":"s4s3p3","offsets":[{"start":296,"text":"hFXNI154F"}],"confidence":{"state":"","who":["user:Shpendi"],"prob":1},"fields":{},"normalizations":{}},{"classId":"e_2","part":"s4s3p3","offsets":[{"start":436,"text":"hFXNI154F"}],"confidence":{"state":"","who":["user:Shpendi"],"prob":1},"fields":{},"normalizations":{}},{"classId":"e_2","part":"s4s3p3","offsets":[{"start":470,"text":"hFXNG130V"}],"confidence":{"state":"","who":["user:Shpendi"],"prob":1},"fields":{},"normalizations":{}},{"classId":"e_2","part":"s4s3p3","offsets":[{"start":610,"text":"hFXNG130V"}],"confidence":{"state":"","who":["user:Shpendi"],"prob":1},"fields":{},"normalizations":{}},{"classId":"e_2","part":"s4s3p3","offsets":[{"start":624,"text":"hFXNI154F"}],"confidence":{"state":"","who":["user:Shpendi"],"prob":1},"fields":{},"normalizations":{}},{"classId":"e_1","part":"s4s3p3","offsets":[{"start":767,"text":"iron regulatory protein 1"}],"confidence":{"state":"","who":["user:Shpendi"],"prob":1},"fields":{},"normalizations":{}},{"classId":"e_1","part":"s4s3p3","offsets":[{"start":794,"text":"IRP1"}],"confidence":{"state":"","who":["user:Shpendi"],"prob":1},"fields":{},"normalizations":{}},{"classId":"e_1","part":"s4s3p3","offsets":[{"start":1115,"text":"IRP1"}],"confidence":{"state":"","who":["user:Shpendi"],"prob":1},"fields":{},"normalizations":{}},{"classId":"e_2","part":"s4s3p3","offsets":[{"start":1145,"text":"hFXNI154F"}],"confidence":{"state":"","who":["user:Shpendi"],"prob":1},"fields":{},"normalizations":{}},{"classId":"e_1","part":"s4s3p3","offsets":[{"start":1300,"text":"Nth1"}],"confidence":{"state":"","who":["user:Shpendi"],"prob":1},"fields":{},"normalizations":{}},{"classId":"e_2","part":"s4s3p3","offsets":[{"start":1506,"text":"hFXNI154F"}],"confidence":{"state":"","who":["user:Shpendi"],"prob":1},"fields":{},"normalizations":{}},{"classId":"e_1","part":"s4s3p3","offsets":[{"start":1636,"text":"Nth1"}],"confidence":{"state":"","who":["user:Shpendi"],"prob":1},"fields":{},"normalizations":{}},{"classId":"e_2","part":"s4s3p3","offsets":[{"start":1963,"text":"hFXNI154F"}],"confidence":{"state":"","who":["user:Shpendi"],"prob":1},"fields":{},"normalizations":{}},{"classId":"e_2","part":"s4s3p3","offsets":[{"start":2203,"text":"hFXNG130V"}],"confidence":{"state":"","who":["user:Shpendi"],"prob":1},"fields":{},"normalizations":{}},{"classId":"e_2","part":"s4s3p3","offsets":[{"start":2217,"text":"hFXNI154F"}],"confidence":{"state":"","who":["user:Shpendi"],"prob":1},"fields":{},"normalizations":{}},{"classId":"e_1","part":"s4s3p3","offsets":[{"start":2300,"text":"frataxin"}],"confidence":{"state":"","who":["user:Shpendi"],"prob":1},"fields":{},"normalizations":{}},{"classId":"e_1","part":"s4s3f3h1","offsets":[{"start":63,"text":"hFXN"}],"confidence":{"state":"","who":["user:Shpendi"],"prob":1},"fields":{},"normalizations":{}},{"classId":"e_2","part":"s4s3f3h1","offsets":[{"start":76,"text":"hFXNG130V"}],"confidence":{"state":"","who":["user:Shpendi"],"prob":1},"fields":{},"normalizations":{}},{"classId":"e_2","part":"s4s3f3h1","offsets":[{"start":90,"text":"hFXNI154F"}],"confidence":{"state":"","who":["user:Shpendi"],"prob":1},"fields":{},"normalizations":{}},{"classId":"e_1","part":"s4s3f3p1","offsets":[{"start":258,"text":"IRP1"}],"confidence":{"state":"","who":["user:Shpendi"],"prob":1},"fields":{},"normalizations":{}},{"classId":"e_1","part":"s4s3f3p1","offsets":[{"start":442,"text":"IRP1"}],"confidence":{"state":"","who":["user:Shpendi"],"prob":1},"fields":{},"normalizations":{}},{"classId":"e_1","part":"s4s3f3p1","offsets":[{"start":465,"text":"Nth1"}],"confidence":{"state":"","who":["user:Shpendi"],"prob":1},"fields":{},"normalizations":{}},{"classId":"e_1","part":"s4s3f3p1","offsets":[{"start":683,"text":"Nth1"}],"confidence":{"state":"","who":["user:Shpendi"],"prob":1},"fields":{},"normalizations":{}},{"classId":"e_1","part":"s4s3f3p1","offsets":[{"start":865,"text":"GAPDH"}],"confidence":{"state":"","who":["user:Shpendi"],"prob":1},"fields":{},"normalizations":{}},{"classId":"e_1","part":"s4s3f3p1","offsets":[{"start":1179,"text":"hFXN"}],"confidence":{"state":"","who":["user:Shpendi"],"prob":1},"fields":{},"normalizations":{}},{"classId":"e_2","part":"s4s3f3p1","offsets":[{"start":1185,"text":"hFXNG130V"}],"confidence":{"state":"","who":["user:Shpendi"],"prob":1},"fields":{},"normalizations":{}},{"classId":"e_2","part":"s4s3f3p1","offsets":[{"start":1198,"text":"hFXNI154F"}],"confidence":{"state":"","who":["user:Shpendi"],"prob":1},"fields":{},"normalizations":{}},{"classId":"e_1","part":"s4s3p4","offsets":[{"start":31,"text":"frataxin"}],"confidence":{"state":"","who":["user:Shpendi"],"prob":1},"fields":{},"normalizations":{}},{"classId":"e_3","part":"s4s3p4","offsets":[{"start":170,"text":"yeast"}],"confidence":{"state":"","who":["user:Shpendi"],"prob":1},"fields":{},"normalizations":{}},{"classId":"e_3","part":"s4s3p4","offsets":[{"start":191,"text":"Drosophila"}],"confidence":{"state":"","who":["user:Shpendi"],"prob":1},"fields":{},"normalizations":{}},{"classId":"e_1","part":"s4s3p4","offsets":[{"start":487,"text":"hFXN"}],"confidence":{"state":"","who":["user:Shpendi"],"prob":1},"fields":{},"normalizations":{}},{"classId":"e_2","part":"s4s3p4","offsets":[{"start":493,"text":"hFXNG130V"}],"confidence":{"state":"","who":["user:Shpendi"],"prob":1},"fields":{},"normalizations":{}},{"classId":"e_2","part":"s4s3p4","offsets":[{"start":507,"text":"hFXNI154F"}],"confidence":{"state":"","who":["user:Shpendi"],"prob":1},"fields":{},"normalizations":{}},{"classId":"e_2","part":"s4s3p4","offsets":[{"start":625,"text":"hFXNI154F"}],"confidence":{"state":"","who":["user:Shpendi"],"prob":1},"fields":{},"normalizations":{}},{"classId":"e_2","part":"s4s3p4","offsets":[{"start":776,"text":"hFXNI154F"}],"confidence":{"state":"","who":["user:Shpendi"],"prob":1},"fields":{},"normalizations":{}},{"classId":"e_1","part":"s4s3p4","offsets":[{"start":825,"text":"hFXN"}],"confidence":{"state":"","who":["user:Shpendi"],"prob":1},"fields":{},"normalizations":{}},{"classId":"e_2","part":"s4s3p4","offsets":[{"start":834,"text":"hFXNG130V"}],"confidence":{"state":"","who":["user:Shpendi"],"prob":1},"fields":{},"normalizations":{}},{"classId":"e_2","part":"s4s3p4","offsets":[{"start":879,"text":"hFXNI154F"}],"confidence":{"state":"","who":["user:Shpendi"],"prob":1},"fields":{},"normalizations":{}},{"classId":"e_2","part":"s4s3p4","offsets":[{"start":945,"text":"hFXNI154F"}],"confidence":{"state":"","who":["user:Shpendi"],"prob":1},"fields":{},"normalizations":{}},{"classId":"e_2","part":"s4s3p4","offsets":[{"start":1030,"text":"hFXNI154F"}],"confidence":{"state":"","who":["user:Shpendi"],"prob":1},"fields":{},"normalizations":{}},{"classId":"e_2","part":"s4s3p4","offsets":[{"start":1102,"text":"hFXNI154F"}],"confidence":{"state":"","who":["user:Shpendi"],"prob":1},"fields":{},"normalizations":{}},{"classId":"e_2","part":"s4s3p4","offsets":[{"start":1153,"text":"hFXNG130V"}],"confidence":{"state":"","who":["user:Shpendi"],"prob":1},"fields":{},"normalizations":{}},{"classId":"e_2","part":"s4s3p4","offsets":[{"start":1167,"text":"hFXNI154F"}],"confidence":{"state":"","who":["user:Shpendi"],"prob":1},"fields":{},"normalizations":{}},{"classId":"e_1","part":"s4s3p4","offsets":[{"start":1570,"text":"Sod2"}],"confidence":{"state":"","who":["user:Shpendi"],"prob":1},"fields":{},"normalizations":{}},{"classId":"e_2","part":"s4s3p4","offsets":[{"start":1872,"text":"hFXNI154F"}],"confidence":{"state":"","who":["user:Shpendi"],"prob":1},"fields":{},"normalizations":{}},{"classId":"e_1","part":"s4s3f4h1","offsets":[{"start":68,"text":"hFXN"}],"confidence":{"state":"","who":["user:Shpendi"],"prob":1},"fields":{},"normalizations":{}},{"classId":"e_2","part":"s4s3f4h1","offsets":[{"start":81,"text":"hFXNG130V"}],"confidence":{"state":"","who":["user:Shpendi"],"prob":1},"fields":{},"normalizations":{}},{"classId":"e_2","part":"s4s3f4h1","offsets":[{"start":95,"text":"hFXNI154F"}],"confidence":{"state":"","who":["user:Shpendi"],"prob":1},"fields":{},"normalizations":{}},{"classId":"e_1","part":"s4s3f4p1","offsets":[{"start":382,"text":"hFXN"}],"confidence":{"state":"","who":["user:Shpendi"],"prob":1},"fields":{},"normalizations":{}},{"classId":"e_2","part":"s4s3f4p1","offsets":[{"start":388,"text":"hFXNG130V"}],"confidence":{"state":"","who":["user:Shpendi"],"prob":1},"fields":{},"normalizations":{}},{"classId":"e_2","part":"s4s3f4p1","offsets":[{"start":402,"text":"hFXNI154F"}],"confidence":{"state":"","who":["user:Shpendi"],"prob":1},"fields":{},"normalizations":{}},{"classId":"e_1","part":"s4s3f4p1","offsets":[{"start":472,"text":"hFXN"}],"confidence":{"state":"","who":["user:Shpendi"],"prob":1},"fields":{},"normalizations":{}},{"classId":"e_2","part":"s4s3f4p1","offsets":[{"start":481,"text":"hFXNG130V"}],"confidence":{"state":"","who":["user:Shpendi"],"prob":1},"fields":{},"normalizations":{}},{"classId":"e_2","part":"s4s3f4p1","offsets":[{"start":509,"text":"hFXNI154F"}],"confidence":{"state":"","who":["user:Shpendi"],"prob":1},"fields":{},"normalizations":{}},{"classId":"e_1","part":"s4s3f4p1","offsets":[{"start":695,"text":"hFXN"}],"confidence":{"state":"","who":["user:Shpendi"],"prob":1},"fields":{},"normalizations":{}},{"classId":"e_1","part":"s4s3f4p1","offsets":[{"start":843,"text":"GAPDH"}],"confidence":{"state":"","who":["user:Shpendi"],"prob":1},"fields":{},"normalizations":{}},{"classId":"e_3","part":"s5p1","offsets":[{"start":169,"text":"human"}],"confidence":{"state":"","who":["user:Shpendi"],"prob":1},"fields":{},"normalizations":{}},{"classId":"e_1","part":"s5p1","offsets":[{"start":260,"text":"frataxin"}],"confidence":{"state":"","who":["user:Shpendi"],"prob":1},"fields":{},"normalizations":{}},{"classId":"e_1","part":"s5p1","offsets":[{"start":313,"text":"frataxin"}],"confidence":{"state":"","who":["user:Shpendi"],"prob":1},"fields":{},"normalizations":{}},{"classId":"e_3","part":"s5p1","offsets":[{"start":434,"text":"murine"}],"confidence":{"state":"","who":["user:Shpendi"],"prob":1},"fields":{},"normalizations":{}},{"classId":"e_1","part":"s5p1","offsets":[{"start":442,"text":"mFxn"}],"confidence":{"state":"","who":["user:Shpendi"],"prob":1},"fields":{},"normalizations":{}},{"classId":"e_3","part":"s5p1","offsets":[{"start":452,"text":"human"}],"confidence":{"state":"","who":["user:Shpendi"],"prob":1},"fields":{},"normalizations":{}},{"classId":"e_1","part":"s5p1","offsets":[{"start":458,"text":"frataxin"}],"confidence":{"state":"","who":["user:Shpendi"],"prob":1},"fields":{},"normalizations":{}},{"classId":"e_1","part":"s5p1","offsets":[{"start":468,"text":"hFXN"}],"confidence":{"state":"","who":["user:Shpendi"],"prob":1},"fields":{},"normalizations":{}},{"classId":"e_2","part":"s5p1","offsets":[{"start":593,"text":"deletion"}],"confidence":{"state":"","who":["user:Shpendi"],"prob":1},"fields":{},"normalizations":{}},{"classId":"e_3","part":"s5p1","offsets":[{"start":620,"text":"murine"}],"confidence":{"state":"","who":["user:Shpendi"],"prob":1},"fields":{},"normalizations":{}},{"classId":"e_1","part":"s5p1","offsets":[{"start":639,"text":"frataxin"}],"confidence":{"state":"","who":["user:Shpendi"],"prob":1},"fields":{},"normalizations":{}},{"classId":"e_3","part":"s5p1","offsets":[{"start":678,"text":"human"}],"confidence":{"state":"","who":["user:Shpendi"],"prob":1},"fields":{},"normalizations":{}},{"classId":"e_1","part":"s5p1","offsets":[{"start":684,"text":"frataxin"}],"confidence":{"state":"","who":["user:Shpendi"],"prob":1},"fields":{},"normalizations":{}},{"classId":"e_2","part":"s5p1","offsets":[{"start":713,"text":"G130V"}],"confidence":{"state":"","who":["user:Shpendi"],"prob":1},"fields":{},"normalizations":{}},{"classId":"e_2","part":"s5p1","offsets":[{"start":722,"text":"I154F"}],"confidence":{"state":"","who":["user:Shpendi"],"prob":1},"fields":{},"normalizations":{}},{"classId":"e_3","part":"s5p2","offsets":[{"start":6,"text":"mouse"}],"confidence":{"state":"","who":["user:Shpendi"],"prob":1},"fields":{},"normalizations":{}},{"classId":"e_1","part":"s5p2","offsets":[{"start":31,"text":"hFXN"}],"confidence":{"state":"","who":["user:Shpendi"],"prob":1},"fields":{},"normalizations":{}},{"classId":"e_1","part":"s5p2","offsets":[{"start":61,"text":"mFxn"}],"confidence":{"state":"","who":["user:Shpendi"],"prob":1},"fields":{},"normalizations":{}},{"classId":"e_1","part":"s5p2","offsets":[{"start":101,"text":"hFXN"}],"confidence":{"state":"","who":["user:Shpendi"],"prob":1},"fields":{},"normalizations":{}},{"classId":"e_2","part":"s5p2","offsets":[{"start":190,"text":"hFXNG130V"}],"confidence":{"state":"","who":["user:Shpendi"],"prob":1},"fields":{},"normalizations":{}},{"classId":"e_2","part":"s5p2","offsets":[{"start":204,"text":"hFXNI154F"}],"confidence":{"state":"","who":["user:Shpendi"],"prob":1},"fields":{},"normalizations":{}},{"classId":"e_1","part":"s5p2","offsets":[{"start":251,"text":"mFxn"}],"confidence":{"state":"","who":["user:Shpendi"],"prob":1},"fields":{},"normalizations":{}},{"classId":"e_3","part":"s5p2","offsets":[{"start":304,"text":"human"}],"confidence":{"state":"","who":["user:Shpendi"],"prob":1},"fields":{},"normalizations":{}},{"classId":"e_1","part":"s5p2","offsets":[{"start":310,"text":"frataxin"}],"confidence":{"state":"","who":["user:Shpendi"],"prob":1},"fields":{},"normalizations":{}},{"classId":"e_2","part":"s5p2","offsets":[{"start":379,"text":"hFXNG130V"}],"confidence":{"state":"","who":["user:Shpendi"],"prob":1},"fields":{},"normalizations":{}},{"classId":"e_2","part":"s5p2","offsets":[{"start":393,"text":"hFXNI154F"}],"confidence":{"state":"","who":["user:Shpendi"],"prob":1},"fields":{},"normalizations":{}},{"classId":"e_1","part":"s5p2","offsets":[{"start":627,"text":"hFXN"}],"confidence":{"state":"","who":["user:Shpendi"],"prob":1},"fields":{},"normalizations":{}},{"classId":"e_2","part":"s5p2","offsets":[{"start":632,"text":"I154F"}],"confidence":{"state":"","who":["user:Shpendi"],"prob":1},"fields":{},"normalizations":{}},{"classId":"e_1","part":"s5p2","offsets":[{"start":707,"text":"Nth1"}],"confidence":{"state":"","who":["user:Shpendi"],"prob":1},"fields":{},"normalizations":{}},{"classId":"e_1","part":"s5p2","offsets":[{"start":728,"text":"IRP1"}],"confidence":{"state":"","who":["user:Shpendi"],"prob":1},"fields":{},"normalizations":{}},{"classId":"e_1","part":"s5p2","offsets":[{"start":923,"text":"frataxin"}],"confidence":{"state":"","who":["user:Shpendi"],"prob":1},"fields":{},"normalizations":{}},{"classId":"e_1","part":"s5p2","offsets":[{"start":1005,"text":"frataxin"}],"confidence":{"state":"","who":["user:Shpendi"],"prob":1},"fields":{},"normalizations":{}},{"classId":"e_3","part":"s5p2","offsets":[{"start":1023,"text":"mouse"}],"confidence":{"state":"","who":["user:Shpendi"],"prob":1},"fields":{},"normalizations":{}},{"classId":"e_1","part":"s5p2","offsets":[{"start":1084,"text":"frataxin"}],"confidence":{"state":"","who":["user:Shpendi"],"prob":1},"fields":{},"normalizations":{}},{"classId":"e_2","part":"s5p2","offsets":[{"start":1273,"text":"hFXNI154F"}],"confidence":{"state":"","who":["user:Shpendi"],"prob":1},"fields":{},"normalizations":{}},{"classId":"e_3","part":"s5p2","offsets":[{"start":1355,"text":"mouse"}],"confidence":{"state":"","who":["user:Shpendi"],"prob":1},"fields":{},"normalizations":{}},{"classId":"e_3","part":"s5p2","offsets":[{"start":1639,"text":"mouse"}],"confidence":{"state":"","who":["user:Shpendi"],"prob":1},"fields":{},"normalizations":{}},{"classId":"e_2","part":"s5p3","offsets":[{"start":598,"text":"hFXNI154F"}],"confidence":{"state":"","who":["user:Shpendi"],"prob":1},"fields":{},"normalizations":{}},{"classId":"e_2","part":"s5p3","offsets":[{"start":794,"text":"hFXNI154F"}],"confidence":{"state":"","who":["user:Shpendi"],"prob":1},"fields":{},"normalizations":{}},{"classId":"e_2","part":"s5p3","offsets":[{"start":910,"text":"G130V"}],"confidence":{"state":"","who":["user:Shpendi"],"prob":1},"fields":{},"normalizations":{}},{"classId":"e_2","part":"s5p3","offsets":[{"start":920,"text":"I154F"}],"confidence":{"state":"","who":["user:Shpendi"],"prob":1},"fields":{},"normalizations":{}},{"classId":"e_3","part":"s5p4","offsets":[{"start":43,"text":"murine"}],"confidence":{"state":"","who":["user:Shpendi"],"prob":1},"fields":{},"normalizations":{}},{"classId":"e_2","part":"s5p4","offsets":[{"start":147,"text":"hFXNG130V"}],"confidence":{"state":"","who":["user:Shpendi"],"prob":1},"fields":{},"normalizations":{}},{"classId":"e_2","part":"s5p4","offsets":[{"start":216,"text":"hFXNI154F"}],"confidence":{"state":"","who":["user:Shpendi"],"prob":1},"fields":{},"normalizations":{}},{"classId":"e_2","part":"s5p4","offsets":[{"start":386,"text":"hFXNG130V"}],"confidence":{"state":"","who":["user:Shpendi"],"prob":1},"fields":{},"normalizations":{}},{"classId":"e_2","part":"s5p4","offsets":[{"start":537,"text":"hFXNI154F"}],"confidence":{"state":"","who":["user:Shpendi"],"prob":1},"fields":{},"normalizations":{}},{"classId":"e_2","part":"s5p4","offsets":[{"start":663,"text":"hFXNI154F"}],"confidence":{"state":"","who":["user:Shpendi"],"prob":1},"fields":{},"normalizations":{}},{"classId":"e_2","part":"s5p4","offsets":[{"start":712,"text":"hFXNG130V"}],"confidence":{"state":"","who":["user:Shpendi"],"prob":1},"fields":{},"normalizations":{}},{"classId":"e_2","part":"s5p4","offsets":[{"start":780,"text":"hFXNI154F"}],"confidence":{"state":"","who":["user:Shpendi"],"prob":1},"fields":{},"normalizations":{}},{"classId":"e_2","part":"s5p5","offsets":[{"start":66,"text":"hFXNI154F"}],"confidence":{"state":"","who":["user:Shpendi"],"prob":1},"fields":{},"normalizations":{}},{"classId":"e_3","part":"s5p5","offsets":[{"start":392,"text":"Drosophila"}],"confidence":{"state":"","who":["user:Shpendi"],"prob":1},"fields":{},"normalizations":{}},{"classId":"e_1","part":"s5p5","offsets":[{"start":423,"text":"frataxin"}],"confidence":{"state":"","who":["user:Shpendi"],"prob":1},"fields":{},"normalizations":{}},{"classId":"e_1","part":"s5p5","offsets":[{"start":494,"text":"frataxin"}],"confidence":{"state":"","who":["user:Shpendi"],"prob":1},"fields":{},"normalizations":{}},{"classId":"e_1","part":"s5p5","offsets":[{"start":574,"text":"SOD1"}],"confidence":{"state":"","who":["user:Shpendi"],"prob":1},"fields":{},"normalizations":{}},{"classId":"e_1","part":"s5p5","offsets":[{"start":583,"text":"SOD2"}],"confidence":{"state":"","who":["user:Shpendi"],"prob":1},"fields":{},"normalizations":{}},{"classId":"e_1","part":"s5p5","offsets":[{"start":694,"text":"frataxin"}],"confidence":{"state":"","who":["user:Shpendi"],"prob":1},"fields":{},"normalizations":{}},{"classId":"e_2","part":"s5p5","offsets":[{"start":869,"text":"hFXNG130V"}],"confidence":{"state":"","who":["user:Shpendi"],"prob":1},"fields":{},"normalizations":{}},{"classId":"e_2","part":"s5p5","offsets":[{"start":978,"text":"hFXNI154F"}],"confidence":{"state":"","who":["user:Shpendi"],"prob":1},"fields":{},"normalizations":{}},{"classId":"e_1","part":"s5p5","offsets":[{"start":1165,"text":"frataxin"}],"confidence":{"state":"","who":["user:Shpendi"],"prob":1},"fields":{},"normalizations":{}},{"classId":"e_3","part":"s5p6","offsets":[{"start":171,"text":"human"}],"confidence":{"state":"","who":["user:Shpendi"],"prob":1},"fields":{},"normalizations":{}},{"classId":"e_1","part":"s5p6","offsets":[{"start":177,"text":"frataxin"}],"confidence":{"state":"","who":["user:Shpendi"],"prob":1},"fields":{},"normalizations":{}},{"classId":"e_2","part":"s5p6","offsets":[{"start":241,"text":"hFXNG130V"}],"confidence":{"state":"","who":["user:Shpendi"],"prob":1},"fields":{},"normalizations":{}},{"classId":"e_2","part":"s5p6","offsets":[{"start":255,"text":"hFXNI154F"}],"confidence":{"state":"","who":["user:Shpendi"],"prob":1},"fields":{},"normalizations":{}},{"classId":"e_1","part":"s5p6","offsets":[{"start":358,"text":"frataxin"}],"confidence":{"state":"","who":["user:Shpendi"],"prob":1},"fields":{},"normalizations":{}},{"classId":"e_2","part":"s5p6","offsets":[{"start":426,"text":"G130V"}],"confidence":{"state":"","who":["user:Shpendi"],"prob":1},"fields":{},"normalizations":{}},{"classId":"e_2","part":"s5p6","offsets":[{"start":485,"text":"hFXNI154F"}],"confidence":{"state":"","who":["user:Shpendi"],"prob":1},"fields":{},"normalizations":{}},{"classId":"e_1","part":"s5p7","offsets":[{"start":63,"text":"frataxin"}],"confidence":{"state":"","who":["user:Shpendi"],"prob":1},"fields":{},"normalizations":{}},{"classId":"e_1","part":"s5p7","offsets":[{"start":456,"text":"frataxin"}],"confidence":{"state":"","who":["user:Shpendi"],"prob":1},"fields":{},"normalizations":{}},{"classId":"e_1","part":"s5p7","offsets":[{"start":619,"text":"ABCE1"}],"confidence":{"state":"","who":["user:Shpendi"],"prob":1},"fields":{},"normalizations":{}},{"classId":"e_1","part":"s5p7","offsets":[{"start":799,"text":"frataxin"}],"confidence":{"state":"","who":["user:Shpendi"],"prob":1},"fields":{},"normalizations":{}},{"classId":"e_1","part":"s5p8","offsets":[{"start":236,"text":"frataxin"}],"confidence":{"state":"","who":["user:Shpendi"],"prob":1},"fields":{},"normalizations":{}},{"classId":"e_1","part":"s5p8","offsets":[{"start":455,"text":"frataxin"}],"confidence":{"state":"","who":["user:Shpendi"],"prob":1},"fields":{},"normalizations":{}},{"classId":"e_1","part":"s5p8","offsets":[{"start":492,"text":"frataxin"}],"confidence":{"state":"","who":["user:Shpendi"],"prob":1},"fields":{},"normalizations":{}},{"classId":"e_3","part":"s6s1p1","offsets":[{"start":61,"text":"mouse"}],"confidence":{"state":"","who":["user:Shpendi"],"prob":1},"fields":{},"normalizations":{}},{"classId":"e_1","part":"s6s1p1","offsets":[{"start":67,"text":"frataxin"}],"confidence":{"state":"","who":["user:Shpendi"],"prob":1},"fields":{},"normalizations":{}},{"classId":"e_1","part":"s6s1p1","offsets":[{"start":77,"text":"mFxn"}],"confidence":{"state":"","who":["user:Shpendi"],"prob":1},"fields":{},"normalizations":{}},{"classId":"e_1","part":"s6s1p1","offsets":[{"start":106,"text":"pTL1"}],"confidence":{"state":"","who":["user:Shpendi"],"prob":1},"fields":{},"normalizations":{}},{"classId":"e_3","part":"s6s1p1","offsets":[{"start":250,"text":"human"}],"confidence":{"state":"","who":["user:Shpendi"],"prob":1},"fields":{},"normalizations":{}},{"classId":"e_1","part":"s6s1p1","offsets":[{"start":256,"text":"frataxin"}],"confidence":{"state":"","who":["user:Shpendi"],"prob":1},"fields":{},"normalizations":{}},{"classId":"e_1","part":"s6s1p1","offsets":[{"start":266,"text":"hFXN"}],"confidence":{"state":"","who":["user:Shpendi"],"prob":1},"fields":{},"normalizations":{}},{"classId":"e_1","part":"s6s1p1","offsets":[{"start":409,"text":"hFXN"}],"confidence":{"state":"","who":["user:Shpendi"],"prob":1},"fields":{},"normalizations":{}},{"classId":"e_2","part":"s6s1p1","offsets":[{"start":427,"text":"G130V"}],"confidence":{"state":"","who":["user:Shpendi"],"prob":1},"fields":{},"normalizations":{}},{"classId":"e_2","part":"s6s1p1","offsets":[{"start":437,"text":"I154F"}],"confidence":{"state":"","who":["user:Shpendi"],"prob":1},"fields":{},"normalizations":{}},{"classId":"e_1","part":"s6s1p1","offsets":[{"start":486,"text":"pTL1"}],"confidence":{"state":"","who":["user:Shpendi"],"prob":1},"fields":{},"normalizations":{}},{"classId":"e_3","part":"s6s1p1","offsets":[{"start":882,"text":"mouse"}],"confidence":{"state":"","who":["user:Shpendi"],"prob":1},"fields":{},"normalizations":{}},{"classId":"e_1","part":"s6s1p1","offsets":[{"start":888,"text":"frataxin"}],"confidence":{"state":"","who":["user:Shpendi"],"prob":1},"fields":{},"normalizations":{}},{"classId":"e_1","part":"s6s1p1","offsets":[{"start":898,"text":"hprt"}],"confidence":{"state":"","who":["user:Shpendi"],"prob":1},"fields":{},"normalizations":{}},{"classId":"e_1","part":"s6s1p1","offsets":[{"start":904,"text":"Sod1"}],"confidence":{"state":"","who":["user:Shpendi"],"prob":1},"fields":{},"normalizations":{}},{"classId":"e_1","part":"s6s1p1","offsets":[{"start":910,"text":"Sod2"}],"confidence":{"state":"","who":["user:Shpendi"],"prob":1},"fields":{},"normalizations":{}},{"classId":"e_1","part":"s6s1p1","offsets":[{"start":920,"text":"Nth1"}],"confidence":{"state":"","who":["user:Shpendi"],"prob":1},"fields":{},"normalizations":{}},{"classId":"e_3","part":"s6s1p1","offsets":[{"start":1041,"text":"human"}],"confidence":{"state":"","who":["user:Shpendi"],"prob":1},"fields":{},"normalizations":{}},{"classId":"e_1","part":"s6s1p1","offsets":[{"start":1047,"text":"frataxin"}],"confidence":{"state":"","who":["user:Shpendi"],"prob":1},"fields":{},"normalizations":{}},{"classId":"e_3","part":"s6s1p1","offsets":[{"start":1084,"text":"mouse"}],"confidence":{"state":"","who":["user:Shpendi"],"prob":1},"fields":{},"normalizations":{}},{"classId":"e_3","part":"s6s2p1","offsets":[{"start":0,"text":"Murine"}],"confidence":{"state":"","who":["user:Shpendi"],"prob":1},"fields":{},"normalizations":{}},{"classId":"e_1","part":"s6s2p1","offsets":[{"start":32,"text":"frataxin"}],"confidence":{"state":"","who":["user:Shpendi"],"prob":1},"fields":{},"normalizations":{}},{"classId":"e_3","part":"s6s2p1","offsets":[{"start":66,"text":"mice"}],"confidence":{"state":"","who":["user:Shpendi"],"prob":1},"fields":{},"normalizations":{}},{"classId":"e_1","part":"s6s4p1","offsets":[{"start":280,"text":"hFXN"}],"confidence":{"state":"","who":["user:Shpendi"],"prob":1},"fields":{},"normalizations":{}},{"classId":"e_1","part":"s6s4p1","offsets":[{"start":298,"text":"hFXN"}],"confidence":{"state":"","who":["user:Shpendi"],"prob":1},"fields":{},"normalizations":{}},{"classId":"e_2","part":"s6s4p1","offsets":[{"start":303,"text":"G130V"}],"confidence":{"state":"","who":["user:Shpendi"],"prob":1},"fields":{},"normalizations":{}},{"classId":"e_1","part":"s6s4p1","offsets":[{"start":319,"text":"hFXN"}],"confidence":{"state":"","who":["user:Shpendi"],"prob":1},"fields":{},"normalizations":{}},{"classId":"e_2","part":"s6s4p1","offsets":[{"start":324,"text":"I154F"}],"confidence":{"state":"","who":["user:Shpendi"],"prob":1},"fields":{},"normalizations":{}},{"classId":"e_1","part":"s6s4p1","offsets":[{"start":345,"text":"Nth1"}],"confidence":{"state":"","who":["user:Shpendi"],"prob":1},"fields":{},"normalizations":{}},{"classId":"e_1","part":"s6s4p1","offsets":[{"start":394,"text":"IPR1"}],"confidence":{"state":"","who":["user:Shpendi"],"prob":1},"fields":{},"normalizations":{}}],"relations":[{"classId":"r_6","type":"linked","directed":false,"entities":["s2s2p1|45,51","s2s2p1|100,108"],"confidence":{"state":"","who":["user:Shpendi"],"prob":1}},{"classId":"r_6","type":"linked","directed":false,"entities":["s2s2p1|192,198","s2s2p1|239,247"],"confidence":{"state":"","who":["user:Shpendi"],"prob":1}},{"classId":"r_6","type":"linked","directed":false,"entities":["s2s2p1|280,285","s2s2p1|286,294"],"confidence":{"state":"","who":["user:Shpendi"],"prob":1}},{"classId":"r_6","type":"linked","directed":false,"entities":["s2s2p1|331,337","s2s2p1|338,346"],"confidence":{"state":"","who":["user:Shpendi"],"prob":1}},{"classId":"r_6","type":"linked","directed":false,"entities":["s2s2p1|477,482","s2s2p1|537,545"],"confidence":{"state":"","who":["user:Shpendi"],"prob":1}},{"classId":"r_5","type":"linked","directed":false,"entities":["s2s2p1|512,521","s2s2p1|537,545"],"confidence":{"state":"","who":["user:Shpendi"],"prob":1}},{"classId":"r_5","type":"linked","directed":false,"entities":["s2s2p1|526,535","s2s2p1|537,545"],"confidence":{"state":"","who":["user:Shpendi"],"prob":1}},{"classId":"r_6","type":"linked","directed":false,"entities":["s3p1|863,871","s3p1|893,898"],"confidence":{"state":"","who":["user:Shpendi"],"prob":1}},{"classId":"r_6","type":"linked","directed":false,"entities":["s3p1|886,891","s3p1|863,871"],"confidence":{"state":"","who":["user:Shpendi"],"prob":1}},{"classId":"r_6","type":"linked","directed":false,"entities":["s3p1|903,908","s3p1|863,871"],"confidence":{"state":"","who":["user:Shpendi"],"prob":1}},{"classId":"r_5","type":"linked","directed":false,"entities":["s3p2|651,659","s3p2|642,650"],"confidence":{"state":"","who":["user:Shpendi"],"prob":1}},{"classId":"r_6","type":"linked","directed":false,"entities":["s3p2|709,713","s3p2|642,650"],"confidence":{"state":"","who":["user:Shpendi"],"prob":1}},{"classId":"r_6","type":"linked","directed":false,"entities":["s3p2|758,768","s3p2|642,650"],"confidence":{"state":"","who":["user:Shpendi"],"prob":1}},{"classId":"r_6","type":"linked","directed":false,"entities":["s3p2|862,872","s3p2|642,650"],"confidence":{"state":"","who":["user:Shpendi"],"prob":1}},{"classId":"r_5","type":"linked","directed":false,"entities":["s3p3|191,199","s3p3|353,358"],"confidence":{"state":"","who":["user:Shpendi"],"prob":1}},{"classId":"r_5","type":"linked","directed":false,"entities":["s3p3|191,199","s3p3|1019,1024"],"confidence":{"state":"","who":["user:Shpendi"],"prob":1}},{"classId":"r_5","type":"linked","directed":false,"entities":["s3p3|343,348","s3p3|191,199"],"confidence":{"state":"","who":["user:Shpendi"],"prob":1}},{"classId":"r_5","type":"linked","directed":false,"entities":["s3p3|398,403","s3p3|191,199"],"confidence":{"state":"","who":["user:Shpendi"],"prob":1}},{"classId":"r_5","type":"linked","directed":false,"entities":["s3p3|491,496","s3p3|191,199"],"confidence":{"state":"","who":["user:Shpendi"],"prob":1}},{"classId":"r_5","type":"linked","directed":false,"entities":["s3p3|718,752","s3p3|191,199"],"confidence":{"state":"","who":["user:Shpendi"],"prob":1}},{"classId":"r_5","type":"linked","directed":false,"entities":["s3p3|768,773","s3p3|191,199"],"confidence":{"state":"","who":["user:Shpendi"],"prob":1}},{"classId":"r_6","type":"linked","directed":false,"entities":["s3p4|396,404","s3p4|429,435"],"confidence":{"state":"","who":["user:Shpendi"],"prob":1}},{"classId":"r_6","type":"linked","directed":false,"entities":["s3p4|419,424","s3p4|396,404"],"confidence":{"state":"","who":["user:Shpendi"],"prob":1}},{"classId":"r_6","type":"linked","directed":false,"entities":["s3p4|794,802","s3p4|787,793"],"confidence":{"state":"","who":["user:Shpendi"],"prob":1}},{"classId":"r_6","type":"linked","directed":false,"entities":["s3p4|820,825","s3p4|826,834"],"confidence":{"state":"","who":["user:Shpendi"],"prob":1}},{"classId":"r_5","type":"linked","directed":false,"entities":["s3p4|905,910","s3p4|826,834"],"confidence":{"state":"","who":["user:Shpendi"],"prob":1}},{"classId":"r_5","type":"linked","directed":false,"entities":["s3p4|929,934","s3p4|826,834"],"confidence":{"state":"","who":["user:Shpendi"],"prob":1}},{"classId":"r_5","type":"linked","directed":false,"entities":["s4s1h1|18,26","s4s1h1|9,17"],"confidence":{"state":"","who":["user:Shpendi"],"prob":1}},{"classId":"r_6","type":"linked","directed":false,"entities":["s4s1h1|30,36","s4s1h1|9,17"],"confidence":{"state":"","who":["user:Shpendi"],"prob":1}},{"classId":"r_6","type":"linked","directed":false,"entities":["s4s1h1|110,114","s4s1h1|30,36"],"confidence":{"state":"","who":["user:Shpendi"],"prob":1}},{"classId":"r_5","type":"linked","directed":false,"entities":["s4s1p1|196,204","s4s1p1|205,213"],"confidence":{"state":"","who":["user:Shpendi"],"prob":1}},{"classId":"r_6","type":"linked","directed":false,"entities":["s4s1p1|217,222","s4s1p1|196,204"],"confidence":{"state":"","who":["user:Shpendi"],"prob":1}},{"classId":"r_6","type":"linked","directed":false,"entities":["s4s1p1|316,321","s4s1p1|322,330"],"confidence":{"state":"","who":["user:Shpendi"],"prob":1}},{"classId":"r_5","type":"linked","directed":false,"entities":["s4s1p1|919,927","s4s1p1|928,936"],"confidence":{"state":"","who":["user:Shpendi"],"prob":1}},{"classId":"r_6","type":"linked","directed":false,"entities":["s4s1f1h1|0,8","s4s1f1h1|51,57"],"confidence":{"state":"","who":["user:Shpendi"],"prob":1}},{"classId":"r_6","type":"linked","directed":false,"entities":["s4s1f1p1|41,47","s4s1f1p1|48,56"],"confidence":{"state":"","who":["user:Shpendi"],"prob":1}},{"classId":"r_6","type":"linked","directed":false,"entities":["s4s1f1p1|759,765","s4s1f1p1|766,774"],"confidence":{"state":"","who":["user:Shpendi"],"prob":1}},{"classId":"r_6","type":"linked","directed":false,"entities":["s4s1f1p1|997,1001","s4s1f1p1|1026,1032"],"confidence":{"state":"","who":["user:Shpendi"],"prob":1}},{"classId":"r_6","type":"linked","directed":false,"entities":["s4s1f1p1|1026,1032","s4s1f1p1|1033,1041"],"confidence":{"state":"","who":["user:Shpendi"],"prob":1}},{"classId":"r_5","type":"linked","directed":false,"entities":["s4s1p2|16,24","s4s1p2|25,33"],"confidence":{"state":"","who":["user:Shpendi"],"prob":1}},{"classId":"r_6","type":"linked","directed":false,"entities":["s4s1p2|135,141","s4s1p2|142,150"],"confidence":{"state":"","who":["user:Shpendi"],"prob":1}},{"classId":"r_6","type":"linked","directed":false,"entities":["s4s1p2|152,156","s4s1p2|135,141"],"confidence":{"state":"","who":["user:Shpendi"],"prob":1}},{"classId":"r_6","type":"linked","directed":false,"entities":["s4s1p2|687,692","s4s1p2|693,701"],"confidence":{"state":"","who":["user:Shpendi"],"prob":1}},{"classId":"r_6","type":"linked","directed":false,"entities":["s4s1p2|714,718","s4s1p2|687,692"],"confidence":{"state":"","who":["user:Shpendi"],"prob":1}},{"classId":"r_5","type":"linked","directed":false,"entities":["s4s1p2|741,749","s4s1p2|768,776"],"confidence":{"state":"","who":["user:Shpendi"],"prob":1}},{"classId":"r_6","type":"linked","directed":false,"entities":["s4s2p1|106,111","s4s2p1|112,120"],"confidence":{"state":"","who":["user:Shpendi"],"prob":1}},{"classId":"r_6","type":"linked","directed":false,"entities":["s4s2p1|180,185","s4s2p1|186,194"],"confidence":{"state":"","who":["user:Shpendi"],"prob":1}},{"classId":"r_6","type":"linked","directed":false,"entities":["s4s2p1|180,185","s4s2p1|196,200"],"confidence":{"state":"","who":["user:Shpendi"],"prob":1}},{"classId":"r_6","type":"linked","directed":false,"entities":["s4s2p1|236,241","s4s2p1|242,250"],"confidence":{"state":"","who":["user:Shpendi"],"prob":1}},{"classId":"r_5","type":"linked","directed":false,"entities":["s4s2p1|242,250","s4s2p1|263,268"],"confidence":{"state":"","who":["user:Shpendi"],"prob":1}},{"classId":"r_5","type":"linked","directed":false,"entities":["s4s2p1|279,284","s4s2p1|242,250"],"confidence":{"state":"","who":["user:Shpendi"],"prob":1}},{"classId":"r_5","type":"linked","directed":false,"entities":["s4s2p1|345,349","s4s2p1|380,385"],"confidence":{"state":"","who":["user:Shpendi"],"prob":1}},{"classId":"r_5","type":"linked","directed":false,"entities":["s4s2p1|362,367","s4s2p1|345,349"],"confidence":{"state":"","who":["user:Shpendi"],"prob":1}},{"classId":"r_6","type":"linked","directed":false,"entities":["s4s2f1h1|0,6","s4s2f1h1|17,21"],"confidence":{"state":"","who":["user:Shpendi"],"prob":1}},{"classId":"r_6","type":"linked","directed":false,"entities":["s4s2f1h1|7,15","s4s2f1h1|0,6"],"confidence":{"state":"","who":["user:Shpendi"],"prob":1}},{"classId":"r_6","type":"linked","directed":false,"entities":["s4s2f1h1|38,43","s4s2f1h1|44,52"],"confidence":{"state":"","who":["user:Shpendi"],"prob":1}},{"classId":"r_6","type":"linked","directed":false,"entities":["s4s2f1h1|54,58","s4s2f1h1|38,43"],"confidence":{"state":"","who":["user:Shpendi"],"prob":1}},{"classId":"r_6","type":"linked","directed":false,"entities":["s4s2f1p1|194,199","s4s2f1p1|211,219"],"confidence":{"state":"","who":["user:Shpendi"],"prob":1}},{"classId":"r_6","type":"linked","directed":false,"entities":["s4s2f1p1|204,210","s4s2f1p1|211,219"],"confidence":{"state":"","who":["user:Shpendi"],"prob":1}},{"classId":"r_6","type":"linked","directed":false,"entities":["s4s2f1p1|293,299","s4s2f1p1|300,308"],"confidence":{"state":"","who":["user:Shpendi"],"prob":1}},{"classId":"r_6","type":"linked","directed":false,"entities":["s4s2f1p1|335,340","s4s2f1p1|300,308"],"confidence":{"state":"","who":["user:Shpendi"],"prob":1}},{"classId":"r_6","type":"linked","directed":false,"entities":["s4s2f1p1|383,388","s4s2f1p1|389,397"],"confidence":{"state":"","who":["user:Shpendi"],"prob":1}},{"classId":"r_6","type":"linked","directed":false,"entities":["s4s2f1p1|399,405","s4s2f1p1|416,424"],"confidence":{"state":"","who":["user:Shpendi"],"prob":1}},{"classId":"r_6","type":"linked","directed":false,"entities":["s4s2f1p1|410,415","s4s2f1p1|416,424"],"confidence":{"state":"","who":["user:Shpendi"],"prob":1}},{"classId":"r_6","type":"linked","directed":false,"entities":["s4s2f1p1|477,483","s4s2f1p1|484,492"],"confidence":{"state":"","who":["user:Shpendi"],"prob":1}},{"classId":"r_5","type":"linked","directed":false,"entities":["s4s2f1p1|649,654","s4s2f1p1|665,669"],"confidence":{"state":"","who":["user:Shpendi"],"prob":1}},{"classId":"r_5","type":"linked","directed":false,"entities":["s4s2f1p1|665,669","s4s2f1p1|658,663"],"confidence":{"state":"","who":["user:Shpendi"],"prob":1}},{"classId":"r_5","type":"linked","directed":false,"entities":["s4s2f1p1|689,693","s4s2f1p1|706,711"],"confidence":{"state":"","who":["user:Shpendi"],"prob":1}},{"classId":"r_5","type":"linked","directed":false,"entities":["s4s2f1p1|724,729","s4s2f1p1|689,693"],"confidence":{"state":"","who":["user:Shpendi"],"prob":1}},{"classId":"r_5","type":"linked","directed":false,"entities":["s4s2f1p1|742,746","s4s2f1p1|748,753"],"confidence":{"state":"","who":["user:Shpendi"],"prob":1}},{"classId":"r_5","type":"linked","directed":false,"entities":["s4s2f1p1|758,763","s4s2f1p1|742,746"],"confidence":{"state":"","who":["user:Shpendi"],"prob":1}},{"classId":"r_6","type":"linked","directed":false,"entities":["s4s2p2|25,31","s4s2p2|32,40"],"confidence":{"state":"","who":["user:Shpendi"],"prob":1}},{"classId":"r_5","type":"linked","directed":false,"entities":["s4s2p2|167,171","s4s2p2|184,189"],"confidence":{"state":"","who":["user:Shpendi"],"prob":1}},{"classId":"r_5","type":"linked","directed":false,"entities":["s4s2p2|167,171","s4s2p2|205,210"],"confidence":{"state":"","who":["user:Shpendi"],"prob":1}},{"classId":"r_5","type":"linked","directed":false,"entities":["s4s2p2|425,433","s4s2p2|459,467"],"confidence":{"state":"","who":["user:Shpendi"],"prob":1}},{"classId":"r_6","type":"linked","directed":false,"entities":["s4s2p2|452,458","s4s2p2|459,467"],"confidence":{"state":"","who":["user:Shpendi"],"prob":1}},{"classId":"r_5","type":"linked","directed":false,"entities":["s4s2p2|511,515","s4s2p2|531,540"],"confidence":{"state":"","who":["user:Shpendi"],"prob":1}},{"classId":"r_5","type":"linked","directed":false,"entities":["s4s2p2|517,526","s4s2p2|511,515"],"confidence":{"state":"","who":["user:Shpendi"],"prob":1}},{"classId":"r_5","type":"linked","directed":false,"entities":["s4s2p2|615,623","s4s2p2|648,656"],"confidence":{"state":"","who":["user:Shpendi"],"prob":1}},{"classId":"r_6","type":"linked","directed":false,"entities":["s4s2p2|648,656","s4s2p2|642,647"],"confidence":{"state":"","who":["user:Shpendi"],"prob":1}},{"classId":"r_6","type":"linked","directed":false,"entities":["s4s2p2|648,656","s4s2p2|704,710"],"confidence":{"state":"","who":["user:Shpendi"],"prob":1}},{"classId":"r_5","type":"linked","directed":false,"entities":["s4s2p2|648,656","s4s2p2|877,886"],"confidence":{"state":"","who":["user:Shpendi"],"prob":1}},{"classId":"r_5","type":"linked","directed":false,"entities":["s4s2p2|863,872","s4s2p2|648,656"],"confidence":{"state":"","who":["user:Shpendi"],"prob":1}},{"classId":"r_5","type":"linked","directed":false,"entities":["s4s2p2|961,966","s4s2p2|648,656"],"confidence":{"state":"","who":["user:Shpendi"],"prob":1}},{"classId":"r_5","type":"linked","directed":false,"entities":["s4s2p2|1012,1021","s4s2p2|648,656"],"confidence":{"state":"","who":["user:Shpendi"],"prob":1}},{"classId":"r_5","type":"linked","directed":false,"entities":["s4s2p2|1059,1068","s4s2p2|648,656"],"confidence":{"state":"","who":["user:Shpendi"],"prob":1}},{"classId":"r_6","type":"linked","directed":false,"entities":["s4s2p2|1220,1225","s4s2p2|648,656"],"confidence":{"state":"","who":["user:Shpendi"],"prob":1}},{"classId":"r_5","type":"linked","directed":false,"entities":["s4s3p1|158,162","s4s3p1|168,177"],"confidence":{"state":"","who":["user:Shpendi"],"prob":1}},{"classId":"r_5","type":"linked","directed":false,"entities":["s4s3p1|646,650","s4s3p1|531,540"],"confidence":{"state":"","who":["user:Shpendi"],"prob":1}},{"classId":"r_5","type":"linked","directed":false,"entities":["s4s3p1|720,729","s4s3p1|704,708"],"confidence":{"state":"","who":["user:Shpendi"],"prob":1}},{"classId":"r_5","type":"linked","directed":false,"entities":["s4s3p1|840,849","s4s3p1|704,708"],"confidence":{"state":"","who":["user:Shpendi"],"prob":1}},{"classId":"r_5","type":"linked","directed":false,"entities":["s4s3p1|898,907","s4s3p1|704,708"],"confidence":{"state":"","who":["user:Shpendi"],"prob":1}},{"classId":"r_5","type":"linked","directed":false,"entities":["s4s3p1|1086,1095","s4s3p1|704,708"],"confidence":{"state":"","who":["user:Shpendi"],"prob":1}},{"classId":"r_5","type":"linked","directed":false,"entities":["s4s3p1|1104,1113","s4s3p1|704,708"],"confidence":{"state":"","who":["user:Shpendi"],"prob":1}},{"classId":"r_5","type":"linked","directed":false,"entities":["s4s3p1|1211,1220","s4s3p1|704,708"],"confidence":{"state":"","who":["user:Shpendi"],"prob":1}},{"classId":"r_5","type":"linked","directed":false,"entities":["s4s3p1|1340,1345","s4s3p1|704,708"],"confidence":{"state":"","who":["user:Shpendi"],"prob":1}},{"classId":"r_6","type":"linked","directed":false,"entities":["s4s3f1p1|25,30","s4s3f1p1|31,39"],"confidence":{"state":"","who":["user:Shpendi"],"prob":1}},{"classId":"r_5","type":"linked","directed":false,"entities":["s4s3f1p1|47,51","s4s3f1p1|63,68"],"confidence":{"state":"","who":["user:Shpendi"],"prob":1}},{"classId":"r_5","type":"linked","directed":false,"entities":["s4s3f1p1|47,51","s4s3f1p1|84,93"],"confidence":{"state":"","who":["user:Shpendi"],"prob":1}},{"classId":"r_5","type":"linked","directed":false,"entities":["s4s3f1p1|106,111","s4s3f1p1|47,51"],"confidence":{"state":"","who":["user:Shpendi"],"prob":1}},{"classId":"r_5","type":"linked","directed":false,"entities":["s4s3f1p1|128,137","s4s3f1p1|47,51"],"confidence":{"state":"","who":["user:Shpendi"],"prob":1}},{"classId":"r_5","type":"linked","directed":false,"entities":["s4s3f1p1|146,155","s4s3f1p1|47,51"],"confidence":{"state":"","who":["user:Shpendi"],"prob":1}},{"classId":"r_5","type":"linked","directed":false,"entities":["s4s3p2|221,230","s4s3p2|442,446"],"confidence":{"state":"","who":["user:Shpendi"],"prob":1}},{"classId":"r_5","type":"linked","directed":false,"entities":["s4s3p2|235,244","s4s3p2|442,446"],"confidence":{"state":"","who":["user:Shpendi"],"prob":1}},{"classId":"r_5","type":"linked","directed":false,"entities":["s4s3p2|1178,1187","s4s3p2|1512,1516"],"confidence":{"state":"","who":["user:Shpendi"],"prob":1}},{"classId":"r_5","type":"linked","directed":false,"entities":["s4s3p2|1229,1238","s4s3p2|1512,1516"],"confidence":{"state":"","who":["user:Shpendi"],"prob":1}},{"classId":"r_5","type":"linked","directed":false,"entities":["s4s3p2|1442,1451","s4s3p2|1512,1516"],"confidence":{"state":"","who":["user:Shpendi"],"prob":1}},{"classId":"r_5","type":"linked","directed":false,"entities":["s4s3p2|1764,1773","s4s3p2|1817,1821"],"confidence":{"state":"","who":["user:Shpendi"],"prob":1}},{"classId":"r_6","type":"linked","directed":false,"entities":["s4s3p2|1817,1821","s4s3p2|1982,1987"],"confidence":{"state":"","who":["user:Shpendi"],"prob":1}},{"classId":"r_5","type":"linked","directed":false,"entities":["s4s3f2p1|26,30","s4s3f2p1|40,49"],"confidence":{"state":"","who":["user:Shpendi"],"prob":1}},{"classId":"r_6","type":"linked","directed":false,"entities":["s4s3p3|241,246","s4s3p3|84,92"],"confidence":{"state":"","who":["user:Shpendi"],"prob":1}},{"classId":"r_5","type":"linked","directed":false,"entities":["s4s3p3|282,291","s4s3p3|767,792"],"confidence":{"state":"","who":["user:Shpendi"],"prob":1}},{"classId":"r_5","type":"linked","directed":false,"entities":["s4s3p3|282,291","s4s3p3|84,92"],"confidence":{"state":"","who":["user:Shpendi"],"prob":1}},{"classId":"r_5","type":"linked","directed":false,"entities":["s4s3p3|296,305","s4s3p3|84,92"],"confidence":{"state":"","who":["user:Shpendi"],"prob":1}},{"classId":"r_5","type":"linked","directed":false,"entities":["s4s3p3|610,619","s4s3p3|767,792"],"confidence":{"state":"","who":["user:Shpendi"],"prob":1}},{"classId":"r_5","type":"linked","directed":false,"entities":["s4s3p3|624,633","s4s3p3|767,792"],"confidence":{"state":"","who":["user:Shpendi"],"prob":1}},{"classId":"r_5","type":"linked","directed":false,"entities":["s4s3p3|794,798","s4s3p3|282,291"],"confidence":{"state":"","who":["user:Shpendi"],"prob":1}},{"classId":"r_5","type":"linked","directed":false,"entities":["s4s3p3|794,798","s4s3p3|624,633"],"confidence":{"state":"","who":["user:Shpendi"],"prob":1}},{"classId":"r_5","type":"linked","directed":false,"entities":["s4s3p3|794,798","s4s3p3|610,619"],"confidence":{"state":"","who":["user:Shpendi"],"prob":1}},{"classId":"r_5","type":"linked","directed":false,"entities":["s4s3p3|1115,1119","s4s3p3|1145,1154"],"confidence":{"state":"","who":["user:Shpendi"],"prob":1}},{"classId":"r_5","type":"linked","directed":false,"entities":["s4s3p3|1963,1972","s4s3p3|2300,2308"],"confidence":{"state":"","who":["user:Shpendi"],"prob":1}},{"classId":"r_5","type":"linked","directed":false,"entities":["s4s3p3|2300,2308","s4s3p3|2217,2226"],"confidence":{"state":"","who":["user:Shpendi"],"prob":1}},{"classId":"r_5","type":"linked","directed":false,"entities":["s4s3p3|2300,2308","s4s3p3|2203,2212"],"confidence":{"state":"","who":["user:Shpendi"],"prob":1}},{"classId":"r_5","type":"linked","directed":false,"entities":["s4s3f3h1|63,67","s4s3f3h1|76,85"],"confidence":{"state":"","who":["user:Shpendi"],"prob":1}},{"classId":"r_5","type":"linked","directed":false,"entities":["s4s3f3h1|90,99","s4s3f3h1|63,67"],"confidence":{"state":"","who":["user:Shpendi"],"prob":1}},{"classId":"r_5","type":"linked","directed":false,"entities":["s4s3f3p1|1179,1183","s4s3f3p1|1185,1194"],"confidence":{"state":"","who":["user:Shpendi"],"prob":1}},{"classId":"r_5","type":"linked","directed":false,"entities":["s4s3f3p1|1198,1207","s4s3f3p1|1179,1183"],"confidence":{"state":"","who":["user:Shpendi"],"prob":1}},{"classId":"r_6","type":"linked","directed":false,"entities":["s4s3p4|31,39","s4s3p4|170,175"],"confidence":{"state":"","who":["user:Shpendi"],"prob":1}},{"classId":"r_6","type":"linked","directed":false,"entities":["s4s3p4|191,201","s4s3p4|31,39"],"confidence":{"state":"","who":["user:Shpendi"],"prob":1}},{"classId":"r_5","type":"linked","directed":false,"entities":["s4s3p4|487,491","s4s3p4|493,502"],"confidence":{"state":"","who":["user:Shpendi"],"prob":1}},{"classId":"r_5","type":"linked","directed":false,"entities":["s4s3p4|507,516","s4s3p4|487,491"],"confidence":{"state":"","who":["user:Shpendi"],"prob":1}},{"classId":"r_5","type":"linked","directed":false,"entities":["s4s3p4|776,785","s4s3p4|825,829"],"confidence":{"state":"","who":["user:Shpendi"],"prob":1}},{"classId":"r_5","type":"linked","directed":false,"entities":["s4s3p4|825,829","s4s3p4|834,843"],"confidence":{"state":"","who":["user:Shpendi"],"prob":1}},{"classId":"r_5","type":"linked","directed":false,"entities":["s4s3f4h1|68,72","s4s3f4h1|81,90"],"confidence":{"state":"","who":["user:Shpendi"],"prob":1}},{"classId":"r_5","type":"linked","directed":false,"entities":["s4s3f4h1|95,104","s4s3f4h1|68,72"],"confidence":{"state":"","who":["user:Shpendi"],"prob":1}},{"classId":"r_5","type":"linked","directed":false,"entities":["s4s3f4p1|382,386","s4s3f4p1|388,397"],"confidence":{"state":"","who":["user:Shpendi"],"prob":1}},{"classId":"r_5","type":"linked","directed":false,"entities":["s4s3f4p1|402,411","s4s3f4p1|382,386"],"confidence":{"state":"","who":["user:Shpendi"],"prob":1}},{"classId":"r_5","type":"linked","directed":false,"entities":["s4s3f4p1|472,476","s4s3f4p1|481,490"],"confidence":{"state":"","who":["user:Shpendi"],"prob":1}},{"classId":"r_5","type":"linked","directed":false,"entities":["s4s3f4p1|509,518","s4s3f4p1|472,476"],"confidence":{"state":"","who":["user:Shpendi"],"prob":1}},{"classId":"r_6","type":"linked","directed":false,"entities":["s5p1|260,268","s5p1|169,174"],"confidence":{"state":"","who":["user:Shpendi"],"prob":1}},{"classId":"r_6","type":"linked","directed":false,"entities":["s5p1|434,440","s5p1|442,446"],"confidence":{"state":"","who":["user:Shpendi"],"prob":1}},{"classId":"r_6","type":"linked","directed":false,"entities":["s5p1|452,457","s5p1|458,466"],"confidence":{"state":"","who":["user:Shpendi"],"prob":1}},{"classId":"r_6","type":"linked","directed":false,"entities":["s5p1|468,472","s5p1|452,457"],"confidence":{"state":"","who":["user:Shpendi"],"prob":1}},{"classId":"r_5","type":"linked","directed":false,"entities":["s5p1|593,601","s5p1|639,647"],"confidence":{"state":"","who":["user:Shpendi"],"prob":1}},{"classId":"r_6","type":"linked","directed":false,"entities":["s5p1|620,626","s5p1|639,647"],"confidence":{"state":"","who":["user:Shpendi"],"prob":1}},{"classId":"r_6","type":"linked","directed":false,"entities":["s5p1|678,683","s5p1|684,692"],"confidence":{"state":"","who":["user:Shpendi"],"prob":1}},{"classId":"r_5","type":"linked","directed":false,"entities":["s5p1|684,692","s5p1|722,727"],"confidence":{"state":"","who":["user:Shpendi"],"prob":1}},{"classId":"r_5","type":"linked","directed":false,"entities":["s5p1|713,718","s5p1|684,692"],"confidence":{"state":"","who":["user:Shpendi"],"prob":1}},{"classId":"r_6","type":"linked","directed":false,"entities":["s5p2|6,11","s5p2|31,35"],"confidence":{"state":"","who":["user:Shpendi"],"prob":1}},{"classId":"r_6","type":"linked","directed":false,"entities":["s5p2|61,65","s5p2|6,11"],"confidence":{"state":"","who":["user:Shpendi"],"prob":1}},{"classId":"r_5","type":"linked","directed":false,"entities":["s5p2|190,199","s5p2|251,255"],"confidence":{"state":"","who":["user:Shpendi"],"prob":1}},{"classId":"r_5","type":"linked","directed":false,"entities":["s5p2|204,213","s5p2|251,255"],"confidence":{"state":"","who":["user:Shpendi"],"prob":1}},{"classId":"r_6","type":"linked","directed":false,"entities":["s5p2|310,318","s5p2|304,309"],"confidence":{"state":"","who":["user:Shpendi"],"prob":1}},{"classId":"r_5","type":"linked","directed":false,"entities":["s5p2|310,318","s5p2|393,402"],"confidence":{"state":"","who":["user:Shpendi"],"prob":1}},{"classId":"r_5","type":"linked","directed":false,"entities":["s5p2|379,388","s5p2|310,318"],"confidence":{"state":"","who":["user:Shpendi"],"prob":1}},{"classId":"r_5","type":"linked","directed":false,"entities":["s5p2|627,631","s5p2|632,637"],"confidence":{"state":"","who":["user:Shpendi"],"prob":1}},{"classId":"r_5","type":"linked","directed":false,"entities":["s5p2|632,637","s5p2|707,711"],"confidence":{"state":"","who":["user:Shpendi"],"prob":1}},{"classId":"r_5","type":"linked","directed":false,"entities":["s5p2|728,732","s5p2|632,637"],"confidence":{"state":"","who":["user:Shpendi"],"prob":1}},{"classId":"r_6","type":"linked","directed":false,"entities":["s5p2|1005,1013","s5p2|1023,1028"],"confidence":{"state":"","who":["user:Shpendi"],"prob":1}},{"classId":"r_5","type":"linked","directed":false,"entities":["s5p2|1273,1282","s5p2|1084,1092"],"confidence":{"state":"","who":["user:Shpendi"],"prob":1}},{"classId":"r_6","type":"linked","directed":false,"entities":["s5p2|1355,1360","s5p2|1084,1092"],"confidence":{"state":"","who":["user:Shpendi"],"prob":1}},{"classId":"r_6","type":"linked","directed":false,"entities":["s5p5|392,402","s5p5|423,431"],"confidence":{"state":"","who":["user:Shpendi"],"prob":1}},{"classId":"r_5","type":"linked","directed":false,"entities":["s5p5|869,878","s5p5|694,702"],"confidence":{"state":"","who":["user:Shpendi"],"prob":1}},{"classId":"r_6","type":"linked","directed":false,"entities":["s5p6|171,176","s5p6|177,185"],"confidence":{"state":"","who":["user:Shpendi"],"prob":1}},{"classId":"r_5","type":"linked","directed":false,"entities":["s5p6|177,185","s5p6|255,264"],"confidence":{"state":"","who":["user:Shpendi"],"prob":1}},{"classId":"r_5","type":"linked","directed":false,"entities":["s5p6|241,250","s5p6|177,185"],"confidence":{"state":"","who":["user:Shpendi"],"prob":1}},{"classId":"r_5","type":"linked","directed":false,"entities":["s5p6|426,431","s5p6|358,366"],"confidence":{"state":"","who":["user:Shpendi"],"prob":1}},{"classId":"r_5","type":"linked","directed":false,"entities":["s5p6|485,494","s5p6|358,366"],"confidence":{"state":"","who":["user:Shpendi"],"prob":1}},{"classId":"r_6","type":"linked","directed":false,"entities":["s6s1p1|61,66","s6s1p1|67,75"],"confidence":{"state":"","who":["user:Shpendi"],"prob":1}},{"classId":"r_6","type":"linked","directed":false,"entities":["s6s1p1|77,81","s6s1p1|61,66"],"confidence":{"state":"","who":["user:Shpendi"],"prob":1}},{"classId":"r_6","type":"linked","directed":false,"entities":["s6s1p1|250,255","s6s1p1|256,264"],"confidence":{"state":"","who":["user:Shpendi"],"prob":1}},{"classId":"r_6","type":"linked","directed":false,"entities":["s6s1p1|266,270","s6s1p1|250,255"],"confidence":{"state":"","who":["user:Shpendi"],"prob":1}},{"classId":"r_5","type":"linked","directed":false,"entities":["s6s1p1|409,413","s6s1p1|427,432"],"confidence":{"state":"","who":["user:Shpendi"],"prob":1}},{"classId":"r_5","type":"linked","directed":false,"entities":["s6s1p1|427,432","s6s1p1|486,490"],"confidence":{"state":"","who":["user:Shpendi"],"prob":1}},{"classId":"r_5","type":"linked","directed":false,"entities":["s6s1p1|437,442","s6s1p1|409,413"],"confidence":{"state":"","who":["user:Shpendi"],"prob":1}},{"classId":"r_5","type":"linked","directed":false,"entities":["s6s1p1|486,490","s6s1p1|437,442"],"confidence":{"state":"","who":["user:Shpendi"],"prob":1}},{"classId":"r_6","type":"linked","directed":false,"entities":["s6s1p1|882,887","s6s1p1|888,896"],"confidence":{"state":"","who":["user:Shpendi"],"prob":1}},{"classId":"r_6","type":"linked","directed":false,"entities":["s6s1p1|882,887","s6s1p1|898,902"],"confidence":{"state":"","who":["user:Shpendi"],"prob":1}},{"classId":"r_6","type":"linked","directed":false,"entities":["s6s1p1|882,887","s6s1p1|910,914"],"confidence":{"state":"","who":["user:Shpendi"],"prob":1}},{"classId":"r_6","type":"linked","directed":false,"entities":["s6s1p1|904,908","s6s1p1|882,887"],"confidence":{"state":"","who":["user:Shpendi"],"prob":1}},{"classId":"r_6","type":"linked","directed":false,"entities":["s6s1p1|920,924","s6s1p1|882,887"],"confidence":{"state":"","who":["user:Shpendi"],"prob":1}},{"classId":"r_6","type":"linked","directed":false,"entities":["s6s1p1|1041,1046","s6s1p1|1047,1055"],"confidence":{"state":"","who":["user:Shpendi"],"prob":1}},{"classId":"r_6","type":"linked","directed":false,"entities":["s6s1p1|1047,1055","s6s1p1|1084,1089"],"confidence":{"state":"","who":["user:Shpendi"],"prob":1}},{"classId":"r_6","type":"linked","directed":false,"entities":["s6s2p1|0,6","s6s2p1|32,40"],"confidence":{"state":"","who":["user:Shpendi"],"prob":1}},{"classId":"r_6","type":"linked","directed":false,"entities":["s6s2p1|32,40","s6s2p1|66,70"],"confidence":{"state":"","who":["user:Shpendi"],"prob":1}},{"classId":"r_5","type":"linked","directed":false,"entities":["s6s4p1|280,284","s6s4p1|303,308"],"confidence":{"state":"","who":["user:Shpendi"],"prob":1}},{"classId":"r_5","type":"linked","directed":false,"entities":["s6s4p1|298,302","s6s4p1|303,308"],"confidence":{"state":"","who":["user:Shpendi"],"prob":1}},{"classId":"r_5","type":"linked","directed":false,"entities":["s6s4p1|319,323","s6s4p1|324,329"],"confidence":{"state":"","who":["user:Shpendi"],"prob":1}}],"metas":{"m_4":{"value":true,"confidence":{}}},"annotatable":{"parts":["s1h1","s2h1","s2s1h1","s2s1p1","s2s2h1","s2s2p1","s2s3h1","s2s3p1","s3h1","s3p1","s3p2","s3p3","s3p4","s4h1","s4s1h1","s4s1p1","s4s1f1h1","s4s1f1p1","s4s1p2","s4s2h1","s4s2p1","s4s2f1h1","s4s2f1p1","s4s2p2","s4s3h1","s4s3p1","s4s3f1h1","s4s3f1p1","s4s3p2","s4s3f2h1","s4s3f2p1","s4s3p3","s4s3f3h1","s4s3f3p1","s4s3p4","s4s3f4h1","s4s3f4p1","s5h1","s5p1","s5p2","s5p3","s5p4","s5p5","s5p6","s5p7","s5p8","s6h1","s6s1h1","s6s1p1","s6s2h1","s6s2p1","s6s2p2","s6s3h1","s6s3p1","s6s4h1","s6s4p1","s6s5h1","s6s5p1","s6s6h1","s6s6p1","s6s7h1","s6s7p1","s7h1"]}}