{"anncomplete":true,"sources":[{"name":"ORIG","id":"PMC3179293","url":"http://www.ncbi.nlm.nih.gov/pmc/articles/PMC3179293/"},{"name":"PMID","id":"20839288","url":"http://www.ncbi.nlm.nih.gov/pubmed/20839288"}],"entities":[{"classId":"e_1","part":"s1h1","offsets":[{"start":13,"text":"FKBP10"}],"confidence":{"state":"","who":["user:Shpendi"],"prob":1},"fields":{},"normalizations":{}},{"classId":"e_2","part":"s2p1","offsets":[{"start":136,"text":"posttranslational modification of type I collagen"}],"confidence":{"state":"","who":["user:Shpendi"],"prob":1},"fields":{},"normalizations":{}},{"classId":"e_1","part":"s2p1","offsets":[{"start":246,"text":"COL1A1"}],"confidence":{"state":"","who":["user:Shpendi"],"prob":1},"fields":{},"normalizations":{}},{"classId":"e_1","part":"s2p1","offsets":[{"start":256,"text":"COL1A2"}],"confidence":{"state":"","who":["user:Shpendi"],"prob":1},"fields":{},"normalizations":{}},{"classId":"e_1","part":"s2p1","offsets":[{"start":456,"text":"PLOD2"}],"confidence":{"state":"","who":["user:Shpendi"],"prob":1},"fields":{},"normalizations":{}},{"classId":"e_2","part":"s2p1","offsets":[{"start":747,"text":"posttranslational modification of type I procollagen"}],"confidence":{"state":"","who":["user:Shpendi"],"prob":1},"fields":{},"normalizations":{}},{"classId":"e_1","part":"s2p1","offsets":[{"start":850,"text":"cartilage-associated protein"}],"confidence":{"state":"","who":["user:Shpendi"],"prob":1},"fields":{},"normalizations":{}},{"classId":"e_1","part":"s2p1","offsets":[{"start":880,"text":"CRTAP"}],"confidence":{"state":"","who":["user:Shpendi"],"prob":1},"fields":{},"normalizations":{}},{"classId":"e_1","part":"s2p1","offsets":[{"start":888,"text":"prolyl-3-hydroxylase-1"}],"confidence":{"state":"","who":["user:Shpendi"],"prob":1},"fields":{},"normalizations":{}},{"classId":"e_1","part":"s2p1","offsets":[{"start":912,"text":"P3H1"}],"confidence":{"state":"","who":["user:Shpendi"],"prob":1},"fields":{},"normalizations":{}},{"classId":"e_1","part":"s2p1","offsets":[{"start":933,"text":"LEPRE1"}],"confidence":{"state":"","who":["user:Shpendi"],"prob":1},"fields":{},"normalizations":{}},{"classId":"e_1","part":"s2p1","offsets":[{"start":955,"text":"prolyl cis-trans isomerase cyclophilin-B"}],"confidence":{"state":"","who":["user:Shpendi"],"prob":1},"fields":{},"normalizations":{}},{"classId":"e_1","part":"s2p1","offsets":[{"start":997,"text":"PPIB"}],"confidence":{"state":"","who":["user:Shpendi"],"prob":1},"fields":{},"normalizations":{}},{"classId":"e_1","part":"s2p1","offsets":[{"start":1233,"text":"FKBP10"}],"confidence":{"state":"","who":["user:Shpendi"],"prob":1},"fields":{},"normalizations":{}},{"classId":"e_1","part":"s2p1","offsets":[{"start":1255,"text":"FKBP65"}],"confidence":{"state":"","who":["user:Shpendi"],"prob":1},"fields":{},"normalizations":{}},{"classId":"e_1","part":"s2p1","offsets":[{"start":1267,"text":"SERPINH1"}],"confidence":{"state":"","who":["user:Shpendi"],"prob":1},"fields":{},"normalizations":{}},{"classId":"e_1","part":"s2p1","offsets":[{"start":1291,"text":"HSP47"}],"confidence":{"state":"","who":["user:Shpendi"],"prob":1},"fields":{},"normalizations":{}},{"classId":"e_1","part":"s2p1","offsets":[{"start":1465,"text":"FKBP10"}],"confidence":{"state":"","who":["user:Shpendi"],"prob":1},"fields":{},"normalizations":{}},{"classId":"e_1","part":"s2p1","offsets":[{"start":1511,"text":"FKBP10"}],"confidence":{"state":"","who":["user:Shpendi"],"prob":1},"fields":{},"normalizations":{}},{"classId":"e_2","part":"s3p1","offsets":[{"start":103,"text":"Mutations in genes encoding type I procollagen"}],"confidence":{"state":"","who":["user:Shpendi"],"prob":1},"fields":{},"normalizations":{}},{"classId":"e_1","part":"s3p1","offsets":[{"start":406,"text":"COL1A1"}],"confidence":{"state":"","who":["user:Shpendi"],"prob":1},"fields":{},"normalizations":{}},{"classId":"e_1","part":"s3p1","offsets":[{"start":417,"text":"COL1A2"}],"confidence":{"state":"","who":["user:Shpendi"],"prob":1},"fields":{},"normalizations":{}},{"classId":"e_1","part":"s3p1","offsets":[{"start":772,"text":"protein-disulfide isomerase"}],"confidence":{"state":"","who":["user:Shpendi"],"prob":1},"fields":{},"normalizations":{}},{"classId":"e_1","part":"s3p1","offsets":[{"start":801,"text":"PDI"}],"confidence":{"state":"","who":["user:Shpendi"],"prob":1},"fields":{},"normalizations":{}},{"classId":"e_1","part":"s3p1","offsets":[{"start":1188,"text":"cartilage-associated protein"}],"confidence":{"state":"","who":["user:Shpendi"],"prob":1},"fields":{},"normalizations":{}},{"classId":"e_1","part":"s3p1","offsets":[{"start":1218,"text":"CRTAP"}],"confidence":{"state":"","who":["user:Shpendi"],"prob":1},"fields":{},"normalizations":{}},{"classId":"e_1","part":"s3p1","offsets":[{"start":1247,"text":"P3H1"}],"confidence":{"state":"","who":["user:Shpendi"],"prob":1},"fields":{},"normalizations":{}},{"classId":"e_1","part":"s3p1","offsets":[{"start":1268,"text":"LEPRE1"}],"confidence":{"state":"","who":["user:Shpendi"],"prob":1},"fields":{},"normalizations":{}},{"classId":"e_1","part":"s3p1","offsets":[{"start":1296,"text":"PPIB"}],"confidence":{"state":"","who":["user:Shpendi"],"prob":1},"fields":{},"normalizations":{}},{"classId":"e_2","part":"s3p1","offsets":[{"start":1470,"text":"loss of hydroxylation at proline residue 986 of the α1"}],"confidence":{"state":"","who":["user:Shpendi"],"prob":1},"fields":{},"normalizations":{}},{"classId":"e_1","part":"s3p1","offsets":[{"start":1765,"text":"FK506 binding protein 10"}],"confidence":{"state":"","who":["user:Shpendi"],"prob":1},"fields":{},"normalizations":{}},{"classId":"e_1","part":"s3p1","offsets":[{"start":1791,"text":"FKBP10"}],"confidence":{"state":"","who":["user:Shpendi"],"prob":1},"fields":{},"normalizations":{}},{"classId":"e_1","part":"s3p1","offsets":[{"start":1803,"text":"SERPINH1"}],"confidence":{"state":"","who":["user:Shpendi"],"prob":1},"fields":{},"normalizations":{}},{"classId":"e_2","part":"s3f1p1","offsets":[{"start":166,"text":"posttranslational modification of type I collagen"}],"confidence":{"state":"","who":["user:Shpendi"],"prob":1},"fields":{},"normalizations":{}},{"classId":"e_1","part":"s3f1p1","offsets":[{"start":299,"text":"COL1A1"}],"confidence":{"state":"","who":["user:Shpendi"],"prob":1},"fields":{},"normalizations":{}},{"classId":"e_1","part":"s3f1p1","offsets":[{"start":310,"text":"COL1A2"}],"confidence":{"state":"","who":["user:Shpendi"],"prob":1},"fields":{},"normalizations":{}},{"classId":"e_1","part":"s3f1p1","offsets":[{"start":529,"text":"CRTAP"}],"confidence":{"state":"","who":["user:Shpendi"],"prob":1},"fields":{},"normalizations":{}},{"classId":"e_1","part":"s3f1p1","offsets":[{"start":535,"text":"P3H1"}],"confidence":{"state":"","who":["user:Shpendi"],"prob":1},"fields":{},"normalizations":{}},{"classId":"e_1","part":"s3f1p1","offsets":[{"start":557,"text":"SERPINH1"}],"confidence":{"state":"","who":["user:Shpendi"],"prob":1},"fields":{},"normalizations":{}},{"classId":"e_1","part":"s3f1p1","offsets":[{"start":566,"text":"FKBP10"}],"confidence":{"state":"","who":["user:Shpendi"],"prob":1},"fields":{},"normalizations":{}},{"classId":"e_2","part":"s3f1p1","offsets":[{"start":607,"text":"modify collagen by 3-prolyl-hydroxylation"}],"confidence":{"state":"","who":["user:Shpendi"],"prob":1},"fields":{},"normalizations":{}},{"classId":"e_1","part":"s3p2","offsets":[{"start":1296,"text":"PLOD2"}],"confidence":{"state":"","who":["user:Shpendi"],"prob":1},"fields":{},"normalizations":{}},{"classId":"e_1","part":"s3p2","offsets":[{"start":1438,"text":"PLOD2"}],"confidence":{"state":"","who":["user:Shpendi"],"prob":1},"fields":{},"normalizations":{}},{"classId":"e_1","part":"s3p2","offsets":[{"start":1628,"text":"PLOD2"}],"confidence":{"state":"","who":["user:Shpendi"],"prob":1},"fields":{},"normalizations":{}},{"classId":"e_1","part":"s3p2","offsets":[{"start":1794,"text":"PLOD2"}],"confidence":{"state":"","who":["user:Shpendi"],"prob":1},"fields":{},"normalizations":{}},{"classId":"e_1","part":"s3p2","offsets":[{"start":1965,"text":"PLOD2"}],"confidence":{"state":"","who":["user:Shpendi"],"prob":1},"fields":{},"normalizations":{}},{"classId":"e_1","part":"s3p3","offsets":[{"start":37,"text":"FKBP10"}],"confidence":{"state":"","who":["user:Shpendi"],"prob":1},"fields":{},"normalizations":{}},{"classId":"e_1","part":"s3p3","offsets":[{"start":227,"text":"FKBP10"}],"confidence":{"state":"","who":["user:Shpendi"],"prob":1},"fields":{},"normalizations":{}},{"classId":"e_1","part":"s3p3","offsets":[{"start":373,"text":"FKBP10"}],"confidence":{"state":"","who":["user:Shpendi"],"prob":1},"fields":{},"normalizations":{}},{"classId":"e_1","part":"s3p3","offsets":[{"start":418,"text":"FKBP10"}],"confidence":{"state":"","who":["user:Shpendi"],"prob":1},"fields":{},"normalizations":{}},{"classId":"e_1","part":"s3p3","offsets":[{"start":445,"text":"SERPINH1"}],"confidence":{"state":"","who":["user:Shpendi"],"prob":1},"fields":{},"normalizations":{}},{"classId":"e_1","part":"s3p3","offsets":[{"start":532,"text":"SERPINH1"}],"confidence":{"state":"","who":["user:Shpendi"],"prob":1},"fields":{},"normalizations":{}},{"classId":"e_1","part":"s3p3","offsets":[{"start":665,"text":"FKBP10"}],"confidence":{"state":"","who":["user:Shpendi"],"prob":1},"fields":{},"normalizations":{}},{"classId":"e_1","part":"s3p3","offsets":[{"start":672,"text":"SERPINH1"}],"confidence":{"state":"","who":["user:Shpendi"],"prob":1},"fields":{},"normalizations":{}},{"classId":"e_2","part":"s3p3","offsets":[{"start":698,"text":"deletion"}],"confidence":{"state":"","who":["user:Shpendi"],"prob":1},"fields":{},"normalizations":{}},{"classId":"e_1","part":"s3p3","offsets":[{"start":714,"text":"SERPINH1"}],"confidence":{"state":"","who":["user:Shpendi"],"prob":1},"fields":{},"normalizations":{}},{"classId":"e_1","part":"s3p3","offsets":[{"start":806,"text":"SERPINH1"}],"confidence":{"state":"","who":["user:Shpendi"],"prob":1},"fields":{},"normalizations":{}},{"classId":"e_3","part":"s3p3","offsets":[{"start":828,"text":"humans"}],"confidence":{"state":"","who":["user:Shpendi"],"prob":1},"fields":{},"normalizations":{}},{"classId":"e_2","part":"s3p3","offsets":[{"start":969,"text":"homozygous missense mutation"}],"confidence":{"state":"","who":["user:Shpendi"],"prob":1},"fields":{},"normalizations":{}},{"classId":"e_1","part":"s3p3","offsets":[{"start":1022,"text":"SERPINH1"}],"confidence":{"state":"","who":["user:Shpendi"],"prob":1},"fields":{},"normalizations":{}},{"classId":"e_1","part":"s3p4","offsets":[{"start":19,"text":"FKBP10"}],"confidence":{"state":"","who":["user:Shpendi"],"prob":1},"fields":{},"normalizations":{}},{"classId":"e_3","part":"s3p4","offsets":[{"start":96,"text":"humans"}],"confidence":{"state":"","who":["user:Shpendi"],"prob":1},"fields":{},"normalizations":{}},{"classId":"e_1","part":"s3p4","offsets":[{"start":189,"text":"FKBP10"}],"confidence":{"state":"","who":["user:Shpendi"],"prob":1},"fields":{},"normalizations":{}},{"classId":"e_1","part":"s3p5","offsets":[{"start":192,"text":"COL1A1"}],"confidence":{"state":"","who":["user:Shpendi"],"prob":1},"fields":{},"normalizations":{}},{"classId":"e_1","part":"s3p5","offsets":[{"start":202,"text":"COL1A2"}],"confidence":{"state":"","who":["user:Shpendi"],"prob":1},"fields":{},"normalizations":{}},{"classId":"e_2","part":"s3p5","offsets":[{"start":256,"text":"defects in type I procollagen"}],"confidence":{"state":"","who":["user:Shpendi"],"prob":1},"fields":{},"normalizations":{}},{"classId":"e_2","part":"s3p5","offsets":[{"start":337,"text":"posttranslational modification of type I procollagen"}],"confidence":{"state":"","who":["user:Shpendi"],"prob":1},"fields":{},"normalizations":{}},{"classId":"e_1","part":"s3p5","offsets":[{"start":533,"text":"P3H1"}],"confidence":{"state":"","who":["user:Shpendi"],"prob":1},"fields":{},"normalizations":{}},{"classId":"e_1","part":"s3p5","offsets":[{"start":538,"text":"CRTAP"}],"confidence":{"state":"","who":["user:Shpendi"],"prob":1},"fields":{},"normalizations":{}},{"classId":"e_1","part":"s3p5","offsets":[{"start":690,"text":"FKBP10"}],"confidence":{"state":"","who":["user:Shpendi"],"prob":1},"fields":{},"normalizations":{}},{"classId":"e_1","part":"s3p5","offsets":[{"start":701,"text":"SERPINH1"}],"confidence":{"state":"","who":["user:Shpendi"],"prob":1},"fields":{},"normalizations":{}},{"classId":"e_2","part":"s3p5","offsets":[{"start":721,"text":"defects in ER chaperone protein complexes"}],"confidence":{"state":"","who":["user:Shpendi"],"prob":1},"fields":{},"normalizations":{}},{"classId":"e_1","part":"s3p6","offsets":[{"start":581,"text":"PLOD2"}],"confidence":{"state":"","who":["user:Shpendi"],"prob":1},"fields":{},"normalizations":{}},{"classId":"e_1","part":"s3p6","offsets":[{"start":711,"text":"FKBP10"}],"confidence":{"state":"","who":["user:Shpendi"],"prob":1},"fields":{},"normalizations":{}},{"classId":"e_1","part":"s4s1p1","offsets":[{"start":247,"text":"COL1A1"}],"confidence":{"state":"","who":["user:Shpendi"],"prob":1},"fields":{},"normalizations":{}},{"classId":"e_1","part":"s4s1p1","offsets":[{"start":257,"text":"COL1A2"}],"confidence":{"state":"","who":["user:Shpendi"],"prob":1},"fields":{},"normalizations":{}},{"classId":"e_1","part":"s4s1p1","offsets":[{"start":361,"text":"CRTAP"}],"confidence":{"state":"","who":["user:Shpendi"],"prob":1},"fields":{},"normalizations":{}},{"classId":"e_1","part":"s4s1p1","offsets":[{"start":371,"text":"LEPRE1"}],"confidence":{"state":"","who":["user:Shpendi"],"prob":1},"fields":{},"normalizations":{}},{"classId":"e_1","part":"s4s2p1","offsets":[{"start":16,"text":"FKBP10"}],"confidence":{"state":"","who":["user:Shpendi"],"prob":1},"fields":{},"normalizations":{}},{"classId":"e_1","part":"s4s2p1","offsets":[{"start":585,"text":"FKBP10"}],"confidence":{"state":"","who":["user:Shpendi"],"prob":1},"fields":{},"normalizations":{}},{"classId":"e_1","part":"s4s2p1","offsets":[{"start":889,"text":"FKBP10"}],"confidence":{"state":"","who":["user:Shpendi"],"prob":1},"fields":{},"normalizations":{}},{"classId":"e_1","part":"s5f1p1","offsets":[{"start":22,"text":"FKBP10"}],"confidence":{"state":"","who":["user:Shpendi"],"prob":1},"fields":{},"normalizations":{}},{"classId":"e_1","part":"s5f1p1","offsets":[{"start":162,"text":"FKBP10"}],"confidence":{"state":"","who":["user:Shpendi"],"prob":1},"fields":{},"normalizations":{}},{"classId":"e_2","part":"s5f1p1","offsets":[{"start":384,"text":"ucleotide base pair insertions"}],"confidence":{"state":"","who":["user:Shpendi"],"prob":1},"fields":{},"normalizations":{}},{"classId":"e_1","part":"s5f2p1","offsets":[{"start":22,"text":"FKBP10"}],"confidence":{"state":"","who":["user:Shpendi"],"prob":1},"fields":{},"normalizations":{}},{"classId":"e_1","part":"s5f2p1","offsets":[{"start":184,"text":"FKBP10"}],"confidence":{"state":"","who":["user:Shpendi"],"prob":1},"fields":{},"normalizations":{}},{"classId":"e_2","part":"s5f2p1","offsets":[{"start":221,"text":"single-nucleotide base-pair duplication"}],"confidence":{"state":"","who":["user:Shpendi"],"prob":1},"fields":{},"normalizations":{}},{"classId":"e_2","part":"s5f2p1","offsets":[{"start":262,"text":"c.831dup"}],"confidence":{"state":"","who":["user:Shpendi"],"prob":1},"fields":{},"normalizations":{}},{"classId":"e_2","part":"s5f2p1","offsets":[{"start":335,"text":"single-nucleotide base pair duplication"}],"confidence":{"state":"","who":["user:Shpendi"],"prob":1},"fields":{},"normalizations":{}},{"classId":"e_2","part":"s5f2p1","offsets":[{"start":376,"text":"c.1276dup"}],"confidence":{"state":"","who":["user:Shpendi"],"prob":1},"fields":{},"normalizations":{}},{"classId":"e_1","part":"s5f3p1","offsets":[{"start":22,"text":"FKBP10"}],"confidence":{"state":"","who":["user:Shpendi"],"prob":1},"fields":{},"normalizations":{}},{"classId":"e_1","part":"s5f3p1","offsets":[{"start":199,"text":"FKBP10"}],"confidence":{"state":"","who":["user:Shpendi"],"prob":1},"fields":{},"normalizations":{}},{"classId":"e_2","part":"s5f3p1","offsets":[{"start":236,"text":"single-nucleotide base pair duplication"}],"confidence":{"state":"","who":["user:Shpendi"],"prob":1},"fields":{},"normalizations":{}},{"classId":"e_2","part":"s5f3p1","offsets":[{"start":277,"text":"c.831dup"}],"confidence":{"state":"","who":["user:Shpendi"],"prob":1},"fields":{},"normalizations":{}},{"classId":"e_2","part":"s5f3p1","offsets":[{"start":350,"text":"single-nucleotide missense mutation"}],"confidence":{"state":"","who":["user:Shpendi"],"prob":1},"fields":{},"normalizations":{}},{"classId":"e_2","part":"s5f3p1","offsets":[{"start":387,"text":"c.344G > A"}],"confidence":{"state":"","who":["user:Shpendi"],"prob":1},"fields":{},"normalizations":{}},{"classId":"e_2","part":"s5f3p1","offsets":[{"start":436,"text":"p.Arg115Gln"}],"confidence":{"state":"","who":["user:Shpendi"],"prob":1},"fields":{},"normalizations":{}},{"classId":"e_1","part":"s5s1f1p1","offsets":[{"start":64,"text":"FKBP10"}],"confidence":{"state":"","who":["user:Shpendi"],"prob":1},"fields":{},"normalizations":{}},{"classId":"e_1","part":"s6p1","offsets":[{"start":33,"text":"FKBP10"}],"confidence":{"state":"","who":["user:Shpendi"],"prob":1},"fields":{},"normalizations":{}},{"classId":"e_1","part":"s6p1","offsets":[{"start":919,"text":"PLOD2"}],"confidence":{"state":"","who":["user:Shpendi"],"prob":1},"fields":{},"normalizations":{}},{"classId":"e_1","part":"s6p1","offsets":[{"start":995,"text":"FKBP10"}],"confidence":{"state":"","who":["user:Shpendi"],"prob":1},"fields":{},"normalizations":{}},{"classId":"e_1","part":"s6p1","offsets":[{"start":1227,"text":"FBKP10"}],"confidence":{"state":"","who":["user:Shpendi"],"prob":1},"fields":{},"normalizations":{}},{"classId":"e_1","part":"s6p1","offsets":[{"start":1456,"text":"PLOD2"}],"confidence":{"state":"","who":["user:Shpendi"],"prob":1},"fields":{},"normalizations":{}},{"classId":"e_1","part":"s6p1","offsets":[{"start":1530,"text":"FKBP10"}],"confidence":{"state":"","who":["user:Shpendi"],"prob":1},"fields":{},"normalizations":{}},{"classId":"e_1","part":"s6p1","offsets":[{"start":2018,"text":"PLOD2"}],"confidence":{"state":"","who":["user:Shpendi"],"prob":1},"fields":{},"normalizations":{}},{"classId":"e_1","part":"s6p2","offsets":[{"start":14,"text":"FKBP10"}],"confidence":{"state":"","who":["user:Shpendi"],"prob":1},"fields":{},"normalizations":{}},{"classId":"e_1","part":"s6p2","offsets":[{"start":452,"text":"FKBP10"}],"confidence":{"state":"","who":["user:Shpendi"],"prob":1},"fields":{},"normalizations":{}},{"classId":"e_2","part":"s6p2","offsets":[{"start":555,"text":"mutations in the genes of the prolyl-3-hydroxylation complex"}],"confidence":{"state":"","who":["user:Shpendi"],"prob":1},"fields":{},"normalizations":{}},{"classId":"e_1","part":"s6p2","offsets":[{"start":617,"text":"CRTAP"}],"confidence":{"state":"","who":["user:Shpendi"],"prob":1},"fields":{},"normalizations":{}},{"classId":"e_1","part":"s6p2","offsets":[{"start":624,"text":"LEPRE1"}],"confidence":{"state":"","who":["user:Shpendi"],"prob":1},"fields":{},"normalizations":{}},{"classId":"e_1","part":"s6p2","offsets":[{"start":635,"text":"PPIB"}],"confidence":{"state":"","who":["user:Shpendi"],"prob":1},"fields":{},"normalizations":{}},{"classId":"e_1","part":"s6p2","offsets":[{"start":811,"text":"COL1A1"}],"confidence":{"state":"","who":["user:Shpendi"],"prob":1},"fields":{},"normalizations":{}},{"classId":"e_1","part":"s6p2","offsets":[{"start":818,"text":"COL1A2"}],"confidence":{"state":"","who":["user:Shpendi"],"prob":1},"fields":{},"normalizations":{}},{"classId":"e_1","part":"s6p3","offsets":[{"start":16,"text":"FKBP10"}],"confidence":{"state":"","who":["user:Shpendi"],"prob":1},"fields":{},"normalizations":{}},{"classId":"e_1","part":"s6p3","offsets":[{"start":27,"text":"SERPINH1"}],"confidence":{"state":"","who":["user:Shpendi"],"prob":1},"fields":{},"normalizations":{}}],"relations":[{"classId":"r_5","type":"linked","directed":false,"entities":["s2p1|136,185","s2p1|246,252"],"confidence":{"state":"","who":["user:Shpendi"],"prob":1}},{"classId":"r_5","type":"linked","directed":false,"entities":["s2p1|136,185","s2p1|256,262"],"confidence":{"state":"","who":["user:Shpendi"],"prob":1}},{"classId":"r_5","type":"linked","directed":false,"entities":["s2p1|747,799","s2p1|850,878"],"confidence":{"state":"","who":["user:Shpendi"],"prob":1}},{"classId":"r_5","type":"linked","directed":false,"entities":["s2p1|747,799","s2p1|880,885"],"confidence":{"state":"","who":["user:Shpendi"],"prob":1}},{"classId":"r_5","type":"linked","directed":false,"entities":["s2p1|747,799","s2p1|888,910"],"confidence":{"state":"","who":["user:Shpendi"],"prob":1}},{"classId":"r_5","type":"linked","directed":false,"entities":["s2p1|747,799","s2p1|912,916"],"confidence":{"state":"","who":["user:Shpendi"],"prob":1}},{"classId":"r_5","type":"linked","directed":false,"entities":["s2p1|747,799","s2p1|933,939"],"confidence":{"state":"","who":["user:Shpendi"],"prob":1}},{"classId":"r_5","type":"linked","directed":false,"entities":["s2p1|747,799","s2p1|955,995"],"confidence":{"state":"","who":["user:Shpendi"],"prob":1}},{"classId":"r_5","type":"linked","directed":false,"entities":["s2p1|747,799","s2p1|997,1001"],"confidence":{"state":"","who":["user:Shpendi"],"prob":1}},{"classId":"r_5","type":"linked","directed":false,"entities":["s3p1|103,149","s3p1|406,412"],"confidence":{"state":"","who":["user:Shpendi"],"prob":1}},{"classId":"r_5","type":"linked","directed":false,"entities":["s3p1|417,423","s3p1|103,149"],"confidence":{"state":"","who":["user:Shpendi"],"prob":1}},{"classId":"r_5","type":"linked","directed":false,"entities":["s3p1|1247,1251","s3p1|1470,1524"],"confidence":{"state":"","who":["user:Shpendi"],"prob":1}},{"classId":"r_5","type":"linked","directed":false,"entities":["s3p1|1268,1274","s3p1|1470,1524"],"confidence":{"state":"","who":["user:Shpendi"],"prob":1}},{"classId":"r_5","type":"linked","directed":false,"entities":["s3p1|1296,1300","s3p1|1470,1524"],"confidence":{"state":"","who":["user:Shpendi"],"prob":1}},{"classId":"r_5","type":"linked","directed":false,"entities":["s3p1|1470,1524","s3p1|1188,1216"],"confidence":{"state":"","who":["user:Shpendi"],"prob":1}},{"classId":"r_5","type":"linked","directed":false,"entities":["s3p1|1470,1524","s3p1|1218,1223"],"confidence":{"state":"","who":["user:Shpendi"],"prob":1}},{"classId":"r_5","type":"linked","directed":false,"entities":["s3f1p1|166,215","s3f1p1|299,305"],"confidence":{"state":"","who":["user:Shpendi"],"prob":1}},{"classId":"r_5","type":"linked","directed":false,"entities":["s3f1p1|310,316","s3f1p1|166,215"],"confidence":{"state":"","who":["user:Shpendi"],"prob":1}},{"classId":"r_5","type":"linked","directed":false,"entities":["s3f1p1|535,539","s3f1p1|607,648"],"confidence":{"state":"","who":["user:Shpendi"],"prob":1}},{"classId":"r_5","type":"linked","directed":false,"entities":["s3f1p1|566,572","s3f1p1|607,648"],"confidence":{"state":"","who":["user:Shpendi"],"prob":1}},{"classId":"r_5","type":"linked","directed":false,"entities":["s3f1p1|607,648","s3f1p1|529,534"],"confidence":{"state":"","who":["user:Shpendi"],"prob":1}},{"classId":"r_5","type":"linked","directed":false,"entities":["s3f1p1|607,648","s3f1p1|557,565"],"confidence":{"state":"","who":["user:Shpendi"],"prob":1}},{"classId":"r_5","type":"linked","directed":false,"entities":["s3p3|698,706","s3p3|714,722"],"confidence":{"state":"","who":["user:Shpendi"],"prob":1}},{"classId":"r_6","type":"linked","directed":false,"entities":["s3p3|806,814","s3p3|828,834"],"confidence":{"state":"","who":["user:Shpendi"],"prob":1}},{"classId":"r_5","type":"linked","directed":false,"entities":["s3p3|1022,1030","s3p3|969,997"],"confidence":{"state":"","who":["user:Shpendi"],"prob":1}},{"classId":"r_6","type":"linked","directed":false,"entities":["s3p4|96,102","s3p4|19,25"],"confidence":{"state":"","who":["user:Shpendi"],"prob":1}},{"classId":"r_5","type":"linked","directed":false,"entities":["s3p5|256,285","s3p5|192,198"],"confidence":{"state":"","who":["user:Shpendi"],"prob":1}},{"classId":"r_5","type":"linked","directed":false,"entities":["s3p5|256,285","s3p5|202,208"],"confidence":{"state":"","who":["user:Shpendi"],"prob":1}},{"classId":"r_5","type":"linked","directed":false,"entities":["s3p5|533,537","s3p5|337,389"],"confidence":{"state":"","who":["user:Shpendi"],"prob":1}},{"classId":"r_5","type":"linked","directed":false,"entities":["s3p5|538,543","s3p5|337,389"],"confidence":{"state":"","who":["user:Shpendi"],"prob":1}},{"classId":"r_5","type":"linked","directed":false,"entities":["s3p5|701,709","s3p5|721,762"],"confidence":{"state":"","who":["user:Shpendi"],"prob":1}},{"classId":"r_5","type":"linked","directed":false,"entities":["s3p5|721,762","s3p5|690,696"],"confidence":{"state":"","who":["user:Shpendi"],"prob":1}},{"classId":"r_5","type":"linked","directed":false,"entities":["s5f1p1|384,414","s5f1p1|162,168"],"confidence":{"state":"","who":["user:Shpendi"],"prob":1}},{"classId":"r_5","type":"linked","directed":false,"entities":["s5f2p1|221,260","s5f2p1|184,190"],"confidence":{"state":"","who":["user:Shpendi"],"prob":1}},{"classId":"r_5","type":"linked","directed":false,"entities":["s5f2p1|262,270","s5f2p1|184,190"],"confidence":{"state":"","who":["user:Shpendi"],"prob":1}},{"classId":"r_5","type":"linked","directed":false,"entities":["s5f2p1|335,374","s5f2p1|184,190"],"confidence":{"state":"","who":["user:Shpendi"],"prob":1}},{"classId":"r_5","type":"linked","directed":false,"entities":["s5f2p1|376,385","s5f2p1|184,190"],"confidence":{"state":"","who":["user:Shpendi"],"prob":1}},{"classId":"r_5","type":"linked","directed":false,"entities":["s5f3p1|199,205","s5f3p1|236,275"],"confidence":{"state":"","who":["user:Shpendi"],"prob":1}},{"classId":"r_5","type":"linked","directed":false,"entities":["s5f3p1|277,285","s5f3p1|199,205"],"confidence":{"state":"","who":["user:Shpendi"],"prob":1}},{"classId":"r_5","type":"linked","directed":false,"entities":["s5f3p1|350,385","s5f3p1|199,205"],"confidence":{"state":"","who":["user:Shpendi"],"prob":1}},{"classId":"r_5","type":"linked","directed":false,"entities":["s5f3p1|387,397","s5f3p1|199,205"],"confidence":{"state":"","who":["user:Shpendi"],"prob":1}},{"classId":"r_5","type":"linked","directed":false,"entities":["s5f3p1|436,447","s5f3p1|199,205"],"confidence":{"state":"","who":["user:Shpendi"],"prob":1}},{"classId":"r_5","type":"linked","directed":false,"entities":["s6p2|617,622","s6p2|555,615"],"confidence":{"state":"","who":["user:Shpendi"],"prob":1}},{"classId":"r_5","type":"linked","directed":false,"entities":["s6p2|624,630","s6p2|555,615"],"confidence":{"state":"","who":["user:Shpendi"],"prob":1}},{"classId":"r_5","type":"linked","directed":false,"entities":["s6p2|635,639","s6p2|555,615"],"confidence":{"state":"","who":["user:Shpendi"],"prob":1}}],"metas":{"m_4":{"value":true,"confidence":{}}},"annotatable":{"parts":["s1h1","s2h1","s2p1","s3h1","s3p1","s3f1p1","s3p2","s3f2p1","s3p3","s3p4","s3p5","s3p6","s4h1","s4s1h1","s4s1p1","s4s2h1","s4s2p1","s5f1p1","s5f2p1","s5f3p1","s5s1f1p1","s6h1","s6p1","s6p2","s6p3"]}}