{"anncomplete":true,"sources":[{"name":"ORIG","id":"9443879","url":"http://www.ncbi.nlm.nih.gov/pubmed/9443879"},{"name":"PMID","id":"9443879","url":"http://www.ncbi.nlm.nih.gov/pubmed/9443879"}],"entities":[{"classId":"e_1","part":"s1h1","offsets":[{"start":39,"text":"CSB"}],"confidence":{"state":"","who":["user:Shpendi"],"prob":1},"fields":{},"normalizations":{}},{"classId":"e_1","part":"s1h1","offsets":[{"start":44,"text":"ERCC6"}],"confidence":{"state":"","who":["user:Shpendi"],"prob":1},"fields":{},"normalizations":{}},{"classId":"e_1","part":"s2p1","offsets":[{"start":383,"text":"CSB"}],"confidence":{"state":"","who":["user:Shpendi"],"prob":1},"fields":{},"normalizations":{}},{"classId":"e_1","part":"s2p1","offsets":[{"start":973,"text":"CSB"}],"confidence":{"state":"","who":["user:Shpendi"],"prob":1},"fields":{},"normalizations":{}}],"relations":[],"metas":{},"annotatable":{"parts":["s1h1","s2h1","s2p1"]}}