{"anncomplete":true,"sources":[{"name":"ORIG","id":"9502794","url":"http://www.ncbi.nlm.nih.gov/pubmed/9502794"},{"name":"PMID","id":"9502794","url":"http://www.ncbi.nlm.nih.gov/pubmed/9502794"}],"entities":[{"classId":"e_3","part":"s1h1","offsets":[{"start":89,"text":"Drosophila"}],"confidence":{"state":"","who":["user:Shpendi"],"prob":1},"fields":{},"normalizations":{}},{"classId":"e_1","part":"s2p1","offsets":[{"start":4,"text":"Dmca1D"}],"confidence":{"state":"","who":["user:Shpendi"],"prob":1},"fields":{},"normalizations":{}},{"classId":"e_3","part":"s2p1","offsets":[{"start":26,"text":"Drosophila"}],"confidence":{"state":"","who":["user:Shpendi"],"prob":1},"fields":{},"normalizations":{}},{"classId":"e_2","part":"s2p1","offsets":[{"start":340,"text":"changes a highly conserved Cys to Tyr in transmembrane domain IS1"}],"confidence":{"state":"","who":["user:Shpendi"],"prob":1},"fields":{},"normalizations":{}},{"classId":"e_3","part":"s2p1","offsets":[{"start":471,"text":"Drosophila"}],"confidence":{"state":"","who":["user:Shpendi"],"prob":1},"fields":{},"normalizations":{}},{"classId":"e_2","part":"s2p1","offsets":[{"start":629,"text":"Amino acid substitutions at this Cys position in the cardiac alpha1 subunit"}],"confidence":{"state":"","who":["user:Shpendi"],"prob":1},"fields":{},"normalizations":{}}],"relations":[{"classId":"r_6","type":"linked","directed":false,"entities":["s2p1|4,10","s2p1|26,36"],"confidence":{"state":"","who":["user:Shpendi"],"prob":1}},{"classId":"r_5","type":"linked","directed":false,"entities":["s2p1|340,405","s2p1|4,10"],"confidence":{"state":"","who":["user:Shpendi"],"prob":1}},{"classId":"r_5","type":"linked","directed":false,"entities":["s2p1|629,704","s2p1|4,10"],"confidence":{"state":"","who":["user:Shpendi"],"prob":1}}],"metas":{},"annotatable":{"parts":["s1h1","s2h1","s2p1"]}}