{"anncomplete":false,"sources":[{"name":"ORIG","id":"8013629","url":"http://www.ncbi.nlm.nih.gov/pubmed/8013629"},{"name":"PMID","id":"8013629","url":"http://www.ncbi.nlm.nih.gov/pubmed/8013629"}],"entities":[{"classId":"e_3","part":"s1h1","offsets":[{"start":30,"text":"Arabidopsis thaliana"}],"confidence":{"state":"","who":["user:Ectelion"],"prob":1},"fields":{},"normalizations":{}},{"classId":"e_3","part":"s2p1","offsets":[{"start":106,"text":"Arabidopsis thaliana"}],"confidence":{"state":"","who":["user:Ectelion"],"prob":1},"fields":{},"normalizations":{}},{"classId":"e_2","part":"s2p1","offsets":[{"start":645,"text":"point mutation of Asn at position 72 for ARA-2, or 71 for ARA-4"}],"confidence":{"state":"","who":["user:Ectelion"],"prob":1},"fields":{},"normalizations":{}},{"classId":"e_2","part":"s2p1","offsets":[{"start":745,"text":"point mutation of Gln at position 126 for ARA-2, or 125 for ARA-4, to Leu"}],"confidence":{"state":"","who":["user:Ectelion"],"prob":1},"fields":{},"normalizations":{}}],"relations":[],"metas":{},"annotatable":{"parts":["s1h1","s2h1","s2p1"]}}