{"anncomplete":true,"sources":[{"name":"ORIG","id":"15338276","url":"http://www.ncbi.nlm.nih.gov/pubmed/15338276"},{"name":"PMID","id":"15338276","url":"http://www.ncbi.nlm.nih.gov/pubmed/15338276"}],"entities":[{"classId":"e_1","part":"s1h1","offsets":[{"start":55,"text":"gp91 phox"}],"confidence":{"state":"","who":["user:Ectelion"],"prob":1},"fields":{},"normalizations":{}},{"classId":"e_1","part":"s1h1","offsets":[{"start":97,"text":"cytochrome b558"}],"confidence":{"state":"","who":["user:Ectelion"],"prob":1},"fields":{},"normalizations":{}},{"classId":"e_1","part":"s2p1","offsets":[{"start":90,"text":"NADPH oxidase"}],"confidence":{"state":"","who":["user:Ectelion"],"prob":1},"fields":{},"normalizations":{}},{"classId":"e_1","part":"s2p1","offsets":[{"start":165,"text":"CYBB"}],"confidence":{"state":"","who":["user:Ectelion"],"prob":1},"fields":{},"normalizations":{}},{"classId":"e_1","part":"s2p1","offsets":[{"start":184,"text":"gp91 phox"}],"confidence":{"state":"","who":["user:Ectelion"],"prob":1},"fields":{},"normalizations":{}},{"classId":"e_1","part":"s2p1","offsets":[{"start":222,"text":"cytochrome b(558)"}],"confidence":{"state":"","who":["user:Ectelion"],"prob":1},"fields":{},"normalizations":{}},{"classId":"e_1","part":"s2p1","offsets":[{"start":271,"text":"NADPH oxidase"}],"confidence":{"state":"","who":["user:Ectelion"],"prob":1},"fields":{},"normalizations":{}},{"classId":"e_1","part":"s2p1","offsets":[{"start":318,"text":"gp91 phox"}],"confidence":{"state":"","who":["user:Ectelion"],"prob":1},"fields":{},"normalizations":{}},{"classId":"e_1","part":"s2p1","offsets":[{"start":357,"text":"NADPH oxidase"}],"confidence":{"state":"","who":["user:Ectelion"],"prob":1},"fields":{},"normalizations":{}},{"classId":"e_1","part":"s2p1","offsets":[{"start":507,"text":"gp91 phox"}],"confidence":{"state":"","who":["user:Ectelion"],"prob":1},"fields":{},"normalizations":{}},{"classId":"e_1","part":"s2p1","offsets":[{"start":686,"text":"CYBB"}],"confidence":{"state":"","who":["user:Ectelion"],"prob":1},"fields":{},"normalizations":{}},{"classId":"e_2","part":"s2p1","offsets":[{"start":701,"text":"His303Asn"}],"confidence":{"state":"","who":["user:Ectelion"],"prob":1},"fields":{},"normalizations":{}},{"classId":"e_2","part":"s2p1","offsets":[{"start":711,"text":"Pro304Arg"}],"confidence":{"state":"","who":["user:Ectelion"],"prob":1},"fields":{},"normalizations":{}},{"classId":"e_1","part":"s2p1","offsets":[{"start":721,"text":"gp91 phox"}],"confidence":{"state":"","who":["user:Ectelion"],"prob":1},"fields":{},"normalizations":{}},{"classId":"e_2","part":"s2p1","offsets":[{"start":832,"text":"His303Asn"}],"confidence":{"state":"","who":["user:Ectelion"],"prob":1},"fields":{},"normalizations":{}},{"classId":"e_2","part":"s2p1","offsets":[{"start":953,"text":"Pro304Arg"}],"confidence":{"state":"","who":["user:Ectelion"],"prob":1},"fields":{},"normalizations":{}},{"classId":"e_2","part":"s2p1","offsets":[{"start":1007,"text":"Pro304Arg"}],"confidence":{"state":"","who":["user:Ectelion"],"prob":1},"fields":{},"normalizations":{}},{"classId":"e_2","part":"s2p1","offsets":[{"start":1079,"text":"His303Asn"}],"confidence":{"state":"","who":["user:Ectelion"],"prob":1},"fields":{},"normalizations":{}},{"classId":"e_1","part":"s2p1","offsets":[{"start":1112,"text":"NADPH oxidase"}],"confidence":{"state":"","who":["user:Ectelion"],"prob":1},"fields":{},"normalizations":{}},{"classId":"e_1","part":"s2p1","offsets":[{"start":1205,"text":"p47 phox"}],"confidence":{"state":"","who":["user:Ectelion"],"prob":1},"fields":{},"normalizations":{}},{"classId":"e_1","part":"s2p1","offsets":[{"start":1218,"text":"p67 phox"}],"confidence":{"state":"","who":["user:Ectelion"],"prob":1},"fields":{},"normalizations":{}},{"classId":"e_2","part":"s2p1","offsets":[{"start":1282,"text":"His303Asn"}],"confidence":{"state":"","who":["user:Ectelion"],"prob":1},"fields":{},"normalizations":{}},{"classId":"e_1","part":"s2p1","offsets":[{"start":1300,"text":"NADPH oxidase"}],"confidence":{"state":"","who":["user:Ectelion"],"prob":1},"fields":{},"normalizations":{}},{"classId":"e_2","part":"s2p1","offsets":[{"start":1386,"text":"Pro304Arg"}],"confidence":{"state":"","who":["user:Ectelion"],"prob":1},"fields":{},"normalizations":{}},{"classId":"e_2","part":"s2p1","offsets":[{"start":1432,"text":"His303Asn"}],"confidence":{"state":"","who":["user:Ectelion"],"prob":1},"fields":{},"normalizations":{}},{"classId":"e_1","part":"s2p1","offsets":[{"start":1490,"text":"NADPH oxidase"}],"confidence":{"state":"","who":["user:Ectelion"],"prob":1},"fields":{},"normalizations":{}},{"classId":"e_2","part":"s2p1","offsets":[{"start":1535,"text":"Pro304Arg"}],"confidence":{"state":"","who":["user:Ectelion"],"prob":1},"fields":{},"normalizations":{}}],"relations":[{"classId":"r_5","type":"linked","directed":false,"entities":["s2p1|701,710","s2p1|721,730"],"confidence":{"state":"","who":["user:Ectelion"],"prob":1}},{"classId":"r_5","type":"linked","directed":false,"entities":["s2p1|701,710","s2p1|686,690"],"confidence":{"state":"","who":["user:Ectelion"],"prob":1}},{"classId":"r_5","type":"linked","directed":false,"entities":["s2p1|711,720","s2p1|721,730"],"confidence":{"state":"","who":["user:Ectelion"],"prob":1}},{"classId":"r_5","type":"linked","directed":false,"entities":["s2p1|711,720","s2p1|686,690"],"confidence":{"state":"","who":["user:Ectelion"],"prob":1}},{"classId":"r_5","type":"linked","directed":false,"entities":["s2p1|832,841","s2p1|721,730"],"confidence":{"state":"","who":["user:Ectelion"],"prob":1}},{"classId":"r_5","type":"linked","directed":false,"entities":["s2p1|953,962","s2p1|721,730"],"confidence":{"state":"","who":["user:Ectelion"],"prob":1}},{"classId":"r_5","type":"linked","directed":false,"entities":["s2p1|1007,1016","s2p1|721,730"],"confidence":{"state":"","who":["user:Ectelion"],"prob":1}},{"classId":"r_5","type":"linked","directed":false,"entities":["s2p1|1079,1088","s2p1|721,730"],"confidence":{"state":"","who":["user:Ectelion"],"prob":1}},{"classId":"r_5","type":"linked","directed":false,"entities":["s2p1|1205,1213","s2p1|1282,1291"],"confidence":{"state":"","who":["user:Ectelion"],"prob":1}},{"classId":"r_5","type":"linked","directed":false,"entities":["s2p1|1218,1226","s2p1|1282,1291"],"confidence":{"state":"","who":["user:Ectelion"],"prob":1}},{"classId":"r_5","type":"linked","directed":false,"entities":["s2p1|1386,1395","s2p1|1205,1213"],"confidence":{"state":"","who":["user:Ectelion"],"prob":1}},{"classId":"r_5","type":"linked","directed":false,"entities":["s2p1|1386,1395","s2p1|1218,1226"],"confidence":{"state":"","who":["user:Ectelion"],"prob":1}},{"classId":"r_5","type":"linked","directed":false,"entities":["s2p1|1432,1441","s2p1|1205,1213"],"confidence":{"state":"","who":["user:Ectelion"],"prob":1}},{"classId":"r_5","type":"linked","directed":false,"entities":["s2p1|1535,1544","s2p1|1218,1226"],"confidence":{"state":"","who":["user:Ectelion"],"prob":1}}],"metas":{},"annotatable":{"parts":["s1h1","s2h1","s2p1"]}}