{"anncomplete":true,"sources":[{"name":"ORIG","id":"9444387","url":"http://www.ncbi.nlm.nih.gov/pubmed/9444387"},{"name":"PMID","id":"9444387","url":"http://www.ncbi.nlm.nih.gov/pubmed/9444387"}],"entities":[{"classId":"e_1","part":"s1h1","offsets":[{"start":75,"text":"type VII collagen"}],"confidence":{"state":"","who":["user:Ectelion"],"prob":1},"fields":{},"normalizations":{}},{"classId":"e_1","part":"s2p1","offsets":[{"start":202,"text":"type VII collagen"}],"confidence":{"state":"","who":["user:Ectelion"],"prob":1},"fields":{},"normalizations":{}},{"classId":"e_1","part":"s2p1","offsets":[{"start":221,"text":"COL7A1"}],"confidence":{"state":"","who":["user:Ectelion"],"prob":1},"fields":{},"normalizations":{}},{"classId":"e_1","part":"s2p1","offsets":[{"start":393,"text":"COL7A1"}],"confidence":{"state":"","who":["user:Ectelion"],"prob":1},"fields":{},"normalizations":{}},{"classId":"e_2","part":"s2p1","offsets":[{"start":620,"text":"A-to-G transition in the 5' donor splice site of exon 3"}],"confidence":{"state":"","who":["user:Ectelion"],"prob":1},"fields":{},"normalizations":{}},{"classId":"e_2","part":"s2p1","offsets":[{"start":833,"text":"G1652R"}],"confidence":{"state":"","who":["user:Ectelion"],"prob":1},"fields":{},"normalizations":{}}],"relations":[{"classId":"r_5","type":"linked","directed":false,"entities":["s2p1|620,675","s2p1|393,399"],"confidence":{"state":"","who":["user:Ectelion"],"prob":1}},{"classId":"r_5","type":"linked","directed":false,"entities":["s2p1|620,675","s2p1|202,219"],"confidence":{"state":"","who":["user:Ectelion"],"prob":1}},{"classId":"r_5","type":"linked","directed":false,"entities":["s2p1|620,675","s2p1|221,227"],"confidence":{"state":"","who":["user:Ectelion"],"prob":1}},{"classId":"r_5","type":"linked","directed":false,"entities":["s2p1|833,839","s2p1|393,399"],"confidence":{"state":"","who":["user:Ectelion"],"prob":1}},{"classId":"r_5","type":"linked","directed":false,"entities":["s2p1|833,839","s2p1|221,227"],"confidence":{"state":"","who":["user:Ectelion"],"prob":1}},{"classId":"r_5","type":"linked","directed":false,"entities":["s2p1|833,839","s2p1|202,219"],"confidence":{"state":"","who":["user:Ectelion"],"prob":1}}],"metas":{},"annotatable":{"parts":["s1h1","s2h1","s2p1"]}}