{"anncomplete":true,"sources":[{"name":"ORIG","id":"PMC2977978","url":"http://www.ncbi.nlm.nih.gov/pmc/articles/PMC2977978/"},{"name":"PMID","id":"20818383","url":"http://www.ncbi.nlm.nih.gov/pubmed/20818383"}],"entities":[{"classId":"e_1","part":"s1h1","offsets":[{"start":59,"text":"NUBPL"}],"confidence":{"state":"","who":["user:Ectelion"],"prob":1},"fields":{},"normalizations":{}},{"classId":"e_1","part":"s1h1","offsets":[{"start":69,"text":"FOXRED1"}],"confidence":{"state":"","who":["user:Ectelion"],"prob":1},"fields":{},"normalizations":{}},{"classId":"e_3","part":"s1h1","offsets":[{"start":80,"text":"human"}],"confidence":{"state":"","who":["user:Ectelion"],"prob":1},"fields":{},"normalizations":{}},{"classId":"e_1","part":"s2p1","offsets":[{"start":670,"text":"NUBPL"}],"confidence":{"state":"","who":["user:Ectelion"],"prob":1},"fields":{},"normalizations":{}},{"classId":"e_1","part":"s2p1","offsets":[{"start":680,"text":"FOXRED1"}],"confidence":{"state":"","who":["user:Ectelion"],"prob":1},"fields":{},"normalizations":{}},{"classId":"e_1","part":"s3s3p2","offsets":[{"start":286,"text":"NUBPL"}],"confidence":{"state":"","who":["user:Ectelion"],"prob":1},"fields":{},"normalizations":{}},{"classId":"e_1","part":"s3s3p2","offsets":[{"start":293,"text":"FOXRED1"}],"confidence":{"state":"","who":["user:Ectelion"],"prob":1},"fields":{},"normalizations":{}},{"classId":"e_1","part":"s3s4p1","offsets":[{"start":110,"text":"ND3"}],"confidence":{"state":"","who":["user:Ectelion"],"prob":1},"fields":{},"normalizations":{}},{"classId":"e_1","part":"s3s4p1","offsets":[{"start":117,"text":"ND5"}],"confidence":{"state":"","who":["user:Ectelion"],"prob":1},"fields":{},"normalizations":{}},{"classId":"e_1","part":"s3s4p1","offsets":[{"start":128,"text":"MT-TW"}],"confidence":{"state":"","who":["user:Ectelion"],"prob":1},"fields":{},"normalizations":{}},{"classId":"e_1","part":"s3s4p1","offsets":[{"start":226,"text":"NDUFS4"}],"confidence":{"state":"","who":["user:Ectelion"],"prob":1},"fields":{},"normalizations":{}},{"classId":"e_1","part":"s3s4p1","offsets":[{"start":242,"text":"NDUFAF2"}],"confidence":{"state":"","who":["user:Ectelion"],"prob":1},"fields":{},"normalizations":{}},{"classId":"e_1","part":"s3s4p1","offsets":[{"start":253,"text":"NDUFV1"}],"confidence":{"state":"","who":["user:Ectelion"],"prob":1},"fields":{},"normalizations":{}},{"classId":"e_1","part":"s3s4p1","offsets":[{"start":267,"text":"NDUFS8"}],"confidence":{"state":"","who":["user:Ectelion"],"prob":1},"fields":{},"normalizations":{}},{"classId":"e_1","part":"s3s4p2","offsets":[{"start":52,"text":"NDUFS4"}],"confidence":{"state":"","who":["user:Ectelion"],"prob":1},"fields":{},"normalizations":{}},{"classId":"e_2","part":"s3s4p2","offsets":[{"start":218,"text":"c.462delA"}],"confidence":{"state":"","who":["user:Ectelion"],"prob":1},"fields":{},"normalizations":{}},{"classId":"e_2","part":"s3s4p2","offsets":[{"start":229,"text":"p.K154NfsX34"}],"confidence":{"state":"","who":["user:Ectelion"],"prob":1},"fields":{},"normalizations":{}},{"classId":"e_2","part":"s3s4p2","offsets":[{"start":249,"text":"c.99-1G>A"}],"confidence":{"state":"","who":["user:Ectelion"],"prob":1},"fields":{},"normalizations":{}},{"classId":"e_2","part":"s3s4p2","offsets":[{"start":260,"text":"p.S34IfsX4"}],"confidence":{"state":"","who":["user:Ectelion"],"prob":1},"fields":{},"normalizations":{}},{"classId":"e_2","part":"s3s4p2","offsets":[{"start":342,"text":"c.99-1G>A"}],"confidence":{"state":"","who":["user:Ectelion"],"prob":1},"fields":{},"normalizations":{}},{"classId":"e_2","part":"s3s4p2","offsets":[{"start":382,"text":"c.351-2A>G"}],"confidence":{"state":"","who":["user:Ectelion"],"prob":1},"fields":{},"normalizations":{}},{"classId":"e_2","part":"s3s4p2","offsets":[{"start":500,"text":"c.99-1G>A"}],"confidence":{"state":"","who":["user:Ectelion"],"prob":1},"fields":{},"normalizations":{}},{"classId":"e_2","part":"s3s4p2","offsets":[{"start":514,"text":"c.351-2A>G"}],"confidence":{"state":"","who":["user:Ectelion"],"prob":1},"fields":{},"normalizations":{}},{"classId":"e_1","part":"s3s4p2","offsets":[{"start":541,"text":"NDUFS4"}],"confidence":{"state":"","who":["user:Ectelion"],"prob":1},"fields":{},"normalizations":{}},{"classId":"e_2","part":"s3s4p2","offsets":[{"start":575,"text":"c.351-2A>G"}],"confidence":{"state":"","who":["user:Ectelion"],"prob":1},"fields":{},"normalizations":{}},{"classId":"e_1","part":"s3s4p2","offsets":[{"start":821,"text":"NDUFS4"}],"confidence":{"state":"","who":["user:Ectelion"],"prob":1},"fields":{},"normalizations":{}},{"classId":"e_2","part":"s3s4p2","offsets":[{"start":870,"text":"c.99-1G>A"}],"confidence":{"state":"","who":["user:Ectelion"],"prob":1},"fields":{},"normalizations":{}},{"classId":"e_2","part":"s3s4p2","offsets":[{"start":912,"text":"c.462delA"}],"confidence":{"state":"","who":["user:Ectelion"],"prob":1},"fields":{},"normalizations":{}},{"classId":"e_1","part":"s3s4p2","offsets":[{"start":961,"text":"NDUFS4"}],"confidence":{"state":"","who":["user:Ectelion"],"prob":1},"fields":{},"normalizations":{}},{"classId":"e_1","part":"s3s4p3","offsets":[{"start":49,"text":"NDUFAF2"}],"confidence":{"state":"","who":["user:Ectelion"],"prob":1},"fields":{},"normalizations":{}},{"classId":"e_2","part":"s3s4p3","offsets":[{"start":192,"text":"c.221G>A"}],"confidence":{"state":"","who":["user:Ectelion"],"prob":1},"fields":{},"normalizations":{}},{"classId":"e_2","part":"s3s4p3","offsets":[{"start":211,"text":"p.W74X"}],"confidence":{"state":"","who":["user:Ectelion"],"prob":1},"fields":{},"normalizations":{}},{"classId":"e_2","part":"s3s4p3","offsets":[{"start":350,"text":"c.103delA"}],"confidence":{"state":"","who":["user:Ectelion"],"prob":1},"fields":{},"normalizations":{}},{"classId":"e_2","part":"s3s4p3","offsets":[{"start":370,"text":"p.I35SfsX17"}],"confidence":{"state":"","who":["user:Ectelion"],"prob":1},"fields":{},"normalizations":{}},{"classId":"e_1","part":"s3s4p3","offsets":[{"start":444,"text":"NDUFAF2"}],"confidence":{"state":"","who":["user:Ectelion"],"prob":1},"fields":{},"normalizations":{}},{"classId":"e_2","part":"s3s4p3","offsets":[{"start":522,"text":"c.221G>A"}],"confidence":{"state":"","who":["user:Ectelion"],"prob":1},"fields":{},"normalizations":{}},{"classId":"e_2","part":"s3s4p3","offsets":[{"start":687,"text":"p.A73GfsX5"}],"confidence":{"state":"","who":["user:Ectelion"],"prob":1},"fields":{},"normalizations":{}},{"classId":"e_1","part":"s3s4p3","offsets":[{"start":741,"text":"NDUFAF2"}],"confidence":{"state":"","who":["user:Ectelion"],"prob":1},"fields":{},"normalizations":{}},{"classId":"e_1","part":"s3s4p4","offsets":[{"start":19,"text":"NDUFV1"}],"confidence":{"state":"","who":["user:Ectelion"],"prob":1},"fields":{},"normalizations":{}},{"classId":"e_2","part":"s3s4p4","offsets":[{"start":36,"text":"c.1129G>A"}],"confidence":{"state":"","who":["user:Ectelion"],"prob":1},"fields":{},"normalizations":{}},{"classId":"e_2","part":"s3s4p4","offsets":[{"start":47,"text":"p.E377K"}],"confidence":{"state":"","who":["user:Ectelion"],"prob":1},"fields":{},"normalizations":{}},{"classId":"e_1","part":"s3s4p5","offsets":[{"start":33,"text":"NDUFS8"}],"confidence":{"state":"","who":["user:Ectelion"],"prob":1},"fields":{},"normalizations":{}},{"classId":"e_2","part":"s3s4p5","offsets":[{"start":50,"text":"c.460G>A"}],"confidence":{"state":"","who":["user:Ectelion"],"prob":1},"fields":{},"normalizations":{}},{"classId":"e_2","part":"s3s4p5","offsets":[{"start":60,"text":"p.G154S"}],"confidence":{"state":"","who":["user:Ectelion"],"prob":1},"fields":{},"normalizations":{}},{"classId":"e_1","part":"s3s4p5","offsets":[{"start":279,"text":"Fer4"}],"confidence":{"state":"","who":["user:Ectelion"],"prob":1},"fields":{},"normalizations":{}},{"classId":"e_1","part":"s3s5h1","offsets":[{"start":38,"text":"NUBPL"}],"confidence":{"state":"","who":["user:Ectelion"],"prob":1},"fields":{},"normalizations":{}},{"classId":"e_1","part":"s3s5h1","offsets":[{"start":48,"text":"FOXRED1"}],"confidence":{"state":"","who":["user:Ectelion"],"prob":1},"fields":{},"normalizations":{}},{"classId":"e_1","part":"s3s5p1","offsets":[{"start":121,"text":"NUBPL"}],"confidence":{"state":"","who":["user:Ectelion"],"prob":1},"fields":{},"normalizations":{}},{"classId":"e_1","part":"s3s5p1","offsets":[{"start":131,"text":"FOXRED1"}],"confidence":{"state":"","who":["user:Ectelion"],"prob":1},"fields":{},"normalizations":{}},{"classId":"e_1","part":"s3s5p2","offsets":[{"start":108,"text":"NUBPL"}],"confidence":{"state":"","who":["user:Ectelion"],"prob":1},"fields":{},"normalizations":{}},{"classId":"e_2","part":"s3s5p2","offsets":[{"start":114,"text":"c.166G>A"}],"confidence":{"state":"","who":["user:Ectelion"],"prob":1},"fields":{},"normalizations":{}},{"classId":"e_2","part":"s3s5p2","offsets":[{"start":371,"text":"p.G56R"}],"confidence":{"state":"","who":["user:Ectelion"],"prob":1},"fields":{},"normalizations":{}},{"classId":"e_1","part":"s3s5p2","offsets":[{"start":904,"text":"NUBPL"}],"confidence":{"state":"","who":["user:Ectelion"],"prob":1},"fields":{},"normalizations":{}},{"classId":"e_1","part":"s3s5p2","offsets":[{"start":955,"text":"NUBPL"}],"confidence":{"state":"","who":["user:Ectelion"],"prob":1},"fields":{},"normalizations":{}},{"classId":"e_1","part":"s3s5p2","offsets":[{"start":1013,"text":"NUBPL"}],"confidence":{"state":"","who":["user:Ectelion"],"prob":1},"fields":{},"normalizations":{}},{"classId":"e_2","part":"s3s5p2","offsets":[{"start":1300,"text":"c.166G>A"}],"confidence":{"state":"","who":["user:Ectelion"],"prob":1},"fields":{},"normalizations":{}},{"classId":"e_2","part":"s3s5p2","offsets":[{"start":1602,"text":"c.815-27T>C"}],"confidence":{"state":"","who":["user:Ectelion"],"prob":1},"fields":{},"normalizations":{}},{"classId":"e_1","part":"s3s5p2","offsets":[{"start":1785,"text":"NUBPL"}],"confidence":{"state":"","who":["user:Ectelion"],"prob":1},"fields":{},"normalizations":{}},{"classId":"e_2","part":"s3s5p2","offsets":[{"start":1878,"text":"p.G56R"}],"confidence":{"state":"","who":["user:Ectelion"],"prob":1},"fields":{},"normalizations":{}},{"classId":"e_2","part":"s3s5p2","offsets":[{"start":1909,"text":"c.815-27T>C"}],"confidence":{"state":"","who":["user:Ectelion"],"prob":1},"fields":{},"normalizations":{}},{"classId":"e_1","part":"s3s5p3","offsets":[{"start":477,"text":"NUBPL"}],"confidence":{"state":"","who":["user:Ectelion"],"prob":1},"fields":{},"normalizations":{}},{"classId":"e_1","part":"s3s5p3","offsets":[{"start":523,"text":"NUBPL"}],"confidence":{"state":"","who":["user:Ectelion"],"prob":1},"fields":{},"normalizations":{}},{"classId":"e_1","part":"s3s5p3","offsets":[{"start":624,"text":"FOXRED1"}],"confidence":{"state":"","who":["user:Ectelion"],"prob":1},"fields":{},"normalizations":{}},{"classId":"e_1","part":"s3s5p3","offsets":[{"start":668,"text":"NUBPL"}],"confidence":{"state":"","who":["user:Ectelion"],"prob":1},"fields":{},"normalizations":{}},{"classId":"e_1","part":"s3s5p4","offsets":[{"start":29,"text":"NUBPL"}],"confidence":{"state":"","who":["user:Ectelion"],"prob":1},"fields":{},"normalizations":{}},{"classId":"e_2","part":"s3s5p4","offsets":[{"start":189,"text":"c.815-27T>C"}],"confidence":{"state":"","who":["user:Ectelion"],"prob":1},"fields":{},"normalizations":{}},{"classId":"e_1","part":"s3s5p4","offsets":[{"start":309,"text":"NUBPL"}],"confidence":{"state":"","who":["user:Ectelion"],"prob":1},"fields":{},"normalizations":{}},{"classId":"e_1","part":"s3s5p4","offsets":[{"start":330,"text":"NUBPL"}],"confidence":{"state":"","who":["user:Ectelion"],"prob":1},"fields":{},"normalizations":{}},{"classId":"e_2","part":"s3s5p4","offsets":[{"start":462,"text":"p.G56R"}],"confidence":{"state":"","who":["user:Ectelion"],"prob":1},"fields":{},"normalizations":{}},{"classId":"e_1","part":"s3s5p4","offsets":[{"start":499,"text":"NUBPL"}],"confidence":{"state":"","who":["user:Ectelion"],"prob":1},"fields":{},"normalizations":{}},{"classId":"e_1","part":"s3s5p5","offsets":[{"start":106,"text":"FOXRED1"}],"confidence":{"state":"","who":["user:Ectelion"],"prob":1},"fields":{},"normalizations":{}},{"classId":"e_2","part":"s3s5p5","offsets":[{"start":115,"text":"c.694C>T"}],"confidence":{"state":"","who":["user:Ectelion"],"prob":1},"fields":{},"normalizations":{}},{"classId":"e_2","part":"s3s5p5","offsets":[{"start":125,"text":"p.Q232X"}],"confidence":{"state":"","who":["user:Ectelion"],"prob":1},"fields":{},"normalizations":{}},{"classId":"e_2","part":"s3s5p5","offsets":[{"start":138,"text":"c.1289A>G"}],"confidence":{"state":"","who":["user:Ectelion"],"prob":1},"fields":{},"normalizations":{}},{"classId":"e_2","part":"s3s5p5","offsets":[{"start":149,"text":"p.N430S"}],"confidence":{"state":"","who":["user:Ectelion"],"prob":1},"fields":{},"normalizations":{}},{"classId":"e_2","part":"s3s5p5","offsets":[{"start":186,"text":"c.694C>T"}],"confidence":{"state":"","who":["user:Ectelion"],"prob":1},"fields":{},"normalizations":{}},{"classId":"e_2","part":"s3s5p5","offsets":[{"start":333,"text":"c.1289A>G"}],"confidence":{"state":"","who":["user:Ectelion"],"prob":1},"fields":{},"normalizations":{}},{"classId":"e_1","part":"s3s5p5","offsets":[{"start":439,"text":"FOXRED1"}],"confidence":{"state":"","who":["user:Ectelion"],"prob":1},"fields":{},"normalizations":{}},{"classId":"e_2","part":"s3s5p5","offsets":[{"start":735,"text":"c.694C>T"}],"confidence":{"state":"","who":["user:Ectelion"],"prob":1},"fields":{},"normalizations":{}},{"classId":"e_2","part":"s3s5p5","offsets":[{"start":745,"text":"p.Q232X"}],"confidence":{"state":"","who":["user:Ectelion"],"prob":1},"fields":{},"normalizations":{}},{"classId":"e_2","part":"s3s5p5","offsets":[{"start":809,"text":"c.1289A>G"}],"confidence":{"state":"","who":["user:Ectelion"],"prob":1},"fields":{},"normalizations":{}},{"classId":"e_2","part":"s3s5p5","offsets":[{"start":924,"text":"c.1289A>G"}],"confidence":{"state":"","who":["user:Ectelion"],"prob":1},"fields":{},"normalizations":{}},{"classId":"e_2","part":"s3s5p5","offsets":[{"start":1083,"text":"p.N430S"}],"confidence":{"state":"","who":["user:Ectelion"],"prob":1},"fields":{},"normalizations":{}},{"classId":"e_2","part":"s3s5p5","offsets":[{"start":1248,"text":"c.694C>T"}],"confidence":{"state":"","who":["user:Ectelion"],"prob":1},"fields":{},"normalizations":{}},{"classId":"e_1","part":"s3s5p6","offsets":[{"start":97,"text":"FOXRED1"}],"confidence":{"state":"","who":["user:Ectelion"],"prob":1},"fields":{},"normalizations":{}},{"classId":"e_1","part":"s3s5p6","offsets":[{"start":441,"text":"FOXRED1"}],"confidence":{"state":"","who":["user:Ectelion"],"prob":1},"fields":{},"normalizations":{}},{"classId":"e_1","part":"s3s5p7","offsets":[{"start":68,"text":"NUBPL"}],"confidence":{"state":"","who":["user:Ectelion"],"prob":1},"fields":{},"normalizations":{}},{"classId":"e_1","part":"s3s5p7","offsets":[{"start":78,"text":"FOXRED1"}],"confidence":{"state":"","who":["user:Ectelion"],"prob":1},"fields":{},"normalizations":{}},{"classId":"e_1","part":"s3s6p1","offsets":[{"start":654,"text":"NUBPL"}],"confidence":{"state":"","who":["user:Ectelion"],"prob":1},"fields":{},"normalizations":{}},{"classId":"e_1","part":"s3s6p1","offsets":[{"start":790,"text":"POLG"}],"confidence":{"state":"","who":["user:Ectelion"],"prob":1},"fields":{},"normalizations":{}},{"classId":"e_1","part":"s3s6p1","offsets":[{"start":799,"text":"C10orf2"}],"confidence":{"state":"","who":["user:Ectelion"],"prob":1},"fields":{},"normalizations":{}},{"classId":"e_1","part":"s3s6p1","offsets":[{"start":816,"text":"TAZ"}],"confidence":{"state":"","who":["user:Ectelion"],"prob":1},"fields":{},"normalizations":{}},{"classId":"e_1","part":"s3s6p1","offsets":[{"start":989,"text":"FOXRED1"}],"confidence":{"state":"","who":["user:Ectelion"],"prob":1},"fields":{},"normalizations":{}},{"classId":"e_3","part":"s4p1","offsets":[{"start":172,"text":"human"}],"confidence":{"state":"","who":["user:Ectelion"],"prob":1},"fields":{},"normalizations":{}},{"classId":"e_1","part":"s4p3","offsets":[{"start":64,"text":"NUBPL"}],"confidence":{"state":"","who":["user:Ectelion"],"prob":1},"fields":{},"normalizations":{}},{"classId":"e_1","part":"s4p3","offsets":[{"start":74,"text":"FOXRED1"}],"confidence":{"state":"","who":["user:Ectelion"],"prob":1},"fields":{},"normalizations":{}},{"classId":"e_1","part":"s4p3","offsets":[{"start":83,"text":"NUBPL"}],"confidence":{"state":"","who":["user:Ectelion"],"prob":1},"fields":{},"normalizations":{}},{"classId":"e_1","part":"s4p3","offsets":[{"start":90,"text":"nucleotide binding protein-like"}],"confidence":{"state":"","who":["user:Ectelion"],"prob":1},"fields":{},"normalizations":{}},{"classId":"e_1","part":"s4p3","offsets":[{"start":138,"text":"IND1"}],"confidence":{"state":"","who":["user:Ectelion"],"prob":1},"fields":{},"normalizations":{}},{"classId":"e_3","part":"s4p3","offsets":[{"start":225,"text":"yeast"}],"confidence":{"state":"","who":["user:Ectelion"],"prob":1},"fields":{},"normalizations":{}},{"classId":"e_3","part":"s4p3","offsets":[{"start":246,"text":"human"}],"confidence":{"state":"","who":["user:Ectelion"],"prob":1},"fields":{},"normalizations":{}},{"classId":"e_1","part":"s4p3","offsets":[{"start":252,"text":"NUBPL"}],"confidence":{"state":"","who":["user:Ectelion"],"prob":1},"fields":{},"normalizations":{}},{"classId":"e_1","part":"s4p3","offsets":[{"start":489,"text":"NUBPL"}],"confidence":{"state":"","who":["user:Ectelion"],"prob":1},"fields":{},"normalizations":{}},{"classId":"e_1","part":"s4p4","offsets":[{"start":0,"text":"NUBPL"}],"confidence":{"state":"","who":["user:Ectelion"],"prob":1},"fields":{},"normalizations":{}},{"classId":"e_2","part":"s4p4","offsets":[{"start":6,"text":"p.G56R"}],"confidence":{"state":"","who":["user:Ectelion"],"prob":1},"fields":{},"normalizations":{}},{"classId":"e_2","part":"s4p4","offsets":[{"start":234,"text":"p.G56R"}],"confidence":{"state":"","who":["user:Ectelion"],"prob":1},"fields":{},"normalizations":{}},{"classId":"e_1","part":"s4p4","offsets":[{"start":447,"text":"NUBPL"}],"confidence":{"state":"","who":["user:Ectelion"],"prob":1},"fields":{},"normalizations":{}},{"classId":"e_1","part":"s4p4","offsets":[{"start":730,"text":"NUBPL"}],"confidence":{"state":"","who":["user:Ectelion"],"prob":1},"fields":{},"normalizations":{}},{"classId":"e_1","part":"s4p4","offsets":[{"start":777,"text":"NUBPL"}],"confidence":{"state":"","who":["user:Ectelion"],"prob":1},"fields":{},"normalizations":{}},{"classId":"e_1","part":"s4p5","offsets":[{"start":43,"text":"FOXRED1"}],"confidence":{"state":"","who":["user:Ectelion"],"prob":1},"fields":{},"normalizations":{}},{"classId":"e_1","part":"s4p5","offsets":[{"start":313,"text":"FOXRED1"}],"confidence":{"state":"","who":["user:Ectelion"],"prob":1},"fields":{},"normalizations":{}},{"classId":"e_1","part":"s4p5","offsets":[{"start":715,"text":"FOXRED1"}],"confidence":{"state":"","who":["user:Ectelion"],"prob":1},"fields":{},"normalizations":{}},{"classId":"e_2","part":"s4p5","offsets":[{"start":736,"text":"p.Q232X"}],"confidence":{"state":"","who":["user:Ectelion"],"prob":1},"fields":{},"normalizations":{}},{"classId":"e_2","part":"s4p5","offsets":[{"start":768,"text":"p.N430S"}],"confidence":{"state":"","who":["user:Ectelion"],"prob":1},"fields":{},"normalizations":{}},{"classId":"e_1","part":"s4p5","offsets":[{"start":829,"text":"NUBPL"}],"confidence":{"state":"","who":["user:Ectelion"],"prob":1},"fields":{},"normalizations":{}},{"classId":"e_1","part":"s4p5","offsets":[{"start":866,"text":"FOXRED1"}],"confidence":{"state":"","who":["user:Ectelion"],"prob":1},"fields":{},"normalizations":{}},{"classId":"e_1","part":"s4p5","offsets":[{"start":934,"text":"FOXRED1"}],"confidence":{"state":"","who":["user:Ectelion"],"prob":1},"fields":{},"normalizations":{}},{"classId":"e_3","part":"s4p5","offsets":[{"start":972,"text":"human"}],"confidence":{"state":"","who":["user:Ectelion"],"prob":1},"fields":{},"normalizations":{}},{"classId":"e_1","part":"s4p5","offsets":[{"start":988,"text":"DMGDH"}],"confidence":{"state":"","who":["user:Ectelion"],"prob":1},"fields":{},"normalizations":{}},{"classId":"e_1","part":"s4p5","offsets":[{"start":995,"text":"SARDH"}],"confidence":{"state":"","who":["user:Ectelion"],"prob":1},"fields":{},"normalizations":{}},{"classId":"e_1","part":"s4p5","offsets":[{"start":1002,"text":"PIPOX"}],"confidence":{"state":"","who":["user:Ectelion"],"prob":1},"fields":{},"normalizations":{}},{"classId":"e_1","part":"s4p5","offsets":[{"start":1009,"text":"PDPR"}],"confidence":{"state":"","who":["user:Ectelion"],"prob":1},"fields":{},"normalizations":{}},{"classId":"e_1","part":"s5s7p1","offsets":[{"start":4,"text":"FOXRED1"}],"confidence":{"state":"","who":["user:Ectelion"],"prob":1},"fields":{},"normalizations":{}},{"classId":"e_2","part":"s5s7p1","offsets":[{"start":302,"text":"change codon 343 from CCA (proline) (dbSNP rs17855445) to the hg18 reference codon GCA (alanine)"}],"confidence":{"state":"","who":["user:Ectelion"],"prob":1},"fields":{},"normalizations":{}},{"classId":"e_1","part":"s5s7p1","offsets":[{"start":571,"text":"FOXRED1"}],"confidence":{"state":"","who":["user:Ectelion"],"prob":1},"fields":{},"normalizations":{}},{"classId":"e_1","part":"s5s7p1","offsets":[{"start":608,"text":"NUBPL"}],"confidence":{"state":"","who":["user:Ectelion"],"prob":1},"fields":{},"normalizations":{}},{"classId":"e_1","part":"s5s7p1","offsets":[{"start":785,"text":"NUBPL"}],"confidence":{"state":"","who":["user:Ectelion"],"prob":1},"fields":{},"normalizations":{}},{"classId":"e_1","part":"s5s8p1","offsets":[{"start":162,"text":"NUBPL"}],"confidence":{"state":"","who":["user:Ectelion"],"prob":1},"fields":{},"normalizations":{}},{"classId":"e_1","part":"s5s8p1","offsets":[{"start":180,"text":"FOXRED1"}],"confidence":{"state":"","who":["user:Ectelion"],"prob":1},"fields":{},"normalizations":{}},{"classId":"e_1","part":"s5s8p2","offsets":[{"start":96,"text":"NUBPL"}],"confidence":{"state":"","who":["user:Ectelion"],"prob":1},"fields":{},"normalizations":{}},{"classId":"e_1","part":"s5s8p2","offsets":[{"start":115,"text":"FOXRED1"}],"confidence":{"state":"","who":["user:Ectelion"],"prob":1},"fields":{},"normalizations":{}},{"classId":"e_3","part":"s5s12p1","offsets":[{"start":580,"text":"mouse"}],"confidence":{"state":"","who":["user:Ectelion"],"prob":1},"fields":{},"normalizations":{}},{"classId":"e_3","part":"s5s12p1","offsets":[{"start":589,"text":"rabbit"}],"confidence":{"state":"","who":["user:Ectelion"],"prob":1},"fields":{},"normalizations":{}},{"classId":"e_1","part":"s5s13h1","offsets":[{"start":13,"text":"FOXRED1"}],"confidence":{"state":"","who":["user:Ectelion"],"prob":1},"fields":{},"normalizations":{}},{"classId":"e_2","part":"s5s13h1","offsets":[{"start":21,"text":"c.1289A>G"}],"confidence":{"state":"","who":["user:Ectelion"],"prob":1},"fields":{},"normalizations":{}},{"classId":"e_1","part":"s5s13h1","offsets":[{"start":35,"text":"NUBPL"}],"confidence":{"state":"","who":["user:Ectelion"],"prob":1},"fields":{},"normalizations":{}},{"classId":"e_2","part":"s5s13h1","offsets":[{"start":41,"text":"c.815-27T>C"}],"confidence":{"state":"","who":["user:Ectelion"],"prob":1},"fields":{},"normalizations":{}},{"classId":"e_1","part":"s5s13p1","offsets":[{"start":11,"text":"FOXRED1"}],"confidence":{"state":"","who":["user:Ectelion"],"prob":1},"fields":{},"normalizations":{}},{"classId":"e_1","part":"s5s13p1","offsets":[{"start":33,"text":"NUBPL"}],"confidence":{"state":"","who":["user:Ectelion"],"prob":1},"fields":{},"normalizations":{}},{"classId":"e_1","part":"s5s14p1","offsets":[{"start":20,"text":"NDUFS4"}],"confidence":{"state":"","who":["user:Ectelion"],"prob":1},"fields":{},"normalizations":{}},{"classId":"e_1","part":"s5s14p1","offsets":[{"start":60,"text":"Porin"}],"confidence":{"state":"","who":["user:Ectelion"],"prob":1},"fields":{},"normalizations":{}},{"classId":"e_1","part":"s5s14p1","offsets":[{"start":165,"text":"NDUFAF2"}],"confidence":{"state":"","who":["user:Ectelion"],"prob":1},"fields":{},"normalizations":{}}],"relations":[{"classId":"r_6","type":"linked","directed":false,"entities":["s1h1|80,85","s1h1|69,76"],"confidence":{"state":"","who":["user:Ectelion"],"prob":1}},{"classId":"r_6","type":"linked","directed":false,"entities":["s1h1|80,85","s1h1|59,64"],"confidence":{"state":"","who":["user:Ectelion"],"prob":1}},{"classId":"r_5","type":"linked","directed":false,"entities":["s3s4p2|52,58","s3s4p2|218,227"],"confidence":{"state":"","who":["user:Ectelion"],"prob":1}},{"classId":"r_5","type":"linked","directed":false,"entities":["s3s4p2|52,58","s3s4p2|229,241"],"confidence":{"state":"","who":["user:Ectelion"],"prob":1}},{"classId":"r_5","type":"linked","directed":false,"entities":["s3s4p2|52,58","s3s4p2|249,258"],"confidence":{"state":"","who":["user:Ectelion"],"prob":1}},{"classId":"r_5","type":"linked","directed":false,"entities":["s3s4p2|52,58","s3s4p2|260,270"],"confidence":{"state":"","who":["user:Ectelion"],"prob":1}},{"classId":"r_5","type":"linked","directed":false,"entities":["s3s4p2|52,58","s3s4p2|342,351"],"confidence":{"state":"","who":["user:Ectelion"],"prob":1}},{"classId":"r_5","type":"linked","directed":false,"entities":["s3s4p2|52,58","s3s4p2|382,392"],"confidence":{"state":"","who":["user:Ectelion"],"prob":1}},{"classId":"r_5","type":"linked","directed":false,"entities":["s3s4p2|52,58","s3s4p2|500,509"],"confidence":{"state":"","who":["user:Ectelion"],"prob":1}},{"classId":"r_5","type":"linked","directed":false,"entities":["s3s4p2|52,58","s3s4p2|514,524"],"confidence":{"state":"","who":["user:Ectelion"],"prob":1}},{"classId":"r_5","type":"linked","directed":false,"entities":["s3s4p2|541,547","s3s4p2|575,585"],"confidence":{"state":"","who":["user:Ectelion"],"prob":1}},{"classId":"r_5","type":"linked","directed":false,"entities":["s3s4p2|541,547","s3s4p2|514,524"],"confidence":{"state":"","who":["user:Ectelion"],"prob":1}},{"classId":"r_5","type":"linked","directed":false,"entities":["s3s4p2|821,827","s3s4p2|870,879"],"confidence":{"state":"","who":["user:Ectelion"],"prob":1}},{"classId":"r_5","type":"linked","directed":false,"entities":["s3s4p2|821,827","s3s4p2|912,921"],"confidence":{"state":"","who":["user:Ectelion"],"prob":1}},{"classId":"r_5","type":"linked","directed":false,"entities":["s3s4p2|961,967","s3s4p2|912,921"],"confidence":{"state":"","who":["user:Ectelion"],"prob":1}},{"classId":"r_5","type":"linked","directed":false,"entities":["s3s4p2|961,967","s3s4p2|870,879"],"confidence":{"state":"","who":["user:Ectelion"],"prob":1}},{"classId":"r_5","type":"linked","directed":false,"entities":["s3s4p3|49,56","s3s4p3|192,200"],"confidence":{"state":"","who":["user:Ectelion"],"prob":1}},{"classId":"r_5","type":"linked","directed":false,"entities":["s3s4p3|49,56","s3s4p3|211,217"],"confidence":{"state":"","who":["user:Ectelion"],"prob":1}},{"classId":"r_5","type":"linked","directed":false,"entities":["s3s4p3|49,56","s3s4p3|370,381"],"confidence":{"state":"","who":["user:Ectelion"],"prob":1}},{"classId":"r_5","type":"linked","directed":false,"entities":["s3s4p3|49,56","s3s4p3|350,359"],"confidence":{"state":"","who":["user:Ectelion"],"prob":1}},{"classId":"r_5","type":"linked","directed":false,"entities":["s3s4p3|444,451","s3s4p3|522,530"],"confidence":{"state":"","who":["user:Ectelion"],"prob":1}},{"classId":"r_5","type":"linked","directed":false,"entities":["s3s4p3|444,451","s3s4p3|687,697"],"confidence":{"state":"","who":["user:Ectelion"],"prob":1}},{"classId":"r_5","type":"linked","directed":false,"entities":["s3s4p3|741,748","s3s4p3|687,697"],"confidence":{"state":"","who":["user:Ectelion"],"prob":1}},{"classId":"r_5","type":"linked","directed":false,"entities":["s3s4p4|19,25","s3s4p4|36,45"],"confidence":{"state":"","who":["user:Ectelion"],"prob":1}},{"classId":"r_5","type":"linked","directed":false,"entities":["s3s4p4|19,25","s3s4p4|47,54"],"confidence":{"state":"","who":["user:Ectelion"],"prob":1}},{"classId":"r_5","type":"linked","directed":false,"entities":["s3s4p5|33,39","s3s4p5|50,58"],"confidence":{"state":"","who":["user:Ectelion"],"prob":1}},{"classId":"r_5","type":"linked","directed":false,"entities":["s3s4p5|33,39","s3s4p5|60,67"],"confidence":{"state":"","who":["user:Ectelion"],"prob":1}},{"classId":"r_5","type":"linked","directed":false,"entities":["s3s5p2|108,113","s3s5p2|114,122"],"confidence":{"state":"","who":["user:Ectelion"],"prob":1}},{"classId":"r_5","type":"linked","directed":false,"entities":["s3s5p2|108,113","s3s5p2|371,377"],"confidence":{"state":"","who":["user:Ectelion"],"prob":1}},{"classId":"r_5","type":"linked","directed":false,"entities":["s3s5p2|1013,1018","s3s5p2|1300,1308"],"confidence":{"state":"","who":["user:Ectelion"],"prob":1}},{"classId":"r_5","type":"linked","directed":false,"entities":["s3s5p2|1013,1018","s3s5p2|1602,1613"],"confidence":{"state":"","who":["user:Ectelion"],"prob":1}},{"classId":"r_5","type":"linked","directed":false,"entities":["s3s5p2|1785,1790","s3s5p2|1878,1884"],"confidence":{"state":"","who":["user:Ectelion"],"prob":1}},{"classId":"r_5","type":"linked","directed":false,"entities":["s3s5p2|1785,1790","s3s5p2|1909,1920"],"confidence":{"state":"","who":["user:Ectelion"],"prob":1}},{"classId":"r_5","type":"linked","directed":false,"entities":["s3s5p4|29,34","s3s5p4|189,200"],"confidence":{"state":"","who":["user:Ectelion"],"prob":1}},{"classId":"r_5","type":"linked","directed":false,"entities":["s3s5p4|330,335","s3s5p4|462,468"],"confidence":{"state":"","who":["user:Ectelion"],"prob":1}},{"classId":"r_5","type":"linked","directed":false,"entities":["s3s5p4|499,504","s3s5p4|462,468"],"confidence":{"state":"","who":["user:Ectelion"],"prob":1}},{"classId":"r_5","type":"linked","directed":false,"entities":["s3s5p5|106,113","s3s5p5|115,123"],"confidence":{"state":"","who":["user:Ectelion"],"prob":1}},{"classId":"r_5","type":"linked","directed":false,"entities":["s3s5p5|106,113","s3s5p5|125,132"],"confidence":{"state":"","who":["user:Ectelion"],"prob":1}},{"classId":"r_5","type":"linked","directed":false,"entities":["s3s5p5|106,113","s3s5p5|138,147"],"confidence":{"state":"","who":["user:Ectelion"],"prob":1}},{"classId":"r_5","type":"linked","directed":false,"entities":["s3s5p5|106,113","s3s5p5|149,156"],"confidence":{"state":"","who":["user:Ectelion"],"prob":1}},{"classId":"r_5","type":"linked","directed":false,"entities":["s3s5p5|106,113","s3s5p5|186,194"],"confidence":{"state":"","who":["user:Ectelion"],"prob":1}},{"classId":"r_5","type":"linked","directed":false,"entities":["s3s5p5|106,113","s3s5p5|333,342"],"confidence":{"state":"","who":["user:Ectelion"],"prob":1}},{"classId":"r_5","type":"linked","directed":false,"entities":["s3s5p5|439,446","s3s5p5|745,752"],"confidence":{"state":"","who":["user:Ectelion"],"prob":1}},{"classId":"r_5","type":"linked","directed":false,"entities":["s3s5p5|439,446","s3s5p5|735,743"],"confidence":{"state":"","who":["user:Ectelion"],"prob":1}},{"classId":"r_5","type":"linked","directed":false,"entities":["s3s5p5|439,446","s3s5p5|809,818"],"confidence":{"state":"","who":["user:Ectelion"],"prob":1}},{"classId":"r_5","type":"linked","directed":false,"entities":["s3s5p5|439,446","s3s5p5|924,933"],"confidence":{"state":"","who":["user:Ectelion"],"prob":1}},{"classId":"r_5","type":"linked","directed":false,"entities":["s3s5p5|439,446","s3s5p5|1083,1090"],"confidence":{"state":"","who":["user:Ectelion"],"prob":1}},{"classId":"r_5","type":"linked","directed":false,"entities":["s3s5p5|439,446","s3s5p5|1248,1256"],"confidence":{"state":"","who":["user:Ectelion"],"prob":1}},{"classId":"r_6","type":"linked","directed":false,"entities":["s4p3|225,230","s4p3|252,257"],"confidence":{"state":"","who":["user:Ectelion"],"prob":1}},{"classId":"r_6","type":"linked","directed":false,"entities":["s4p3|225,230","s4p3|90,121"],"confidence":{"state":"","who":["user:Ectelion"],"prob":1}},{"classId":"r_6","type":"linked","directed":false,"entities":["s4p3|225,230","s4p3|83,88"],"confidence":{"state":"","who":["user:Ectelion"],"prob":1}},{"classId":"r_6","type":"linked","directed":false,"entities":["s4p3|246,251","s4p3|252,257"],"confidence":{"state":"","who":["user:Ectelion"],"prob":1}},{"classId":"r_6","type":"linked","directed":false,"entities":["s4p3|246,251","s4p3|138,142"],"confidence":{"state":"","who":["user:Ectelion"],"prob":1}},{"classId":"r_6","type":"linked","directed":false,"entities":["s4p3|246,251","s4p3|83,88"],"confidence":{"state":"","who":["user:Ectelion"],"prob":1}},{"classId":"r_5","type":"linked","directed":false,"entities":["s4p4|0,5","s4p4|6,12"],"confidence":{"state":"","who":["user:Ectelion"],"prob":1}},{"classId":"r_5","type":"linked","directed":false,"entities":["s4p4|447,452","s4p4|234,240"],"confidence":{"state":"","who":["user:Ectelion"],"prob":1}},{"classId":"r_5","type":"linked","directed":false,"entities":["s4p4|730,735","s4p4|234,240"],"confidence":{"state":"","who":["user:Ectelion"],"prob":1}},{"classId":"r_5","type":"linked","directed":false,"entities":["s4p4|777,782","s4p4|234,240"],"confidence":{"state":"","who":["user:Ectelion"],"prob":1}},{"classId":"r_5","type":"linked","directed":false,"entities":["s4p5|715,722","s4p5|736,743"],"confidence":{"state":"","who":["user:Ectelion"],"prob":1}},{"classId":"r_5","type":"linked","directed":false,"entities":["s4p5|715,722","s4p5|768,775"],"confidence":{"state":"","who":["user:Ectelion"],"prob":1}},{"classId":"r_5","type":"linked","directed":false,"entities":["s4p5|829,834","s4p5|768,775"],"confidence":{"state":"","who":["user:Ectelion"],"prob":1}},{"classId":"r_5","type":"linked","directed":false,"entities":["s4p5|866,873","s4p5|768,775"],"confidence":{"state":"","who":["user:Ectelion"],"prob":1}},{"classId":"r_6","type":"linked","directed":false,"entities":["s4p5|972,977","s4p5|934,941"],"confidence":{"state":"","who":["user:Ectelion"],"prob":1}},{"classId":"r_6","type":"linked","directed":false,"entities":["s4p5|972,977","s4p5|988,993"],"confidence":{"state":"","who":["user:Ectelion"],"prob":1}},{"classId":"r_6","type":"linked","directed":false,"entities":["s4p5|972,977","s4p5|995,1000"],"confidence":{"state":"","who":["user:Ectelion"],"prob":1}},{"classId":"r_6","type":"linked","directed":false,"entities":["s4p5|972,977","s4p5|1002,1007"],"confidence":{"state":"","who":["user:Ectelion"],"prob":1}},{"classId":"r_6","type":"linked","directed":false,"entities":["s4p5|972,977","s4p5|1009,1013"],"confidence":{"state":"","who":["user:Ectelion"],"prob":1}},{"classId":"r_5","type":"linked","directed":false,"entities":["s5s7p1|4,11","s5s7p1|302,398"],"confidence":{"state":"","who":["user:Ectelion"],"prob":1}},{"classId":"r_5","type":"linked","directed":false,"entities":["s5s13h1|13,20","s5s13h1|21,30"],"confidence":{"state":"","who":["user:Ectelion"],"prob":1}},{"classId":"r_5","type":"linked","directed":false,"entities":["s5s13h1|35,40","s5s13h1|41,52"],"confidence":{"state":"","who":["user:Ectelion"],"prob":1}}],"metas":{},"annotatable":{"parts":["s1h1","s2h1","s2p1","s3h1","s3s1h1","s3s1p1","s3s1p2","s3s1p3","s3s1p4","s3s1p5","s3s1p6","s3s2h1","s3s2p1","s3s2p2","s3s2p3","s3s3h1","s3s3p1","s3s3p2","s3s4h1","s3s4p1","s3s4p2","s3s4p3","s3s4p4","s3s4p5","s3s5h1","s3s5p1","s3s5p2","s3s5p3","s3s5p4","s3s5p5","s3s5p6","s3s5p7","s3s6h1","s3s6p1","s4h1","s4p1","s4p2","s4p3","s4p4","s4p5","s4p6","s5h1","s5s1h1","s5s1p1","s5s2h1","s5s2p1","s5s3h1","s5s3p1","s5s4h1","s5s4p1","s5s5h1","s5s5p1","s5s5p2","s5s5p3","s5s6h1","s5s6p1","s5s6p2","s5s7h1","s5s7p1","s5s8h1","s5s8p1","s5s8p2","s5s9h1","s5s9p1","s5s10h1","s5s10p1","s5s11h1","s5s11p1","s5s12h1","s5s12p1","s5s13h1","s5s13p1","s5s14h1","s5s14p1","s5s15h1","s5s15p1","s5s16h1","s5s16p1","s6h1"]}}