{"anncomplete":true,"sources":[{"name":"ORIG","id":"PMC3464205","url":"http://www.ncbi.nlm.nih.gov/pmc/articles/PMC3464205/"},{"name":"PMID","id":"23055945","url":"http://www.ncbi.nlm.nih.gov/pubmed/23055945"}],"entities":[{"classId":"e_1","part":"s1h1","offsets":[{"start":0,"text":"Calpain-5"}],"confidence":{"state":"","who":["user:Ectelion"],"prob":1},"fields":{},"normalizations":{}},{"classId":"e_1","part":"s2p1","offsets":[{"start":297,"text":"CAPN5"}],"confidence":{"state":"","who":["user:Ectelion"],"prob":1},"fields":{},"normalizations":{}},{"classId":"e_1","part":"s2p1","offsets":[{"start":333,"text":"CAPN5"}],"confidence":{"state":"","who":["user:Ectelion"],"prob":1},"fields":{},"normalizations":{}},{"classId":"e_1","part":"s2p1","offsets":[{"start":347,"text":"calpain-5"}],"confidence":{"state":"","who":["user:Ectelion"],"prob":1},"fields":{},"normalizations":{}},{"classId":"e_1","part":"s2p1","offsets":[{"start":360,"text":"calcium-activated cysteine protease"}],"confidence":{"state":"","who":["user:Ectelion"],"prob":1},"fields":{},"normalizations":{}},{"classId":"e_1","part":"s2p1","offsets":[{"start":634,"text":"CAPN5"}],"confidence":{"state":"","who":["user:Ectelion"],"prob":1},"fields":{},"normalizations":{}},{"classId":"e_3","part":"s2p1","offsets":[{"start":710,"text":"human"}],"confidence":{"state":"","who":["user:Ectelion"],"prob":1},"fields":{},"normalizations":{}},{"classId":"e_1","part":"s3p1","offsets":[{"start":273,"text":"CAPN5"}],"confidence":{"state":"","who":["user:Ectelion"],"prob":1},"fields":{},"normalizations":{}},{"classId":"e_1","part":"s3p1","offsets":[{"start":312,"text":"calpain-5"}],"confidence":{"state":"","who":["user:Ectelion"],"prob":1},"fields":{},"normalizations":{}},{"classId":"e_1","part":"s3p1","offsets":[{"start":418,"text":"Calpain-5"}],"confidence":{"state":"","who":["user:Ectelion"],"prob":1},"fields":{},"normalizations":{}},{"classId":"e_3","part":"s4p1","offsets":[{"start":402,"text":"human"}],"confidence":{"state":"","who":["user:Ectelion"],"prob":1},"fields":{},"normalizations":{}},{"classId":"e_1","part":"s4p3","offsets":[{"start":352,"text":"calpain-5"}],"confidence":{"state":"","who":["user:Ectelion"],"prob":1},"fields":{},"normalizations":{}},{"classId":"e_1","part":"s4p3","offsets":[{"start":380,"text":"calcium-activated cysteine protease"}],"confidence":{"state":"","who":["user:Ectelion"],"prob":1},"fields":{},"normalizations":{}},{"classId":"e_2","part":"s5s2p1","offsets":[{"start":690,"text":"rs879380"}],"confidence":{"state":"","who":["user:Ectelion"],"prob":1},"fields":{},"normalizations":{}},{"classId":"e_1","part":"s5s2f1h1","offsets":[{"start":4,"text":"CAPN5"}],"confidence":{"state":"","who":["user:Ectelion"],"prob":1},"fields":{},"normalizations":{}},{"classId":"e_1","part":"s5s2f1p1","offsets":[{"start":137,"text":"CAPN5"}],"confidence":{"state":"","who":["user:Ectelion"],"prob":1},"fields":{},"normalizations":{}},{"classId":"e_1","part":"s5s2f1p1","offsets":[{"start":209,"text":"CAPN5"}],"confidence":{"state":"","who":["user:Ectelion"],"prob":1},"fields":{},"normalizations":{}},{"classId":"e_1","part":"s5s2f1p1","offsets":[{"start":295,"text":"CAPN5"}],"confidence":{"state":"","who":["user:Ectelion"],"prob":1},"fields":{},"normalizations":{}},{"classId":"e_2","part":"s5s3p1","offsets":[{"start":427,"text":"c.728G>T"}],"confidence":{"state":"","who":["user:Ectelion"],"prob":1},"fields":{},"normalizations":{}},{"classId":"e_2","part":"s5s3p1","offsets":[{"start":437,"text":"p.Arg243Leu"}],"confidence":{"state":"","who":["user:Ectelion"],"prob":1},"fields":{},"normalizations":{}},{"classId":"e_1","part":"s5s3p1","offsets":[{"start":467,"text":"CAPN5"}],"confidence":{"state":"","who":["user:Ectelion"],"prob":1},"fields":{},"normalizations":{}},{"classId":"e_1","part":"s5s3p1","offsets":[{"start":553,"text":"CAPN5"}],"confidence":{"state":"","who":["user:Ectelion"],"prob":1},"fields":{},"normalizations":{}},{"classId":"e_1","part":"s5s3p2","offsets":[{"start":23,"text":"CAPN5"}],"confidence":{"state":"","who":["user:Ectelion"],"prob":1},"fields":{},"normalizations":{}},{"classId":"e_2","part":"s5s3p2","offsets":[{"start":186,"text":"c.728G>T"}],"confidence":{"state":"","who":["user:Ectelion"],"prob":1},"fields":{},"normalizations":{}},{"classId":"e_2","part":"s5s3p2","offsets":[{"start":196,"text":"p.Arg243Leu"}],"confidence":{"state":"","who":["user:Ectelion"],"prob":1},"fields":{},"normalizations":{}},{"classId":"e_2","part":"s5s3p2","offsets":[{"start":456,"text":"c.731T>C"}],"confidence":{"state":"","who":["user:Ectelion"],"prob":1},"fields":{},"normalizations":{}},{"classId":"e_2","part":"s5s3p2","offsets":[{"start":466,"text":"p.Leu244Pro"}],"confidence":{"state":"","who":["user:Ectelion"],"prob":1},"fields":{},"normalizations":{}},{"classId":"e_1","part":"s5s3p2","offsets":[{"start":553,"text":"CAPN5"}],"confidence":{"state":"","who":["user:Ectelion"],"prob":1},"fields":{},"normalizations":{}},{"classId":"e_1","part":"s5s3p2","offsets":[{"start":934,"text":"CAPN5"}],"confidence":{"state":"","who":["user:Ectelion"],"prob":1},"fields":{},"normalizations":{}},{"classId":"e_1","part":"s5s4h1","offsets":[{"start":23,"text":"Calpain-5"}],"confidence":{"state":"","who":["user:Ectelion"],"prob":1},"fields":{},"normalizations":{}},{"classId":"e_1","part":"s5s4p1","offsets":[{"start":0,"text":"Calpain-5"}],"confidence":{"state":"","who":["user:Ectelion"],"prob":1},"fields":{},"normalizations":{}},{"classId":"e_1","part":"s5s4p1","offsets":[{"start":30,"text":"calcium-activated cysteine protease"}],"confidence":{"state":"","who":["user:Ectelion"],"prob":1},"fields":{},"normalizations":{}},{"classId":"e_2","part":"s5s4p1","offsets":[{"start":406,"text":"p.Arg243Leu"}],"confidence":{"state":"","who":["user:Ectelion"],"prob":1},"fields":{},"normalizations":{}},{"classId":"e_2","part":"s5s4p1","offsets":[{"start":432,"text":"p.Leu244Pro"}],"confidence":{"state":"","who":["user:Ectelion"],"prob":1},"fields":{},"normalizations":{}},{"classId":"e_1","part":"s5s4f1h1","offsets":[{"start":30,"text":"calpain-5"}],"confidence":{"state":"","who":["user:Ectelion"],"prob":1},"fields":{},"normalizations":{}},{"classId":"e_1","part":"s5s4f1p1","offsets":[{"start":546,"text":"calpain-5"}],"confidence":{"state":"","who":["user:Ectelion"],"prob":1},"fields":{},"normalizations":{}},{"classId":"e_3","part":"s5s4f1p1","offsets":[{"start":701,"text":"human"}],"confidence":{"state":"","who":["user:Ectelion"],"prob":1},"fields":{},"normalizations":{}},{"classId":"e_1","part":"s5s4f1p1","offsets":[{"start":1239,"text":"calpain-1"}],"confidence":{"state":"","who":["user:Ectelion"],"prob":1},"fields":{},"normalizations":{}},{"classId":"e_1","part":"s5s4p2","offsets":[{"start":27,"text":"CAPN5"}],"confidence":{"state":"","who":["user:Ectelion"],"prob":1},"fields":{},"normalizations":{}},{"classId":"e_1","part":"s5s4p2","offsets":[{"start":151,"text":"CAPN5"}],"confidence":{"state":"","who":["user:Ectelion"],"prob":1},"fields":{},"normalizations":{}},{"classId":"e_2","part":"s5s4p2","offsets":[{"start":222,"text":"Arg243"}],"confidence":{"state":"","who":["user:Ectelion"],"prob":1},"fields":{},"normalizations":{}},{"classId":"e_2","part":"s5s4p2","offsets":[{"start":286,"text":"Leu244"}],"confidence":{"state":"","who":["user:Ectelion"],"prob":1},"fields":{},"normalizations":{}},{"classId":"e_1","part":"s5s4p3","offsets":[{"start":24,"text":"calpain-5"}],"confidence":{"state":"","who":["user:Ectelion"],"prob":1},"fields":{},"normalizations":{}},{"classId":"e_3","part":"s5s4p3","offsets":[{"start":41,"text":"human"}],"confidence":{"state":"","who":["user:Ectelion"],"prob":1},"fields":{},"normalizations":{}},{"classId":"e_1","part":"s5s4p3","offsets":[{"start":146,"text":"calpain-6"}],"confidence":{"state":"","who":["user:Ectelion"],"prob":1},"fields":{},"normalizations":{}},{"classId":"e_1","part":"s5s4p3","offsets":[{"start":225,"text":"calpain-5"}],"confidence":{"state":"","who":["user:Ectelion"],"prob":1},"fields":{},"normalizations":{}},{"classId":"e_3","part":"s5s4p3","offsets":[{"start":291,"text":"human"}],"confidence":{"state":"","who":["user:Ectelion"],"prob":1},"fields":{},"normalizations":{}},{"classId":"e_1","part":"s5s4p3","offsets":[{"start":483,"text":"calpain-5"}],"confidence":{"state":"","who":["user:Ectelion"],"prob":1},"fields":{},"normalizations":{}},{"classId":"e_2","part":"s5s4p3","offsets":[{"start":693,"text":"Arg243Leu"}],"confidence":{"state":"","who":["user:Ectelion"],"prob":1},"fields":{},"normalizations":{}},{"classId":"e_2","part":"s5s4p3","offsets":[{"start":717,"text":"Leu244Pro"}],"confidence":{"state":"","who":["user:Ectelion"],"prob":1},"fields":{},"normalizations":{}},{"classId":"e_2","part":"s5s4p3","offsets":[{"start":757,"text":"Cys81Ser"}],"confidence":{"state":"","who":["user:Ectelion"],"prob":1},"fields":{},"normalizations":{}},{"classId":"e_2","part":"s5s4p3","offsets":[{"start":813,"text":"Leu244Pro"}],"confidence":{"state":"","who":["user:Ectelion"],"prob":1},"fields":{},"normalizations":{}},{"classId":"e_2","part":"s5s4p3","offsets":[{"start":870,"text":"Cys81Ser"}],"confidence":{"state":"","who":["user:Ectelion"],"prob":1},"fields":{},"normalizations":{}},{"classId":"e_2","part":"s5s4p3","offsets":[{"start":904,"text":"Arg243Leu"}],"confidence":{"state":"","who":["user:Ectelion"],"prob":1},"fields":{},"normalizations":{}},{"classId":"e_1","part":"s5s4p4","offsets":[{"start":65,"text":"calpain-5"}],"confidence":{"state":"","who":["user:Ectelion"],"prob":1},"fields":{},"normalizations":{}},{"classId":"e_1","part":"s5s4p4","offsets":[{"start":114,"text":"calpain-2"}],"confidence":{"state":"","who":["user:Ectelion"],"prob":1},"fields":{},"normalizations":{}},{"classId":"e_1","part":"s5s4p4","offsets":[{"start":125,"text":"m-calpain"}],"confidence":{"state":"","who":["user:Ectelion"],"prob":1},"fields":{},"normalizations":{}},{"classId":"e_1","part":"s5s4p4","offsets":[{"start":191,"text":"calpain-5"}],"confidence":{"state":"","who":["user:Ectelion"],"prob":1},"fields":{},"normalizations":{}},{"classId":"e_1","part":"s5s4p4","offsets":[{"start":384,"text":"calpastatin"}],"confidence":{"state":"","who":["user:Ectelion"],"prob":1},"fields":{},"normalizations":{}},{"classId":"e_1","part":"s5s4p4","offsets":[{"start":557,"text":"calpain-1"}],"confidence":{"state":"","who":["user:Ectelion"],"prob":1},"fields":{},"normalizations":{}},{"classId":"e_1","part":"s5s4p4","offsets":[{"start":568,"text":"μ-calpain"}],"confidence":{"state":"","who":["user:Ectelion"],"prob":1},"fields":{},"normalizations":{}},{"classId":"e_1","part":"s5s4p4","offsets":[{"start":822,"text":"calpain-5"}],"confidence":{"state":"","who":["user:Ectelion"],"prob":1},"fields":{},"normalizations":{}},{"classId":"e_1","part":"s5s5h1","offsets":[{"start":0,"text":"Calpain-5"}],"confidence":{"state":"","who":["user:Ectelion"],"prob":1},"fields":{},"normalizations":{}},{"classId":"e_1","part":"s5s5p1","offsets":[{"start":17,"text":"CAPN5"}],"confidence":{"state":"","who":["user:Ectelion"],"prob":1},"fields":{},"normalizations":{}},{"classId":"e_3","part":"s5s5p1","offsets":[{"start":37,"text":"human"}],"confidence":{"state":"","who":["user:Ectelion"],"prob":1},"fields":{},"normalizations":{}},{"classId":"e_1","part":"s5s5p1","offsets":[{"start":362,"text":"calpain-5"}],"confidence":{"state":"","who":["user:Ectelion"],"prob":1},"fields":{},"normalizations":{}},{"classId":"e_1","part":"s5s5p1","offsets":[{"start":403,"text":"calpain-5"}],"confidence":{"state":"","who":["user:Ectelion"],"prob":1},"fields":{},"normalizations":{}},{"classId":"e_3","part":"s5s5p1","offsets":[{"start":447,"text":"human"}],"confidence":{"state":"","who":["user:Ectelion"],"prob":1},"fields":{},"normalizations":{}},{"classId":"e_1","part":"s5s5p1","offsets":[{"start":508,"text":"calpain-5"}],"confidence":{"state":"","who":["user:Ectelion"],"prob":1},"fields":{},"normalizations":{}},{"classId":"e_1","part":"s5s5f1h1","offsets":[{"start":0,"text":"Calpain-5"}],"confidence":{"state":"","who":["user:Ectelion"],"prob":1},"fields":{},"normalizations":{}},{"classId":"e_3","part":"s5s5f1h1","offsets":[{"start":24,"text":"human"}],"confidence":{"state":"","who":["user:Ectelion"],"prob":1},"fields":{},"normalizations":{}},{"classId":"e_1","part":"s5s5f1p1","offsets":[{"start":142,"text":"calpain-5"}],"confidence":{"state":"","who":["user:Ectelion"],"prob":1},"fields":{},"normalizations":{}},{"classId":"e_1","part":"s5s5f1p1","offsets":[{"start":195,"text":"Calpain-5"}],"confidence":{"state":"","who":["user:Ectelion"],"prob":1},"fields":{},"normalizations":{}},{"classId":"e_1","part":"s5s5f1p1","offsets":[{"start":573,"text":"CAPN5"}],"confidence":{"state":"","who":["user:Ectelion"],"prob":1},"fields":{},"normalizations":{}},{"classId":"e_1","part":"s5s5f1p1","offsets":[{"start":829,"text":"calpain-5"}],"confidence":{"state":"","who":["user:Ectelion"],"prob":1},"fields":{},"normalizations":{}},{"classId":"e_1","part":"s5s5f1p1","offsets":[{"start":1058,"text":"CAPN5"}],"confidence":{"state":"","who":["user:Ectelion"],"prob":1},"fields":{},"normalizations":{}},{"classId":"e_2","part":"s5s5f1p1","offsets":[{"start":1065,"text":"Arg243Leu"}],"confidence":{"state":"","who":["user:Ectelion"],"prob":1},"fields":{},"normalizations":{}},{"classId":"e_1","part":"s5s6h1","offsets":[{"start":10,"text":"Calpain-5"}],"confidence":{"state":"","who":["user:Ectelion"],"prob":1},"fields":{},"normalizations":{}},{"classId":"e_1","part":"s5s6p1","offsets":[{"start":168,"text":"calpain-3"}],"confidence":{"state":"","who":["user:Ectelion"],"prob":1},"fields":{},"normalizations":{}},{"classId":"e_1","part":"s5s6p1","offsets":[{"start":335,"text":"calpain-5"}],"confidence":{"state":"","who":["user:Ectelion"],"prob":1},"fields":{},"normalizations":{}},{"classId":"e_1","part":"s5s6p1","offsets":[{"start":400,"text":"CAPN5"}],"confidence":{"state":"","who":["user:Ectelion"],"prob":1},"fields":{},"normalizations":{}},{"classId":"e_1","part":"s5s6p1","offsets":[{"start":526,"text":"calpain-5"}],"confidence":{"state":"","who":["user:Ectelion"],"prob":1},"fields":{},"normalizations":{}},{"classId":"e_1","part":"s5s6p1","offsets":[{"start":600,"text":"calpain-5"}],"confidence":{"state":"","who":["user:Ectelion"],"prob":1},"fields":{},"normalizations":{}},{"classId":"e_1","part":"s6p1","offsets":[{"start":495,"text":"calpastatin"}],"confidence":{"state":"","who":["user:Ectelion"],"prob":1},"fields":{},"normalizations":{}},{"classId":"e_1","part":"s6p1","offsets":[{"start":735,"text":"calpain-5"}],"confidence":{"state":"","who":["user:Ectelion"],"prob":1},"fields":{},"normalizations":{}},{"classId":"e_1","part":"s6p1","offsets":[{"start":757,"text":"Capn5"}],"confidence":{"state":"","who":["user:Ectelion"],"prob":1},"fields":{},"normalizations":{}},{"classId":"e_3","part":"s6p1","offsets":[{"start":783,"text":"nematode"}],"confidence":{"state":"","who":["user:Ectelion"],"prob":1},"fields":{},"normalizations":{}},{"classId":"e_3","part":"s6p1","offsets":[{"start":796,"text":"mouse"}],"confidence":{"state":"","who":["user:Ectelion"],"prob":1},"fields":{},"normalizations":{}},{"classId":"e_1","part":"s6p1","offsets":[{"start":839,"text":"CAPN5"}],"confidence":{"state":"","who":["user:Ectelion"],"prob":1},"fields":{},"normalizations":{}},{"classId":"e_3","part":"s6p1","offsets":[{"start":1006,"text":"human"}],"confidence":{"state":"","who":["user:Ectelion"],"prob":1},"fields":{},"normalizations":{}},{"classId":"e_1","part":"s6p1","offsets":[{"start":1156,"text":"CAPN10"}],"confidence":{"state":"","who":["user:Ectelion"],"prob":1},"fields":{},"normalizations":{}},{"classId":"e_1","part":"s6p1","offsets":[{"start":1167,"text":"CAPN5"}],"confidence":{"state":"","who":["user:Ectelion"],"prob":1},"fields":{},"normalizations":{}},{"classId":"e_1","part":"s6p2","offsets":[{"start":60,"text":"CAPN5"}],"confidence":{"state":"","who":["user:Ectelion"],"prob":1},"fields":{},"normalizations":{}},{"classId":"e_1","part":"s6p2","offsets":[{"start":270,"text":"CAPN5"}],"confidence":{"state":"","who":["user:Ectelion"],"prob":1},"fields":{},"normalizations":{}},{"classId":"e_1","part":"s6p3","offsets":[{"start":734,"text":"calpain-3"}],"confidence":{"state":"","who":["user:Ectelion"],"prob":1},"fields":{},"normalizations":{}},{"classId":"e_1","part":"s6p3","offsets":[{"start":1018,"text":"calpain-5"}],"confidence":{"state":"","who":["user:Ectelion"],"prob":1},"fields":{},"normalizations":{}},{"classId":"e_1","part":"s6p3","offsets":[{"start":1073,"text":"Capn5"}],"confidence":{"state":"","who":["user:Ectelion"],"prob":1},"fields":{},"normalizations":{}},{"classId":"e_2","part":"s6p3","offsets":[{"start":1079,"text":"knockout"}],"confidence":{"state":"","who":["user:Ectelion"],"prob":1},"fields":{},"normalizations":{}},{"classId":"e_3","part":"s6p3","offsets":[{"start":1088,"text":"mice"}],"confidence":{"state":"","who":["user:Ectelion"],"prob":1},"fields":{},"normalizations":{}},{"classId":"e_3","part":"s6p3","offsets":[{"start":1140,"text":"human"}],"confidence":{"state":"","who":["user:Ectelion"],"prob":1},"fields":{},"normalizations":{}},{"classId":"e_1","part":"s6p5","offsets":[{"start":48,"text":"CAPN5"}],"confidence":{"state":"","who":["user:Ectelion"],"prob":1},"fields":{},"normalizations":{}},{"classId":"e_3","part":"s6p5","offsets":[{"start":224,"text":"human"}],"confidence":{"state":"","who":["user:Ectelion"],"prob":1},"fields":{},"normalizations":{}},{"classId":"e_1","part":"s6p5","offsets":[{"start":783,"text":"CAPN5"}],"confidence":{"state":"","who":["user:Ectelion"],"prob":1},"fields":{},"normalizations":{}},{"classId":"e_3","part":"s7s1p1","offsets":[{"start":358,"text":"Human"}],"confidence":{"state":"","who":["user:Ectelion"],"prob":1},"fields":{},"normalizations":{}},{"classId":"e_3","part":"s7s1p1","offsets":[{"start":442,"text":"Human"}],"confidence":{"state":"","who":["user:Ectelion"],"prob":1},"fields":{},"normalizations":{}},{"classId":"e_1","part":"s7s1p1","offsets":[{"start":611,"text":"CAPN5"}],"confidence":{"state":"","who":["user:Ectelion"],"prob":1},"fields":{},"normalizations":{}},{"classId":"e_3","part":"s7s1p1","offsets":[{"start":780,"text":"human"}],"confidence":{"state":"","who":["user:Ectelion"],"prob":1},"fields":{},"normalizations":{}},{"classId":"e_3","part":"s7s2p1","offsets":[{"start":203,"text":"human"}],"confidence":{"state":"","who":["user:Ectelion"],"prob":1},"fields":{},"normalizations":{}},{"classId":"e_1","part":"s7s2p1","offsets":[{"start":209,"text":"calpain-5"}],"confidence":{"state":"","who":["user:Ectelion"],"prob":1},"fields":{},"normalizations":{}},{"classId":"e_1","part":"s7s2p1","offsets":[{"start":225,"text":"calpain-2"}],"confidence":{"state":"","who":["user:Ectelion"],"prob":1},"fields":{},"normalizations":{}},{"classId":"e_1","part":"s7s2p1","offsets":[{"start":236,"text":"m-calpain"}],"confidence":{"state":"","who":["user:Ectelion"],"prob":1},"fields":{},"normalizations":{}},{"classId":"e_1","part":"s7s2p1","offsets":[{"start":625,"text":"calpain-5"}],"confidence":{"state":"","who":["user:Ectelion"],"prob":1},"fields":{},"normalizations":{}},{"classId":"e_1","part":"s7s2p1","offsets":[{"start":1078,"text":"calpastatin"}],"confidence":{"state":"","who":["user:Ectelion"],"prob":1},"fields":{},"normalizations":{}},{"classId":"e_3","part":"s7s3p1","offsets":[{"start":75,"text":"human"}],"confidence":{"state":"","who":["user:Ectelion"],"prob":1},"fields":{},"normalizations":{}},{"classId":"e_1","part":"s7s3p1","offsets":[{"start":523,"text":"CAPN5"}],"confidence":{"state":"","who":["user:Ectelion"],"prob":1},"fields":{},"normalizations":{}},{"classId":"e_3","part":"s7s4p1","offsets":[{"start":345,"text":"donkey"}],"confidence":{"state":"","who":["user:Ectelion"],"prob":1},"fields":{},"normalizations":{}},{"classId":"e_3","part":"s7s4p1","offsets":[{"start":357,"text":"rabbit"}],"confidence":{"state":"","who":["user:Ectelion"],"prob":1},"fields":{},"normalizations":{}},{"classId":"e_1","part":"s7s4p2","offsets":[{"start":75,"text":"CAPN5"}],"confidence":{"state":"","who":["user:Ectelion"],"prob":1},"fields":{},"normalizations":{}},{"classId":"e_3","part":"s7s4p2","offsets":[{"start":512,"text":"donkey"}],"confidence":{"state":"","who":["user:Ectelion"],"prob":1},"fields":{},"normalizations":{}},{"classId":"e_3","part":"s7s4p2","offsets":[{"start":524,"text":"rabbit"}],"confidence":{"state":"","who":["user:Ectelion"],"prob":1},"fields":{},"normalizations":{}}],"relations":[{"classId":"r_6","type":"linked","directed":false,"entities":["s2p1|710,715","s2p1|634,639"],"confidence":{"state":"","who":["user:Ectelion"],"prob":1}},{"classId":"r_6","type":"linked","directed":false,"entities":["s2p1|710,715","s2p1|347,356"],"confidence":{"state":"","who":["user:Ectelion"],"prob":1}},{"classId":"r_6","type":"linked","directed":false,"entities":["s2p1|710,715","s2p1|333,338"],"confidence":{"state":"","who":["user:Ectelion"],"prob":1}},{"classId":"r_6","type":"linked","directed":false,"entities":["s2p1|710,715","s2p1|360,395"],"confidence":{"state":"","who":["user:Ectelion"],"prob":1}},{"classId":"r_6","type":"linked","directed":false,"entities":["s2p1|710,715","s2p1|297,302"],"confidence":{"state":"","who":["user:Ectelion"],"prob":1}},{"classId":"r_5","type":"linked","directed":false,"entities":["s5s3p1|467,472","s5s3p1|427,435"],"confidence":{"state":"","who":["user:Ectelion"],"prob":1}},{"classId":"r_5","type":"linked","directed":false,"entities":["s5s3p1|467,472","s5s3p1|437,448"],"confidence":{"state":"","who":["user:Ectelion"],"prob":1}},{"classId":"r_5","type":"linked","directed":false,"entities":["s5s3p2|23,28","s5s3p2|186,194"],"confidence":{"state":"","who":["user:Ectelion"],"prob":1}},{"classId":"r_5","type":"linked","directed":false,"entities":["s5s3p2|23,28","s5s3p2|196,207"],"confidence":{"state":"","who":["user:Ectelion"],"prob":1}},{"classId":"r_5","type":"linked","directed":false,"entities":["s5s3p2|553,558","s5s3p2|456,464"],"confidence":{"state":"","who":["user:Ectelion"],"prob":1}},{"classId":"r_5","type":"linked","directed":false,"entities":["s5s3p2|553,558","s5s3p2|466,477"],"confidence":{"state":"","who":["user:Ectelion"],"prob":1}},{"classId":"r_5","type":"linked","directed":false,"entities":["s5s3p2|934,939","s5s3p2|456,464"],"confidence":{"state":"","who":["user:Ectelion"],"prob":1}},{"classId":"r_5","type":"linked","directed":false,"entities":["s5s3p2|934,939","s5s3p2|466,477"],"confidence":{"state":"","who":["user:Ectelion"],"prob":1}},{"classId":"r_5","type":"linked","directed":false,"entities":["s5s4p1|0,9","s5s4p1|406,417"],"confidence":{"state":"","who":["user:Ectelion"],"prob":1}},{"classId":"r_5","type":"linked","directed":false,"entities":["s5s4p1|0,9","s5s4p1|432,443"],"confidence":{"state":"","who":["user:Ectelion"],"prob":1}},{"classId":"r_5","type":"linked","directed":false,"entities":["s5s4p1|30,65","s5s4p1|406,417"],"confidence":{"state":"","who":["user:Ectelion"],"prob":1}},{"classId":"r_5","type":"linked","directed":false,"entities":["s5s4p1|30,65","s5s4p1|432,443"],"confidence":{"state":"","who":["user:Ectelion"],"prob":1}},{"classId":"r_6","type":"linked","directed":false,"entities":["s5s4f1p1|701,706","s5s4f1p1|546,555"],"confidence":{"state":"","who":["user:Ectelion"],"prob":1}},{"classId":"r_6","type":"linked","directed":false,"entities":["s5s4f1p1|701,706","s5s4f1p1|1239,1248"],"confidence":{"state":"","who":["user:Ectelion"],"prob":1}},{"classId":"r_5","type":"linked","directed":false,"entities":["s5s4p2|151,156","s5s4p2|222,228"],"confidence":{"state":"","who":["user:Ectelion"],"prob":1}},{"classId":"r_5","type":"linked","directed":false,"entities":["s5s4p2|151,156","s5s4p2|286,292"],"confidence":{"state":"","who":["user:Ectelion"],"prob":1}},{"classId":"r_6","type":"linked","directed":false,"entities":["s5s4p3|41,46","s5s4p3|24,33"],"confidence":{"state":"","who":["user:Ectelion"],"prob":1}},{"classId":"r_6","type":"linked","directed":false,"entities":["s5s4p3|41,46","s5s4p3|225,234"],"confidence":{"state":"","who":["user:Ectelion"],"prob":1}},{"classId":"r_6","type":"linked","directed":false,"entities":["s5s4p3|41,46","s5s4p3|146,155"],"confidence":{"state":"","who":["user:Ectelion"],"prob":1}},{"classId":"r_6","type":"linked","directed":false,"entities":["s5s4p3|291,296","s5s4p3|225,234"],"confidence":{"state":"","who":["user:Ectelion"],"prob":1}},{"classId":"r_6","type":"linked","directed":false,"entities":["s5s4p3|291,296","s5s4p3|483,492"],"confidence":{"state":"","who":["user:Ectelion"],"prob":1}},{"classId":"r_6","type":"linked","directed":false,"entities":["s5s4p3|291,296","s5s4p3|24,33"],"confidence":{"state":"","who":["user:Ectelion"],"prob":1}},{"classId":"r_5","type":"linked","directed":false,"entities":["s5s4p3|483,492","s5s4p3|693,702"],"confidence":{"state":"","who":["user:Ectelion"],"prob":1}},{"classId":"r_5","type":"linked","directed":false,"entities":["s5s4p3|483,492","s5s4p3|717,726"],"confidence":{"state":"","who":["user:Ectelion"],"prob":1}},{"classId":"r_5","type":"linked","directed":false,"entities":["s5s4p3|483,492","s5s4p3|757,765"],"confidence":{"state":"","who":["user:Ectelion"],"prob":1}},{"classId":"r_5","type":"linked","directed":false,"entities":["s5s4p3|483,492","s5s4p3|813,822"],"confidence":{"state":"","who":["user:Ectelion"],"prob":1}},{"classId":"r_5","type":"linked","directed":false,"entities":["s5s4p3|483,492","s5s4p3|870,878"],"confidence":{"state":"","who":["user:Ectelion"],"prob":1}},{"classId":"r_5","type":"linked","directed":false,"entities":["s5s4p3|483,492","s5s4p3|904,913"],"confidence":{"state":"","who":["user:Ectelion"],"prob":1}},{"classId":"r_6","type":"linked","directed":false,"entities":["s5s5p1|37,42","s5s5p1|17,22"],"confidence":{"state":"","who":["user:Ectelion"],"prob":1}},{"classId":"r_6","type":"linked","directed":false,"entities":["s5s5p1|447,452","s5s5p1|362,371"],"confidence":{"state":"","who":["user:Ectelion"],"prob":1}},{"classId":"r_6","type":"linked","directed":false,"entities":["s5s5p1|447,452","s5s5p1|403,412"],"confidence":{"state":"","who":["user:Ectelion"],"prob":1}},{"classId":"r_6","type":"linked","directed":false,"entities":["s5s5p1|447,452","s5s5p1|508,517"],"confidence":{"state":"","who":["user:Ectelion"],"prob":1}},{"classId":"r_6","type":"linked","directed":false,"entities":["s5s5f1h1|24,29","s5s5f1h1|0,9"],"confidence":{"state":"","who":["user:Ectelion"],"prob":1}},{"classId":"r_5","type":"linked","directed":false,"entities":["s5s5f1p1|829,838","s5s5f1p1|1065,1074"],"confidence":{"state":"","who":["user:Ectelion"],"prob":1}},{"classId":"r_5","type":"linked","directed":false,"entities":["s5s5f1p1|1058,1063","s5s5f1p1|1065,1074"],"confidence":{"state":"","who":["user:Ectelion"],"prob":1}},{"classId":"r_6","type":"linked","directed":false,"entities":["s6p1|783,791","s6p1|757,762"],"confidence":{"state":"","who":["user:Ectelion"],"prob":1}},{"classId":"r_6","type":"linked","directed":false,"entities":["s6p1|783,791","s6p1|735,744"],"confidence":{"state":"","who":["user:Ectelion"],"prob":1}},{"classId":"r_6","type":"linked","directed":false,"entities":["s6p1|796,801","s6p1|757,762"],"confidence":{"state":"","who":["user:Ectelion"],"prob":1}},{"classId":"r_6","type":"linked","directed":false,"entities":["s6p1|796,801","s6p1|735,744"],"confidence":{"state":"","who":["user:Ectelion"],"prob":1}},{"classId":"r_6","type":"linked","directed":false,"entities":["s6p1|796,801","s6p1|495,506"],"confidence":{"state":"","who":["user:Ectelion"],"prob":1}},{"classId":"r_6","type":"linked","directed":false,"entities":["s6p1|1006,1011","s6p1|839,844"],"confidence":{"state":"","who":["user:Ectelion"],"prob":1}},{"classId":"r_6","type":"linked","directed":false,"entities":["s6p1|1006,1011","s6p1|1167,1172"],"confidence":{"state":"","who":["user:Ectelion"],"prob":1}},{"classId":"r_6","type":"linked","directed":false,"entities":["s6p1|1006,1011","s6p1|495,506"],"confidence":{"state":"","who":["user:Ectelion"],"prob":1}},{"classId":"r_6","type":"linked","directed":false,"entities":["s6p1|1006,1011","s6p1|1156,1162"],"confidence":{"state":"","who":["user:Ectelion"],"prob":1}},{"classId":"r_5","type":"linked","directed":false,"entities":["s6p3|1018,1027","s6p3|1079,1087"],"confidence":{"state":"","who":["user:Ectelion"],"prob":1}},{"classId":"r_5","type":"linked","directed":false,"entities":["s6p3|1073,1078","s6p3|1079,1087"],"confidence":{"state":"","who":["user:Ectelion"],"prob":1}},{"classId":"r_6","type":"linked","directed":false,"entities":["s6p3|1088,1092","s6p3|1073,1078"],"confidence":{"state":"","who":["user:Ectelion"],"prob":1}},{"classId":"r_6","type":"linked","directed":false,"entities":["s6p3|1140,1145","s6p3|1073,1078"],"confidence":{"state":"","who":["user:Ectelion"],"prob":1}},{"classId":"r_6","type":"linked","directed":false,"entities":["s6p3|1140,1145","s6p3|1018,1027"],"confidence":{"state":"","who":["user:Ectelion"],"prob":1}},{"classId":"r_6","type":"linked","directed":false,"entities":["s6p3|1140,1145","s6p3|734,743"],"confidence":{"state":"","who":["user:Ectelion"],"prob":1}},{"classId":"r_6","type":"linked","directed":false,"entities":["s6p5|224,229","s6p5|48,53"],"confidence":{"state":"","who":["user:Ectelion"],"prob":1}},{"classId":"r_6","type":"linked","directed":false,"entities":["s6p5|224,229","s6p5|783,788"],"confidence":{"state":"","who":["user:Ectelion"],"prob":1}},{"classId":"r_6","type":"linked","directed":false,"entities":["s7s1p1|780,785","s7s1p1|611,616"],"confidence":{"state":"","who":["user:Ectelion"],"prob":1}},{"classId":"r_6","type":"linked","directed":false,"entities":["s7s2p1|203,208","s7s2p1|209,218"],"confidence":{"state":"","who":["user:Ectelion"],"prob":1}},{"classId":"r_6","type":"linked","directed":false,"entities":["s7s2p1|203,208","s7s2p1|625,634"],"confidence":{"state":"","who":["user:Ectelion"],"prob":1}},{"classId":"r_6","type":"linked","directed":false,"entities":["s7s2p1|203,208","s7s2p1|225,234"],"confidence":{"state":"","who":["user:Ectelion"],"prob":1}},{"classId":"r_6","type":"linked","directed":false,"entities":["s7s3p1|75,80","s7s3p1|523,528"],"confidence":{"state":"","who":["user:Ectelion"],"prob":1}}],"metas":{},"annotatable":{"parts":["s1h1","s2h1","s2p1","s3h1","s3p1","s4h1","s4p1","s4p2","s4f1h1","s4f1p1","s4p3","s5h1","s5s1h1","s5s1p1","s5s1f1h1","s5s1f1p1","s5s2h1","s5s2p1","s5s2f1h1","s5s2f1p1","s5s3h1","s5s3p1","s5s3p2","s5s4h1","s5s4p1","s5s4f1h1","s5s4f1p1","s5s4p2","s5s4p3","s5s4p4","s5s5h1","s5s5p1","s5s5f1h1","s5s5f1p1","s5s6h1","s5s6p1","s6h1","s6p1","s6p2","s6p3","s6p4","s6p5","s7h1","s7p1","s7s1h1","s7s1p1","s7s2h1","s7s2p1","s7s3h1","s7s3p1","s7s4h1","s7s4p1","s7s4p2","s8h1"]}}