{"anncomplete":true,"sources":[{"name":"ORIG","id":"PMC1851401","url":"http://www.ncbi.nlm.nih.gov/pmc/articles/PMC1851401/"},{"name":"PMID","id":"17224074","url":"http://www.ncbi.nlm.nih.gov/pubmed/17224074"}],"entities":[{"classId":"e_1","part":"s2s1p1","offsets":[{"start":391,"text":"TP53"}],"confidence":{"state":"","who":["user:Ectelion"],"prob":1},"fields":{},"normalizations":{}},{"classId":"e_1","part":"s2s1p1","offsets":[{"start":400,"text":"PIK3CA"}],"confidence":{"state":"","who":["user:Ectelion"],"prob":1},"fields":{},"normalizations":{}},{"classId":"e_3","part":"s3p1","offsets":[{"start":147,"text":"human"}],"confidence":{"state":"","who":["user:Ectelion"],"prob":1},"fields":{},"normalizations":{}},{"classId":"e_3","part":"s3p1","offsets":[{"start":952,"text":"human"}],"confidence":{"state":"","who":["user:Ectelion"],"prob":1},"fields":{},"normalizations":{}},{"classId":"e_3","part":"s3p2","offsets":[{"start":212,"text":"human"}],"confidence":{"state":"","who":["user:Ectelion"],"prob":1},"fields":{},"normalizations":{}},{"classId":"e_1","part":"s3p2","offsets":[{"start":507,"text":"TP53"}],"confidence":{"state":"","who":["user:Ectelion"],"prob":1},"fields":{},"normalizations":{}},{"classId":"e_1","part":"s3p2","offsets":[{"start":516,"text":"PIK3CA"}],"confidence":{"state":"","who":["user:Ectelion"],"prob":1},"fields":{},"normalizations":{}},{"classId":"e_1","part":"s3p2","offsets":[{"start":990,"text":"PIK3CA"}],"confidence":{"state":"","who":["user:Ectelion"],"prob":1},"fields":{},"normalizations":{}},{"classId":"e_1","part":"s4s1p3","offsets":[{"start":77,"text":"FZD7"}],"confidence":{"state":"","who":["user:Ectelion"],"prob":1},"fields":{},"normalizations":{}},{"classId":"e_1","part":"s4s1p3","offsets":[{"start":83,"text":"NQO1"}],"confidence":{"state":"","who":["user:Ectelion"],"prob":1},"fields":{},"normalizations":{}},{"classId":"e_1","part":"s4s1p3","offsets":[{"start":89,"text":"MYBL2"}],"confidence":{"state":"","who":["user:Ectelion"],"prob":1},"fields":{},"normalizations":{}},{"classId":"e_1","part":"s4s1p3","offsets":[{"start":96,"text":"PLK1"}],"confidence":{"state":"","who":["user:Ectelion"],"prob":1},"fields":{},"normalizations":{}},{"classId":"e_1","part":"s4s1p3","offsets":[{"start":102,"text":"STK6"}],"confidence":{"state":"","who":["user:Ectelion"],"prob":1},"fields":{},"normalizations":{}},{"classId":"e_1","part":"s4s1p3","offsets":[{"start":108,"text":"ESR1"}],"confidence":{"state":"","who":["user:Ectelion"],"prob":1},"fields":{},"normalizations":{}},{"classId":"e_1","part":"s4s1p3","offsets":[{"start":114,"text":"FOXA1"}],"confidence":{"state":"","who":["user:Ectelion"],"prob":1},"fields":{},"normalizations":{}},{"classId":"e_1","part":"s4s1p3","offsets":[{"start":121,"text":"FOXC1"}],"confidence":{"state":"","who":["user:Ectelion"],"prob":1},"fields":{},"normalizations":{}},{"classId":"e_1","part":"s4s1p3","offsets":[{"start":128,"text":"GATA3"}],"confidence":{"state":"","who":["user:Ectelion"],"prob":1},"fields":{},"normalizations":{}},{"classId":"e_1","part":"s4s1p3","offsets":[{"start":135,"text":"RARRES3"}],"confidence":{"state":"","who":["user:Ectelion"],"prob":1},"fields":{},"normalizations":{}},{"classId":"e_1","part":"s4s1p3","offsets":[{"start":144,"text":"RERG"}],"confidence":{"state":"","who":["user:Ectelion"],"prob":1},"fields":{},"normalizations":{}},{"classId":"e_1","part":"s4s1p3","offsets":[{"start":150,"text":"XBP1"}],"confidence":{"state":"","who":["user:Ectelion"],"prob":1},"fields":{},"normalizations":{}},{"classId":"e_1","part":"s4s1p3","offsets":[{"start":160,"text":"CDK5"}],"confidence":{"state":"","who":["user:Ectelion"],"prob":1},"fields":{},"normalizations":{}},{"classId":"e_1","part":"s4s1p3","offsets":[{"start":397,"text":"CAV1"}],"confidence":{"state":"","who":["user:Ectelion"],"prob":1},"fields":{},"normalizations":{}},{"classId":"e_1","part":"s4s1p3","offsets":[{"start":403,"text":"CDH1"}],"confidence":{"state":"","who":["user:Ectelion"],"prob":1},"fields":{},"normalizations":{}},{"classId":"e_1","part":"s4s1p3","offsets":[{"start":409,"text":"FBXW7"}],"confidence":{"state":"","who":["user:Ectelion"],"prob":1},"fields":{},"normalizations":{}},{"classId":"e_1","part":"s4s1p3","offsets":[{"start":416,"text":"PIM1"}],"confidence":{"state":"","who":["user:Ectelion"],"prob":1},"fields":{},"normalizations":{}},{"classId":"e_1","part":"s4s1p3","offsets":[{"start":422,"text":"PIN1"}],"confidence":{"state":"","who":["user:Ectelion"],"prob":1},"fields":{},"normalizations":{}},{"classId":"e_1","part":"s4s1p3","offsets":[{"start":428,"text":"TP53"}],"confidence":{"state":"","who":["user:Ectelion"],"prob":1},"fields":{},"normalizations":{}},{"classId":"e_1","part":"s4s1p3","offsets":[{"start":434,"text":"TP53I3"}],"confidence":{"state":"","who":["user:Ectelion"],"prob":1},"fields":{},"normalizations":{}},{"classId":"e_1","part":"s4s1p3","offsets":[{"start":446,"text":"RB1CC1"}],"confidence":{"state":"","who":["user:Ectelion"],"prob":1},"fields":{},"normalizations":{}},{"classId":"e_3","part":"s4s1p5","offsets":[{"start":445,"text":"mouse"}],"confidence":{"state":"","who":["user:Ectelion"],"prob":1},"fields":{},"normalizations":{}},{"classId":"e_3","part":"s4s1p5","offsets":[{"start":455,"text":"human"}],"confidence":{"state":"","who":["user:Ectelion"],"prob":1},"fields":{},"normalizations":{}},{"classId":"e_1","part":"s4s2p2","offsets":[{"start":707,"text":"FBXW7"}],"confidence":{"state":"","who":["user:Ectelion"],"prob":1},"fields":{},"normalizations":{}},{"classId":"e_1","part":"s4s2p2","offsets":[{"start":717,"text":"PIN1"}],"confidence":{"state":"","who":["user:Ectelion"],"prob":1},"fields":{},"normalizations":{}},{"classId":"e_1","part":"s5p1","offsets":[{"start":186,"text":"TP53"}],"confidence":{"state":"","who":["user:Ectelion"],"prob":1},"fields":{},"normalizations":{}},{"classId":"e_1","part":"s5p1","offsets":[{"start":192,"text":"GATA3"}],"confidence":{"state":"","who":["user:Ectelion"],"prob":1},"fields":{},"normalizations":{}},{"classId":"e_1","part":"s5p1","offsets":[{"start":199,"text":"CAV1"}],"confidence":{"state":"","who":["user:Ectelion"],"prob":1},"fields":{},"normalizations":{}},{"classId":"e_1","part":"s5p1","offsets":[{"start":205,"text":"CDH1"}],"confidence":{"state":"","who":["user:Ectelion"],"prob":1},"fields":{},"normalizations":{}},{"classId":"e_1","part":"s5p1","offsets":[{"start":211,"text":"ESR1"}],"confidence":{"state":"","who":["user:Ectelion"],"prob":1},"fields":{},"normalizations":{}},{"classId":"e_1","part":"s5p1","offsets":[{"start":217,"text":"FBXW7"}],"confidence":{"state":"","who":["user:Ectelion"],"prob":1},"fields":{},"normalizations":{}},{"classId":"e_1","part":"s5p1","offsets":[{"start":224,"text":"FOXA1"}],"confidence":{"state":"","who":["user:Ectelion"],"prob":1},"fields":{},"normalizations":{}},{"classId":"e_1","part":"s5p1","offsets":[{"start":231,"text":"FOXC1"}],"confidence":{"state":"","who":["user:Ectelion"],"prob":1},"fields":{},"normalizations":{}},{"classId":"e_1","part":"s5p1","offsets":[{"start":238,"text":"FZD7"}],"confidence":{"state":"","who":["user:Ectelion"],"prob":1},"fields":{},"normalizations":{}},{"classId":"e_1","part":"s5p1","offsets":[{"start":244,"text":"MYBL2"}],"confidence":{"state":"","who":["user:Ectelion"],"prob":1},"fields":{},"normalizations":{}},{"classId":"e_1","part":"s5p1","offsets":[{"start":251,"text":"PIN1"}],"confidence":{"state":"","who":["user:Ectelion"],"prob":1},"fields":{},"normalizations":{}},{"classId":"e_1","part":"s5p1","offsets":[{"start":257,"text":"RB1CC1"}],"confidence":{"state":"","who":["user:Ectelion"],"prob":1},"fields":{},"normalizations":{}},{"classId":"e_1","part":"s5p1","offsets":[{"start":265,"text":"RERG"}],"confidence":{"state":"","who":["user:Ectelion"],"prob":1},"fields":{},"normalizations":{}},{"classId":"e_1","part":"s5p1","offsets":[{"start":271,"text":"STK6"}],"confidence":{"state":"","who":["user:Ectelion"],"prob":1},"fields":{},"normalizations":{}},{"classId":"e_1","part":"s5p1","offsets":[{"start":277,"text":"TP53I3"}],"confidence":{"state":"","who":["user:Ectelion"],"prob":1},"fields":{},"normalizations":{}},{"classId":"e_1","part":"s5p1","offsets":[{"start":289,"text":"XBP1"}],"confidence":{"state":"","who":["user:Ectelion"],"prob":1},"fields":{},"normalizations":{}},{"classId":"e_1","part":"s5p1","offsets":[{"start":383,"text":"CDK5"}],"confidence":{"state":"","who":["user:Ectelion"],"prob":1},"fields":{},"normalizations":{}},{"classId":"e_1","part":"s5p1","offsets":[{"start":389,"text":"NQO1"}],"confidence":{"state":"","who":["user:Ectelion"],"prob":1},"fields":{},"normalizations":{}},{"classId":"e_1","part":"s5p1","offsets":[{"start":395,"text":"PLK1"}],"confidence":{"state":"","who":["user:Ectelion"],"prob":1},"fields":{},"normalizations":{}},{"classId":"e_1","part":"s5p1","offsets":[{"start":401,"text":"PIM1"}],"confidence":{"state":"","who":["user:Ectelion"],"prob":1},"fields":{},"normalizations":{}},{"classId":"e_1","part":"s5p1","offsets":[{"start":411,"text":"RARRES3"}],"confidence":{"state":"","who":["user:Ectelion"],"prob":1},"fields":{},"normalizations":{}},{"classId":"e_1","part":"s5p4","offsets":[{"start":68,"text":"TP53"}],"confidence":{"state":"","who":["user:Ectelion"],"prob":1},"fields":{},"normalizations":{}},{"classId":"e_1","part":"s5p4","offsets":[{"start":77,"text":"GATA3"}],"confidence":{"state":"","who":["user:Ectelion"],"prob":1},"fields":{},"normalizations":{}},{"classId":"e_1","part":"s5p4","offsets":[{"start":653,"text":"CDH1"}],"confidence":{"state":"","who":["user:Ectelion"],"prob":1},"fields":{},"normalizations":{}},{"classId":"e_1","part":"s5p4","offsets":[{"start":659,"text":"FBWX7"}],"confidence":{"state":"","who":["user:Ectelion"],"prob":1},"fields":{},"normalizations":{}},{"classId":"e_1","part":"s5p4","offsets":[{"start":666,"text":"ESR1"}],"confidence":{"state":"","who":["user:Ectelion"],"prob":1},"fields":{},"normalizations":{}},{"classId":"e_1","part":"s5p4","offsets":[{"start":672,"text":"RB1CC1"}],"confidence":{"state":"","who":["user:Ectelion"],"prob":1},"fields":{},"normalizations":{}},{"classId":"e_1","part":"s5p4","offsets":[{"start":680,"text":"TP53I3"}],"confidence":{"state":"","who":["user:Ectelion"],"prob":1},"fields":{},"normalizations":{}},{"classId":"e_1","part":"s5p4","offsets":[{"start":692,"text":"XBP1"}],"confidence":{"state":"","who":["user:Ectelion"],"prob":1},"fields":{},"normalizations":{}},{"classId":"e_1","part":"s5p4","offsets":[{"start":755,"text":"CDH1"}],"confidence":{"state":"","who":["user:Ectelion"],"prob":1},"fields":{},"normalizations":{}},{"classId":"e_1","part":"s5p4","offsets":[{"start":771,"text":"ESR1"}],"confidence":{"state":"","who":["user:Ectelion"],"prob":1},"fields":{},"normalizations":{}},{"classId":"e_1","part":"s5p4","offsets":[{"start":864,"text":"RB1CC1"}],"confidence":{"state":"","who":["user:Ectelion"],"prob":1},"fields":{},"normalizations":{}},{"classId":"e_2","part":"s5p4","offsets":[{"start":924,"text":"R1514C"}],"confidence":{"state":"","who":["user:Ectelion"],"prob":1},"fields":{},"normalizations":{}},{"classId":"e_2","part":"s5p4","offsets":[{"start":1064,"text":"M180K"}],"confidence":{"state":"","who":["user:Ectelion"],"prob":1},"fields":{},"normalizations":{}},{"classId":"e_1","part":"s5p4","offsets":[{"start":1073,"text":"TP53I3"}],"confidence":{"state":"","who":["user:Ectelion"],"prob":1},"fields":{},"normalizations":{}},{"classId":"e_1","part":"s5p4","offsets":[{"start":1184,"text":"ESR1"}],"confidence":{"state":"","who":["user:Ectelion"],"prob":1},"fields":{},"normalizations":{}},{"classId":"e_2","part":"s5p4","offsets":[{"start":1192,"text":"H6Y"}],"confidence":{"state":"","who":["user:Ectelion"],"prob":1},"fields":{},"normalizations":{}},{"classId":"e_1","part":"s5p4","offsets":[{"start":1294,"text":"FBXW7"}],"confidence":{"state":"","who":["user:Ectelion"],"prob":1},"fields":{},"normalizations":{}},{"classId":"e_2","part":"s5p4","offsets":[{"start":1310,"text":"E117K"}],"confidence":{"state":"","who":["user:Ectelion"],"prob":1},"fields":{},"normalizations":{}},{"classId":"e_1","part":"s5p4","offsets":[{"start":1491,"text":"CDH1"}],"confidence":{"state":"","who":["user:Ectelion"],"prob":1},"fields":{},"normalizations":{}},{"classId":"e_2","part":"s5p4","offsets":[{"start":1505,"text":"M282I"}],"confidence":{"state":"","who":["user:Ectelion"],"prob":1},"fields":{},"normalizations":{}},{"classId":"e_2","part":"s5p4","offsets":[{"start":1579,"text":"D777N"}],"confidence":{"state":"","who":["user:Ectelion"],"prob":1},"fields":{},"normalizations":{}},{"classId":"e_1","part":"s5p4","offsets":[{"start":1624,"text":"ESR1"}],"confidence":{"state":"","who":["user:Ectelion"],"prob":1},"fields":{},"normalizations":{}},{"classId":"e_2","part":"s5p4","offsets":[{"start":1633,"text":"M264I"}],"confidence":{"state":"","who":["user:Ectelion"],"prob":1},"fields":{},"normalizations":{}},{"classId":"e_1","part":"s5p4","offsets":[{"start":1675,"text":"XBP1"}],"confidence":{"state":"","who":["user:Ectelion"],"prob":1},"fields":{},"normalizations":{}},{"classId":"e_2","part":"s5p4","offsets":[{"start":1692,"text":"R232K"}],"confidence":{"state":"","who":["user:Ectelion"],"prob":1},"fields":{},"normalizations":{}},{"classId":"e_1","part":"s5p5","offsets":[{"start":3,"text":"FZD7"}],"confidence":{"state":"","who":["user:Ectelion"],"prob":1},"fields":{},"normalizations":{}},{"classId":"e_2","part":"s5p5","offsets":[{"start":46,"text":"L23L"}],"confidence":{"state":"","who":["user:Ectelion"],"prob":1},"fields":{},"normalizations":{}},{"classId":"e_2","part":"s5p5","offsets":[{"start":55,"text":"L26L"}],"confidence":{"state":"","who":["user:Ectelion"],"prob":1},"fields":{},"normalizations":{}},{"classId":"e_2","part":"s5p5","offsets":[{"start":107,"text":"SNP in codon 24"}],"confidence":{"state":"","who":["user:Ectelion"],"prob":1},"fields":{},"normalizations":{}},{"classId":"e_2","part":"s5p5","offsets":[{"start":243,"text":"G24S"}],"confidence":{"state":"","who":["user:Ectelion"],"prob":1},"fields":{},"normalizations":{}},{"classId":"e_1","part":"s5p6","offsets":[{"start":245,"text":"CDH1"}],"confidence":{"state":"","who":["user:Ectelion"],"prob":1},"fields":{},"normalizations":{}},{"classId":"e_1","part":"s5p6","offsets":[{"start":320,"text":"CDH1"}],"confidence":{"state":"","who":["user:Ectelion"],"prob":1},"fields":{},"normalizations":{}},{"classId":"e_1","part":"s5p6","offsets":[{"start":499,"text":"CDH1"}],"confidence":{"state":"","who":["user:Ectelion"],"prob":1},"fields":{},"normalizations":{}},{"classId":"e_1","part":"s5p7","offsets":[{"start":318,"text":"CDH1"}],"confidence":{"state":"","who":["user:Ectelion"],"prob":1},"fields":{},"normalizations":{}},{"classId":"e_1","part":"s5p7","offsets":[{"start":324,"text":"CAV1"}],"confidence":{"state":"","who":["user:Ectelion"],"prob":1},"fields":{},"normalizations":{}},{"classId":"e_1","part":"s5p7","offsets":[{"start":330,"text":"FBXW7"}],"confidence":{"state":"","who":["user:Ectelion"],"prob":1},"fields":{},"normalizations":{}},{"classId":"e_1","part":"s5p7","offsets":[{"start":337,"text":"PIM1"}],"confidence":{"state":"","who":["user:Ectelion"],"prob":1},"fields":{},"normalizations":{}},{"classId":"e_1","part":"s5p7","offsets":[{"start":343,"text":"PIN1"}],"confidence":{"state":"","who":["user:Ectelion"],"prob":1},"fields":{},"normalizations":{}},{"classId":"e_1","part":"s5p7","offsets":[{"start":349,"text":"TP53"}],"confidence":{"state":"","who":["user:Ectelion"],"prob":1},"fields":{},"normalizations":{}},{"classId":"e_1","part":"s5p7","offsets":[{"start":355,"text":"TP53I3"}],"confidence":{"state":"","who":["user:Ectelion"],"prob":1},"fields":{},"normalizations":{}},{"classId":"e_1","part":"s5p7","offsets":[{"start":363,"text":"RB1CC1"}],"confidence":{"state":"","who":["user:Ectelion"],"prob":1},"fields":{},"normalizations":{}},{"classId":"e_1","part":"s5p7","offsets":[{"start":371,"text":"FZD7"}],"confidence":{"state":"","who":["user:Ectelion"],"prob":1},"fields":{},"normalizations":{}},{"classId":"e_1","part":"s5p7","offsets":[{"start":381,"text":"CDK5"}],"confidence":{"state":"","who":["user:Ectelion"],"prob":1},"fields":{},"normalizations":{}},{"classId":"e_1","part":"s5p7","offsets":[{"start":752,"text":"FBXW7"}],"confidence":{"state":"","who":["user:Ectelion"],"prob":1},"fields":{},"normalizations":{}},{"classId":"e_1","part":"s5p7","offsets":[{"start":762,"text":"PIN1"}],"confidence":{"state":"","who":["user:Ectelion"],"prob":1},"fields":{},"normalizations":{}},{"classId":"e_1","part":"s6p4","offsets":[{"start":149,"text":"RB1CC1"}],"confidence":{"state":"","who":["user:Ectelion"],"prob":1},"fields":{},"normalizations":{}},{"classId":"e_2","part":"s6p4","offsets":[{"start":391,"text":"R1514C"}],"confidence":{"state":"","who":["user:Ectelion"],"prob":1},"fields":{},"normalizations":{}},{"classId":"e_1","part":"s6p4","offsets":[{"start":503,"text":"PIN1"}],"confidence":{"state":"","who":["user:Ectelion"],"prob":1},"fields":{},"normalizations":{}},{"classId":"e_1","part":"s6p4","offsets":[{"start":672,"text":"FBXW7"}],"confidence":{"state":"","who":["user:Ectelion"],"prob":1},"fields":{},"normalizations":{}},{"classId":"e_2","part":"s6p4","offsets":[{"start":702,"text":"E117K"}],"confidence":{"state":"","who":["user:Ectelion"],"prob":1},"fields":{},"normalizations":{}},{"classId":"e_1","part":"s6p4","offsets":[{"start":862,"text":"FBXW7"}],"confidence":{"state":"","who":["user:Ectelion"],"prob":1},"fields":{},"normalizations":{}},{"classId":"e_1","part":"s6p6","offsets":[{"start":141,"text":"ESR1"}],"confidence":{"state":"","who":["user:Ectelion"],"prob":1},"fields":{},"normalizations":{}},{"classId":"e_1","part":"s6p6","offsets":[{"start":147,"text":"GATA3"}],"confidence":{"state":"","who":["user:Ectelion"],"prob":1},"fields":{},"normalizations":{}},{"classId":"e_1","part":"s6p6","offsets":[{"start":158,"text":"CDH1"}],"confidence":{"state":"","who":["user:Ectelion"],"prob":1},"fields":{},"normalizations":{}},{"classId":"e_1","part":"s6p6","offsets":[{"start":233,"text":"estrogen receptor"}],"confidence":{"state":"","who":["user:Ectelion"],"prob":1},"fields":{},"normalizations":{}},{"classId":"e_1","part":"s6p6","offsets":[{"start":264,"text":"estrogen receptor"}],"confidence":{"state":"","who":["user:Ectelion"],"prob":1},"fields":{},"normalizations":{}},{"classId":"e_1","part":"s6p6","offsets":[{"start":337,"text":"GATA3"}],"confidence":{"state":"","who":["user:Ectelion"],"prob":1},"fields":{},"normalizations":{}},{"classId":"e_1","part":"s6p6","offsets":[{"start":347,"text":"ESR1"}],"confidence":{"state":"","who":["user:Ectelion"],"prob":1},"fields":{},"normalizations":{}},{"classId":"e_1","part":"s6p6","offsets":[{"start":396,"text":"estrogen receptor"}],"confidence":{"state":"","who":["user:Ectelion"],"prob":1},"fields":{},"normalizations":{}},{"classId":"e_1","part":"s6p8","offsets":[{"start":153,"text":"TP53"}],"confidence":{"state":"","who":["user:Ectelion"],"prob":1},"fields":{},"normalizations":{}},{"classId":"e_1","part":"s6p8","offsets":[{"start":923,"text":"TP53"}],"confidence":{"state":"","who":["user:Ectelion"],"prob":1},"fields":{},"normalizations":{}},{"classId":"e_1","part":"s12f1p1","offsets":[{"start":416,"text":"ER"}],"confidence":{"state":"","who":["user:Ectelion"],"prob":1},"fields":{},"normalizations":{}},{"classId":"e_1","part":"s12f1p1","offsets":[{"start":474,"text":"ESR1"}],"confidence":{"state":"","who":["user:Ectelion"],"prob":1},"fields":{},"normalizations":{}},{"classId":"e_1","part":"s12f1p1","offsets":[{"start":480,"text":"GATA3"}],"confidence":{"state":"","who":["user:Ectelion"],"prob":1},"fields":{},"normalizations":{}},{"classId":"e_1","part":"s12f1p1","offsets":[{"start":487,"text":"FOXA1"}],"confidence":{"state":"","who":["user:Ectelion"],"prob":1},"fields":{},"normalizations":{}},{"classId":"e_1","part":"s12f1p1","offsets":[{"start":498,"text":"XBP1"}],"confidence":{"state":"","who":["user:Ectelion"],"prob":1},"fields":{},"normalizations":{}},{"classId":"e_1","part":"s12f1p1","offsets":[{"start":553,"text":"STK6"}],"confidence":{"state":"","who":["user:Ectelion"],"prob":1},"fields":{},"normalizations":{}},{"classId":"e_1","part":"s12f1p1","offsets":[{"start":559,"text":"MYBL2"}],"confidence":{"state":"","who":["user:Ectelion"],"prob":1},"fields":{},"normalizations":{}},{"classId":"e_1","part":"s12f1p1","offsets":[{"start":570,"text":"PLK1"}],"confidence":{"state":"","who":["user:Ectelion"],"prob":1},"fields":{},"normalizations":{}},{"classId":"e_1","part":"s12f1p1","offsets":[{"start":632,"text":"FOXC1"}],"confidence":{"state":"","who":["user:Ectelion"],"prob":1},"fields":{},"normalizations":{}},{"classId":"e_1","part":"s12f1p1","offsets":[{"start":642,"text":"FZD7"}],"confidence":{"state":"","who":["user:Ectelion"],"prob":1},"fields":{},"normalizations":{}},{"classId":"e_1","part":"s12f1p1","offsets":[{"start":949,"text":"FBXW7"}],"confidence":{"state":"","who":["user:Ectelion"],"prob":1},"fields":{},"normalizations":{}},{"classId":"e_1","part":"s12f1p1","offsets":[{"start":959,"text":"PIN1"}],"confidence":{"state":"","who":["user:Ectelion"],"prob":1},"fields":{},"normalizations":{}},{"classId":"e_1","part":"s12f1p1","offsets":[{"start":1089,"text":"ER"}],"confidence":{"state":"","who":["user:Ectelion"],"prob":1},"fields":{},"normalizations":{}},{"classId":"e_1","part":"s12f1p1","offsets":[{"start":1093,"text":"estrogen receptor"}],"confidence":{"state":"","who":["user:Ectelion"],"prob":1},"fields":{},"normalizations":{}}],"relations":[{"classId":"r_6","type":"linked","directed":false,"entities":["s3p2|212,217","s3p2|507,511"],"confidence":{"state":"","who":["user:Ectelion"],"prob":1}},{"classId":"r_6","type":"linked","directed":false,"entities":["s3p2|212,217","s3p2|516,522"],"confidence":{"state":"","who":["user:Ectelion"],"prob":1}},{"classId":"r_6","type":"linked","directed":false,"entities":["s3p2|212,217","s3p2|990,996"],"confidence":{"state":"","who":["user:Ectelion"],"prob":1}},{"classId":"r_5","type":"linked","directed":false,"entities":["s5p4|864,870","s5p4|924,930"],"confidence":{"state":"","who":["user:Ectelion"],"prob":1}},{"classId":"r_5","type":"linked","directed":false,"entities":["s5p4|1073,1079","s5p4|1064,1069"],"confidence":{"state":"","who":["user:Ectelion"],"prob":1}},{"classId":"r_5","type":"linked","directed":false,"entities":["s5p4|1184,1188","s5p4|1192,1195"],"confidence":{"state":"","who":["user:Ectelion"],"prob":1}},{"classId":"r_5","type":"linked","directed":false,"entities":["s5p4|1294,1299","s5p4|1310,1315"],"confidence":{"state":"","who":["user:Ectelion"],"prob":1}},{"classId":"r_5","type":"linked","directed":false,"entities":["s5p4|1491,1495","s5p4|1505,1510"],"confidence":{"state":"","who":["user:Ectelion"],"prob":1}},{"classId":"r_5","type":"linked","directed":false,"entities":["s5p4|1491,1495","s5p4|1579,1584"],"confidence":{"state":"","who":["user:Ectelion"],"prob":1}},{"classId":"r_5","type":"linked","directed":false,"entities":["s5p4|1624,1628","s5p4|1633,1638"],"confidence":{"state":"","who":["user:Ectelion"],"prob":1}},{"classId":"r_5","type":"linked","directed":false,"entities":["s5p4|1675,1679","s5p4|1692,1697"],"confidence":{"state":"","who":["user:Ectelion"],"prob":1}},{"classId":"r_5","type":"linked","directed":false,"entities":["s5p5|3,7","s5p5|46,50"],"confidence":{"state":"","who":["user:Ectelion"],"prob":1}},{"classId":"r_5","type":"linked","directed":false,"entities":["s5p5|3,7","s5p5|55,59"],"confidence":{"state":"","who":["user:Ectelion"],"prob":1}},{"classId":"r_5","type":"linked","directed":false,"entities":["s5p5|3,7","s5p5|243,247"],"confidence":{"state":"","who":["user:Ectelion"],"prob":1}},{"classId":"r_5","type":"linked","directed":false,"entities":["s5p5|3,7","s5p5|107,122"],"confidence":{"state":"","who":["user:Ectelion"],"prob":1}},{"classId":"r_5","type":"linked","directed":false,"entities":["s6p4|149,155","s6p4|391,397"],"confidence":{"state":"","who":["user:Ectelion"],"prob":1}},{"classId":"r_5","type":"linked","directed":false,"entities":["s6p4|672,677","s6p4|702,707"],"confidence":{"state":"","who":["user:Ectelion"],"prob":1}}],"metas":{},"annotatable":{"parts":["s1h1","s2h1","s2s1h1","s2s1p1","s2s2h1","s2s2p1","s2s3h1","s2s3p1","s2s4h1","s2s4p1","s3h1","s3p1","s3p2","s3p3","s4h1","s4s1h1","s4s1p1","s4s1p2","s4s1p3","s4s1p4","s4s1p5","s4s1p6","s4s2h1","s4s2p1","s4s2p2","s5h1","s5p1","s5p2","s5p3","s5p4","s5p5","s5p6","s5p7","s6h1","s6p1","s6p2","s6p3","s6p4","s6p5","s6p6","s6p7","s6p8","s7h1","s7p1","s11h1","s12f1p1","s12f2p1","s12f3p1"]}}