{"anncomplete":false,"sources":[{"name":"ORIG","id":"15546125","url":"http://www.ncbi.nlm.nih.gov/pubmed/15546125"},{"name":"PMID","id":"15546125","url":"http://www.ncbi.nlm.nih.gov/pubmed/15546125"}],"entities":[{"classId":"e_1","part":"s1h1","offsets":[{"start":114,"text":"alpha-aminoadipate reductase Lys1p"}],"confidence":{"state":"","who":["user:Ectelion"],"prob":1},"fields":{},"normalizations":{}},{"classId":"e_1","part":"s1h1","offsets":[{"start":150,"text":"AAR"}],"confidence":{"state":"","who":["user:Ectelion"],"prob":1},"fields":{},"normalizations":{}},{"classId":"e_1","part":"s1h1","offsets":[{"start":163,"text":"phosphopantetheinyl transferase Lys7p"}],"confidence":{"state":"","who":["user:Ectelion"],"prob":1},"fields":{},"normalizations":{}},{"classId":"e_1","part":"s1h1","offsets":[{"start":202,"text":"PPTase"}],"confidence":{"state":"","who":["user:Ectelion"],"prob":1},"fields":{},"normalizations":{}},{"classId":"e_3","part":"s1h1","offsets":[{"start":215,"text":"Schizosaccharomyces pombe"}],"confidence":{"state":"","who":["user:Ectelion"],"prob":1},"fields":{},"normalizations":{}},{"classId":"e_1","part":"s2p1","offsets":[{"start":0,"text":"Alpha-aminoadipate reductase"}],"confidence":{"state":"","who":["user:Ectelion"],"prob":1},"fields":{},"normalizations":{}},{"classId":"e_1","part":"s2p1","offsets":[{"start":30,"text":"AAR"}],"confidence":{"state":"","who":["user:Ectelion"],"prob":1},"fields":{},"normalizations":{}},{"classId":"e_3","part":"s2p1","offsets":[{"start":209,"text":"Saccharomyces cerevisiae"}],"confidence":{"state":"","who":["user:Ectelion"],"prob":1},"fields":{},"normalizations":{}},{"classId":"e_3","part":"s2p1","offsets":[{"start":238,"text":"Candida albicans"}],"confidence":{"state":"","who":["user:Ectelion"],"prob":1},"fields":{},"normalizations":{}},{"classId":"e_1","part":"s2p1","offsets":[{"start":260,"text":"LYS2-encoded AAR"}],"confidence":{"state":"","who":["user:Ectelion"],"prob":1},"fields":{},"normalizations":{}},{"classId":"e_1","part":"s2p1","offsets":[{"start":313,"text":"CoA and the LYS5-encoded PPTase"}],"confidence":{"state":"","who":["user:Ectelion"],"prob":1},"fields":{},"normalizations":{}},{"classId":"e_3","part":"s2p1","offsets":[{"start":350,"text":"fission yeast"}],"confidence":{"state":"","who":["user:Ectelion"],"prob":1},"fields":{},"normalizations":{}},{"classId":"e_3","part":"s2p1","offsets":[{"start":364,"text":"Schizosaccharomyces pombe"}],"confidence":{"state":"","who":["user:Ectelion"],"prob":1},"fields":{},"normalizations":{}},{"classId":"e_3","part":"s2p1","offsets":[{"start":429,"text":"S. cerevisiae"}],"confidence":{"state":"","who":["user:Ectelion"],"prob":1},"fields":{},"normalizations":{}},{"classId":"e_3","part":"s2p1","offsets":[{"start":447,"text":"C. albicans"}],"confidence":{"state":"","who":["user:Ectelion"],"prob":1},"fields":{},"normalizations":{}},{"classId":"e_3","part":"s2p1","offsets":[{"start":521,"text":"Sz. pombe"}],"confidence":{"state":"","who":["user:Ectelion"],"prob":1},"fields":{},"normalizations":{}},{"classId":"e_1","part":"s2p1","offsets":[{"start":531,"text":"Lys1p"}],"confidence":{"state":"","who":["user:Ectelion"],"prob":1},"fields":{},"normalizations":{}},{"classId":"e_1","part":"s2p1","offsets":[{"start":541,"text":"Lys7p"}],"confidence":{"state":"","who":["user:Ectelion"],"prob":1},"fields":{},"normalizations":{}},{"classId":"e_1","part":"s2p1","offsets":[{"start":565,"text":"Lys2p (AAR)"}],"confidence":{"state":"","who":["user:Ectelion"],"prob":1},"fields":{},"normalizations":{}},{"classId":"e_1","part":"s2p1","offsets":[{"start":581,"text":"Lys5p (PPTase)"}],"confidence":{"state":"","who":["user:Ectelion"],"prob":1},"fields":{},"normalizations":{}},{"classId":"e_1","part":"s2p1","offsets":[{"start":622,"text":"Lys2p"}],"confidence":{"state":"","who":["user:Ectelion"],"prob":1},"fields":{},"normalizations":{}},{"classId":"e_3","part":"s2p1","offsets":[{"start":633,"text":"S. cerevisiae"}],"confidence":{"state":"","who":["user:Ectelion"],"prob":1},"fields":{},"normalizations":{}},{"classId":"e_3","part":"s2p1","offsets":[{"start":651,"text":"C. albicans"}],"confidence":{"state":"","who":["user:Ectelion"],"prob":1},"fields":{},"normalizations":{}},{"classId":"e_3","part":"s2p1","offsets":[{"start":668,"text":"Sz. pombe"}],"confidence":{"state":"","who":["user:Ectelion"],"prob":1},"fields":{},"normalizations":{}},{"classId":"e_1","part":"s2p1","offsets":[{"start":678,"text":"Lys1p"}],"confidence":{"state":"","who":["user:Ectelion"],"prob":1},"fields":{},"normalizations":{}},{"classId":"e_3","part":"s2p1","offsets":[{"start":713,"text":"E. coli"}],"confidence":{"state":"","who":["user:Ectelion"],"prob":1},"fields":{},"normalizations":{}},{"classId":"e_1","part":"s2p1","offsets":[{"start":747,"text":"AAR"}],"confidence":{"state":"","who":["user:Ectelion"],"prob":1},"fields":{},"normalizations":{}},{"classId":"e_3","part":"s2p1","offsets":[{"start":795,"text":"Sz. pombe"}],"confidence":{"state":"","who":["user:Ectelion"],"prob":1},"fields":{},"normalizations":{}},{"classId":"e_1","part":"s2p1","offsets":[{"start":805,"text":"Lys7p intron free PPTase"}],"confidence":{"state":"","who":["user:Ectelion"],"prob":1},"fields":{},"normalizations":{}},{"classId":"e_1","part":"s2p1","offsets":[{"start":847,"text":"AAR"}],"confidence":{"state":"","who":["user:Ectelion"],"prob":1},"fields":{},"normalizations":{}},{"classId":"e_3","part":"s2p1","offsets":[{"start":906,"text":"Sz. pombe"}],"confidence":{"state":"","who":["user:Ectelion"],"prob":1},"fields":{},"normalizations":{}},{"classId":"e_1","part":"s2p1","offsets":[{"start":916,"text":"Lys7p PPTase"}],"confidence":{"state":"","who":["user:Ectelion"],"prob":1},"fields":{},"normalizations":{}},{"classId":"e_2","part":"s2p1","offsets":[{"start":946,"text":"G910A"}],"confidence":{"state":"","who":["user:Ectelion"],"prob":1},"fields":{},"normalizations":{}},{"classId":"e_2","part":"s2p1","offsets":[{"start":953,"text":"S913T"}],"confidence":{"state":"","who":["user:Ectelion"],"prob":1},"fields":{},"normalizations":{}},{"classId":"e_2","part":"s2p1","offsets":[{"start":962,"text":"S913A"}],"confidence":{"state":"","who":["user:Ectelion"],"prob":1},"fields":{},"normalizations":{}},{"classId":"e_3","part":"s2p1","offsets":[{"start":975,"text":"Sz. pombe"}],"confidence":{"state":"","who":["user:Ectelion"],"prob":1},"fields":{},"normalizations":{}},{"classId":"e_1","part":"s2p1","offsets":[{"start":985,"text":"Lys1p"}],"confidence":{"state":"","who":["user:Ectelion"],"prob":1},"fields":{},"normalizations":{}},{"classId":"e_1","part":"s2p1","offsets":[{"start":1033,"text":"AAR"}],"confidence":{"state":"","who":["user:Ectelion"],"prob":1},"fields":{},"normalizations":{}},{"classId":"e_3","part":"s2p1","offsets":[{"start":1110,"text":"Sz. pombe"}],"confidence":{"state":"","who":["user:Ectelion"],"prob":1},"fields":{},"normalizations":{}},{"classId":"e_1","part":"s2p1","offsets":[{"start":1120,"text":"Lys7p PPTase"}],"confidence":{"state":"","who":["user:Ectelion"],"prob":1},"fields":{},"normalizations":{}},{"classId":"e_2","part":"s2p1","offsets":[{"start":1141,"text":"G79A, R80K and P81A in Core 1"}],"confidence":{"state":"","who":["user:Ectelion"],"prob":1},"fields":{},"normalizations":{}},{"classId":"e_2","part":"s2p1","offsets":[{"start":1172,"text":"F93W, D94E, F95W and N96D in Core 1a"}],"confidence":{"state":"","who":["user:Ectelion"],"prob":1},"fields":{},"normalizations":{}},{"classId":"e_2","part":"s2p1","offsets":[{"start":1210,"text":"G124A, V125I and D126E in Core 2"}],"confidence":{"state":"","who":["user:Ectelion"],"prob":1},"fields":{},"normalizations":{}},{"classId":"e_2","part":"s2p1","offsets":[{"start":1244,"text":"K172R, E173D and K177R in Core 3"}],"confidence":{"state":"","who":["user:Ectelion"],"prob":1},"fields":{},"normalizations":{}},{"classId":"e_1","part":"s2p1","offsets":[{"start":1312,"text":"Lys1p"}],"confidence":{"state":"","who":["user:Ectelion"],"prob":1},"fields":{},"normalizations":{}},{"classId":"e_1","part":"s2p1","offsets":[{"start":1325,"text":"AAR"}],"confidence":{"state":"","who":["user:Ectelion"],"prob":1},"fields":{},"normalizations":{}},{"classId":"e_3","part":"s2p1","offsets":[{"start":1343,"text":"Sz. pombe"}],"confidence":{"state":"","who":["user:Ectelion"],"prob":1},"fields":{},"normalizations":{}},{"classId":"e_1","part":"s2p1","offsets":[{"start":1353,"text":"Lys1p"}],"confidence":{"state":"","who":["user:Ectelion"],"prob":1},"fields":{},"normalizations":{}},{"classId":"e_3","part":"s2p1","offsets":[{"start":1423,"text":"fungal"}],"confidence":{"state":"","who":["user:Ectelion"],"prob":1},"fields":{},"normalizations":{}},{"classId":"e_1","part":"s2p1","offsets":[{"start":1430,"text":"Lys2p"}],"confidence":{"state":"","who":["user:Ectelion"],"prob":1},"fields":{},"normalizations":{}},{"classId":"e_1","part":"s2p1","offsets":[{"start":1459,"text":"Lys7p"}],"confidence":{"state":"","who":["user:Ectelion"],"prob":1},"fields":{},"normalizations":{}},{"classId":"e_3","part":"s2p1","offsets":[{"start":1533,"text":"fungal"}],"confidence":{"state":"","who":["user:Ectelion"],"prob":1},"fields":{},"normalizations":{}}],"relations":[{"classId":"r_6","type":"linked","directed":false,"entities":["s1h1|215,240","s1h1|163,200"],"confidence":{"state":"","who":["user:Ectelion"],"prob":1}},{"classId":"r_6","type":"linked","directed":false,"entities":["s1h1|215,240","s1h1|114,148"],"confidence":{"state":"","who":["user:Ectelion"],"prob":1}},{"classId":"r_6","type":"linked","directed":false,"entities":["s1h1|215,240","s1h1|150,153"],"confidence":{"state":"","who":["user:Ectelion"],"prob":1}},{"classId":"r_6","type":"linked","directed":false,"entities":["s2p1|209,233","s2p1|313,344"],"confidence":{"state":"","who":["user:Ectelion"],"prob":1}},{"classId":"r_6","type":"linked","directed":false,"entities":["s2p1|238,254","s2p1|313,344"],"confidence":{"state":"","who":["user:Ectelion"],"prob":1}},{"classId":"r_6","type":"linked","directed":false,"entities":["s2p1|260,276","s2p1|238,254"],"confidence":{"state":"","who":["user:Ectelion"],"prob":1}},{"classId":"r_6","type":"linked","directed":false,"entities":["s2p1|260,276","s2p1|209,233"],"confidence":{"state":"","who":["user:Ectelion"],"prob":1}},{"classId":"r_6","type":"linked","directed":false,"entities":["s2p1|521,530","s2p1|531,536"],"confidence":{"state":"","who":["user:Ectelion"],"prob":1}},{"classId":"r_6","type":"linked","directed":false,"entities":["s2p1|521,530","s2p1|541,546"],"confidence":{"state":"","who":["user:Ectelion"],"prob":1}},{"classId":"r_6","type":"linked","directed":false,"entities":["s2p1|521,530","s2p1|565,576"],"confidence":{"state":"","who":["user:Ectelion"],"prob":1}},{"classId":"r_6","type":"linked","directed":false,"entities":["s2p1|521,530","s2p1|581,595"],"confidence":{"state":"","who":["user:Ectelion"],"prob":1}},{"classId":"r_6","type":"linked","directed":false,"entities":["s2p1|622,627","s2p1|633,646"],"confidence":{"state":"","who":["user:Ectelion"],"prob":1}},{"classId":"r_6","type":"linked","directed":false,"entities":["s2p1|622,627","s2p1|651,662"],"confidence":{"state":"","who":["user:Ectelion"],"prob":1}},{"classId":"r_6","type":"linked","directed":false,"entities":["s2p1|668,677","s2p1|678,683"],"confidence":{"state":"","who":["user:Ectelion"],"prob":1}},{"classId":"r_6","type":"linked","directed":false,"entities":["s2p1|795,804","s2p1|805,829"],"confidence":{"state":"","who":["user:Ectelion"],"prob":1}},{"classId":"r_6","type":"linked","directed":false,"entities":["s2p1|906,915","s2p1|916,928"],"confidence":{"state":"","who":["user:Ectelion"],"prob":1}},{"classId":"r_6","type":"linked","directed":false,"entities":["s2p1|975,984","s2p1|985,990"],"confidence":{"state":"","who":["user:Ectelion"],"prob":1}},{"classId":"r_5","type":"linked","directed":false,"entities":["s2p1|985,990","s2p1|946,951"],"confidence":{"state":"","who":["user:Ectelion"],"prob":1}},{"classId":"r_5","type":"linked","directed":false,"entities":["s2p1|985,990","s2p1|953,958"],"confidence":{"state":"","who":["user:Ectelion"],"prob":1}},{"classId":"r_5","type":"linked","directed":false,"entities":["s2p1|985,990","s2p1|962,967"],"confidence":{"state":"","who":["user:Ectelion"],"prob":1}},{"classId":"r_6","type":"linked","directed":false,"entities":["s2p1|1110,1119","s2p1|1120,1132"],"confidence":{"state":"","who":["user:Ectelion"],"prob":1}},{"classId":"r_5","type":"linked","directed":false,"entities":["s2p1|1120,1132","s2p1|1141,1170"],"confidence":{"state":"","who":["user:Ectelion"],"prob":1}},{"classId":"r_5","type":"linked","directed":false,"entities":["s2p1|1120,1132","s2p1|1172,1208"],"confidence":{"state":"","who":["user:Ectelion"],"prob":1}},{"classId":"r_5","type":"linked","directed":false,"entities":["s2p1|1120,1132","s2p1|1210,1242"],"confidence":{"state":"","who":["user:Ectelion"],"prob":1}},{"classId":"r_5","type":"linked","directed":false,"entities":["s2p1|1120,1132","s2p1|1244,1276"],"confidence":{"state":"","who":["user:Ectelion"],"prob":1}},{"classId":"r_6","type":"linked","directed":false,"entities":["s2p1|1343,1352","s2p1|1353,1358"],"confidence":{"state":"","who":["user:Ectelion"],"prob":1}}],"metas":{},"annotatable":{"parts":["s1h1","s2h1","s2p1"]}}